RegionName,City,State,Metro,CountyName,SizeRank,Month,MedianListingPrice
Columbia Heights,Washington,DC,Washington,District of Columbia,247,2010-01,
Columbia Heights,Washington,DC,Washington,District of Columbia,247,2010-02,
Columbia Heights,Washington,DC,Washington,District of Columbia,247,2010-03,
Columbia Heights,Washington,DC,Washington,District of Columbia,247,2010-04,
Columbia Heights,Washington,DC,Washington,District of Columbia,247,2010-05,
Columbia Heights,Washington,DC,Washington,District of Columbia,247,2010-06,
Columbia Heights,Washington,DC,Washington,District of Columbia,247,2010-07,
Columbia Heights,Washington,DC,Washington,District of Columbia,247,2010-08,
Columbia Heights,Washington,DC,Washington,District of Columbia,247,2010-09,
Columbia Heights,Washington,DC,Washington,District of Columbia,247,2010-10,
Columbia Heights,Washington,DC,Washington,District of Columbia,247,2010-11,
Columbia Heights,Washington,DC,Washington,District of Columbia,247,2010-12,
Columbia Heights,Washington,DC,Washington,District of Columbia,247,2011-01,
Columbia Heights,Washington,DC,Washington,District of Columbia,247,2011-02,
Columbia Heights,Washington,DC,Washington,District of Columbia,247,2011-03,
Columbia Heights,Washington,DC,Washington,District of Columbia,247,2011-04,
Columbia Heights,Washington,DC,Washington,District of Columbia,247,2011-05,
Columbia Heights,Washington,DC,Washington,District of Columbia,247,2011-06,
Columbia Heights,Washington,DC,Washington,District of Columbia,247,2011-07,
Columbia Heights,Washington,DC,Washington,District of Columbia,247,2011-08,
Columbia Heights,Washington,DC,Washington,District of Columbia,247,2011-09,
Columbia Heights,Washington,DC,Washington,District of Columbia,247,2011-10,
Columbia Heights,Washington,DC,Washington,District of Columbia,247,2011-11,
Columbia Heights,Washington,DC,Washington,District of Columbia,247,2011-12,
Columbia Heights,Washington,DC,Washington,District of Columbia,247,2012-01,
Columbia Heights,Washington,DC,Washington,District of Columbia,247,2012-02,
Columbia Heights,Washington,DC,Washington,District of Columbia,247,2012-03,
Columbia Heights,Washington,DC,Washington,District of Columbia,247,2012-04,
Columbia Heights,Washington,DC,Washington,District of Columbia,247,2012-05,
Columbia Heights,Washington,DC,Washington,District of Columbia,247,2012-06,
Columbia Heights,Washington,DC,Washington,District of Columbia,247,2012-07,
Columbia Heights,Washington,DC,Washington,District of Columbia,247,2012-08,422400
Columbia Heights,Washington,DC,Washington,District of Columbia,247,2012-09,407450
Columbia Heights,Washington,DC,Washington,District of Columbia,247,2012-10,399900
Columbia Heights,Washington,DC,Washington,District of Columbia,247,2012-11,399900
Columbia Heights,Washington,DC,Washington,District of Columbia,247,2012-12,359450
Columbia Heights,Washington,DC,Washington,District of Columbia,247,2013-01,392500
Columbia Heights,Washington,DC,Washington,District of Columbia,247,2013-02,399900
Columbia Heights,Washington,DC,Washington,District of Columbia,247,2013-03,469777.5
Columbia Heights,Washington,DC,Washington,District of Columbia,247,2013-04,485000
Columbia Heights,Washington,DC,Washington,District of Columbia,247,2013-05,499000
Columbia Heights,Washington,DC,Washington,District of Columbia,247,2013-06,487000
Columbia Heights,Washington,DC,Washington,District of Columbia,247,2013-07,475000
Columbia Heights,Washington,DC,Washington,District of Columbia,247,2013-08,474777.5
Columbia Heights,Washington,DC,Washington,District of Columbia,247,2013-09,417450
Columbia Heights,Washington,DC,Washington,District of Columbia,247,2013-10,452450
Columbia Heights,Washington,DC,Washington,District of Columbia,247,2013-11,405000
Columbia Heights,Washington,DC,Washington,District of Columbia,247,2013-12,447000
Columbia Heights,Washington,DC,Washington,District of Columbia,247,2014-01,449000
Columbia Heights,Washington,DC,Washington,District of Columbia,247,2014-02,499900
Columbia Heights,Washington,DC,Washington,District of Columbia,247,2014-03,499949.5
Columbia Heights,Washington,DC,Washington,District of Columbia,247,2014-04,532500
Columbia Heights,Washington,DC,Washington,District of Columbia,247,2014-05,525000
Columbia Heights,Washington,DC,Washington,District of Columbia,247,2014-06,530000
Columbia Heights,Washington,DC,Washington,District of Columbia,247,2014-07,525000
Columbia Heights,Washington,DC,Washington,District of Columbia,247,2014-08,518500
Columbia Heights,Washington,DC,Washington,District of Columbia,247,2014-09,569000
Columbia Heights,Washington,DC,Washington,District of Columbia,247,2014-10,560125
Columbia Heights,Washington,DC,Washington,District of Columbia,247,2014-11,569000
Columbia Heights,Washington,DC,Washington,District of Columbia,247,2014-12,597000
Columbia Heights,Washington,DC,Washington,District of Columbia,247,2015-01,572450
Columbia Heights,Washington,DC,Washington,District of Columbia,247,2015-02,549000
Columbia Heights,Washington,DC,Washington,District of Columbia,247,2015-03,589950
Columbia Heights,Washington,DC,Washington,District of Columbia,247,2015-04,550000
Columbia Heights,Washington,DC,Washington,District of Columbia,247,2015-05,575000
Columbia Heights,Washington,DC,Washington,District of Columbia,247,2015-06,554500
Columbia Heights,Washington,DC,Washington,District of Columbia,247,2015-07,559000
Columbia Heights,Washington,DC,Washington,District of Columbia,247,2015-08,575000
Columbia Heights,Washington,DC,Washington,District of Columbia,247,2015-09,572450
Columbia Heights,Washington,DC,Washington,District of Columbia,247,2015-10,568700
Columbia Heights,Washington,DC,Washington,District of Columbia,247,2015-11,572425
Columbia Heights,Washington,DC,Washington,District of Columbia,247,2015-12,579000
Columbia Heights,Washington,DC,Washington,District of Columbia,247,2016-01,549900
Columbia Heights,Washington,DC,Washington,District of Columbia,247,2016-02,574000
Columbia Heights,Washington,DC,Washington,District of Columbia,247,2016-03,565000
Columbia Heights,Washington,DC,Washington,District of Columbia,247,2016-04,594500
Columbia Heights,Washington,DC,Washington,District of Columbia,247,2016-05,584900
Columbia Heights,Washington,DC,Washington,District of Columbia,247,2016-06,582450
Columbia Heights,Washington,DC,Washington,District of Columbia,247,2016-07,579950
Columbia Heights,Washington,DC,Washington,District of Columbia,247,2016-08,587400
Capitol Hill,Washington,DC,Washington,District of Columbia,311,2010-01,
Capitol Hill,Washington,DC,Washington,District of Columbia,311,2010-02,
Capitol Hill,Washington,DC,Washington,District of Columbia,311,2010-03,
Capitol Hill,Washington,DC,Washington,District of Columbia,311,2010-04,
Capitol Hill,Washington,DC,Washington,District of Columbia,311,2010-05,
Capitol Hill,Washington,DC,Washington,District of Columbia,311,2010-06,
Capitol Hill,Washington,DC,Washington,District of Columbia,311,2010-07,
Capitol Hill,Washington,DC,Washington,District of Columbia,311,2010-08,
Capitol Hill,Washington,DC,Washington,District of Columbia,311,2010-09,
Capitol Hill,Washington,DC,Washington,District of Columbia,311,2010-10,
Capitol Hill,Washington,DC,Washington,District of Columbia,311,2010-11,
Capitol Hill,Washington,DC,Washington,District of Columbia,311,2010-12,
Capitol Hill,Washington,DC,Washington,District of Columbia,311,2011-01,
Capitol Hill,Washington,DC,Washington,District of Columbia,311,2011-02,
Capitol Hill,Washington,DC,Washington,District of Columbia,311,2011-03,
Capitol Hill,Washington,DC,Washington,District of Columbia,311,2011-04,
Capitol Hill,Washington,DC,Washington,District of Columbia,311,2011-05,
Capitol Hill,Washington,DC,Washington,District of Columbia,311,2011-06,
Capitol Hill,Washington,DC,Washington,District of Columbia,311,2011-07,
Capitol Hill,Washington,DC,Washington,District of Columbia,311,2011-08,
Capitol Hill,Washington,DC,Washington,District of Columbia,311,2011-09,
Capitol Hill,Washington,DC,Washington,District of Columbia,311,2011-10,
Capitol Hill,Washington,DC,Washington,District of Columbia,311,2011-11,
Capitol Hill,Washington,DC,Washington,District of Columbia,311,2011-12,
Capitol Hill,Washington,DC,Washington,District of Columbia,311,2012-01,
Capitol Hill,Washington,DC,Washington,District of Columbia,311,2012-02,
Capitol Hill,Washington,DC,Washington,District of Columbia,311,2012-03,
Capitol Hill,Washington,DC,Washington,District of Columbia,311,2012-04,
Capitol Hill,Washington,DC,Washington,District of Columbia,311,2012-05,
Capitol Hill,Washington,DC,Washington,District of Columbia,311,2012-06,
Capitol Hill,Washington,DC,Washington,District of Columbia,311,2012-07,
Capitol Hill,Washington,DC,Washington,District of Columbia,311,2012-08,539500
Capitol Hill,Washington,DC,Washington,District of Columbia,311,2012-09,529950
Capitol Hill,Washington,DC,Washington,District of Columbia,311,2012-10,568500
Capitol Hill,Washington,DC,Washington,District of Columbia,311,2012-11,579450
Capitol Hill,Washington,DC,Washington,District of Columbia,311,2012-12,527337.5
Capitol Hill,Washington,DC,Washington,District of Columbia,311,2013-01,528775
Capitol Hill,Washington,DC,Washington,District of Columbia,311,2013-02,536450
Capitol Hill,Washington,DC,Washington,District of Columbia,311,2013-03,549950
Capitol Hill,Washington,DC,Washington,District of Columbia,311,2013-04,549900
Capitol Hill,Washington,DC,Washington,District of Columbia,311,2013-05,599000
Capitol Hill,Washington,DC,Washington,District of Columbia,311,2013-06,599900
Capitol Hill,Washington,DC,Washington,District of Columbia,311,2013-07,599900
Capitol Hill,Washington,DC,Washington,District of Columbia,311,2013-08,599900
Capitol Hill,Washington,DC,Washington,District of Columbia,311,2013-09,656500
Capitol Hill,Washington,DC,Washington,District of Columbia,311,2013-10,687000
Capitol Hill,Washington,DC,Washington,District of Columbia,311,2013-11,649999.5
Capitol Hill,Washington,DC,Washington,District of Columbia,311,2013-12,685000
Capitol Hill,Washington,DC,Washington,District of Columbia,311,2014-01,649999
Capitol Hill,Washington,DC,Washington,District of Columbia,311,2014-02,550000
Capitol Hill,Washington,DC,Washington,District of Columbia,311,2014-03,597000
Capitol Hill,Washington,DC,Washington,District of Columbia,311,2014-04,640000
Capitol Hill,Washington,DC,Washington,District of Columbia,311,2014-05,619999
Capitol Hill,Washington,DC,Washington,District of Columbia,311,2014-06,624900
Capitol Hill,Washington,DC,Washington,District of Columbia,311,2014-07,644000
Capitol Hill,Washington,DC,Washington,District of Columbia,311,2014-08,672000
Capitol Hill,Washington,DC,Washington,District of Columbia,311,2014-09,672250
Capitol Hill,Washington,DC,Washington,District of Columbia,311,2014-10,649450
Capitol Hill,Washington,DC,Washington,District of Columbia,311,2014-11,600000
Capitol Hill,Washington,DC,Washington,District of Columbia,311,2014-12,599000
Capitol Hill,Washington,DC,Washington,District of Columbia,311,2015-01,574900
Capitol Hill,Washington,DC,Washington,District of Columbia,311,2015-02,559000
Capitol Hill,Washington,DC,Washington,District of Columbia,311,2015-03,600000
Capitol Hill,Washington,DC,Washington,District of Columbia,311,2015-04,625000
Capitol Hill,Washington,DC,Washington,District of Columbia,311,2015-05,634500
Capitol Hill,Washington,DC,Washington,District of Columbia,311,2015-06,659500
Capitol Hill,Washington,DC,Washington,District of Columbia,311,2015-07,649000
Capitol Hill,Washington,DC,Washington,District of Columbia,311,2015-08,675000
Capitol Hill,Washington,DC,Washington,District of Columbia,311,2015-09,699000
Capitol Hill,Washington,DC,Washington,District of Columbia,311,2015-10,649900
Capitol Hill,Washington,DC,Washington,District of Columbia,311,2015-11,630000
Capitol Hill,Washington,DC,Washington,District of Columbia,311,2015-12,675000
Capitol Hill,Washington,DC,Washington,District of Columbia,311,2016-01,639750
Capitol Hill,Washington,DC,Washington,District of Columbia,311,2016-02,668750
Capitol Hill,Washington,DC,Washington,District of Columbia,311,2016-03,659000
Capitol Hill,Washington,DC,Washington,District of Columbia,311,2016-04,729900
Capitol Hill,Washington,DC,Washington,District of Columbia,311,2016-05,729000
Capitol Hill,Washington,DC,Washington,District of Columbia,311,2016-06,730000
Capitol Hill,Washington,DC,Washington,District of Columbia,311,2016-07,732200
Capitol Hill,Washington,DC,Washington,District of Columbia,311,2016-08,699944.5
Petworth,Washington,DC,Washington,District of Columbia,455,2010-01,
Petworth,Washington,DC,Washington,District of Columbia,455,2010-02,
Petworth,Washington,DC,Washington,District of Columbia,455,2010-03,
Petworth,Washington,DC,Washington,District of Columbia,455,2010-04,
Petworth,Washington,DC,Washington,District of Columbia,455,2010-05,
Petworth,Washington,DC,Washington,District of Columbia,455,2010-06,
Petworth,Washington,DC,Washington,District of Columbia,455,2010-07,
Petworth,Washington,DC,Washington,District of Columbia,455,2010-08,
Petworth,Washington,DC,Washington,District of Columbia,455,2010-09,
Petworth,Washington,DC,Washington,District of Columbia,455,2010-10,
Petworth,Washington,DC,Washington,District of Columbia,455,2010-11,
Petworth,Washington,DC,Washington,District of Columbia,455,2010-12,
Petworth,Washington,DC,Washington,District of Columbia,455,2011-01,
Petworth,Washington,DC,Washington,District of Columbia,455,2011-02,
Petworth,Washington,DC,Washington,District of Columbia,455,2011-03,
Petworth,Washington,DC,Washington,District of Columbia,455,2011-04,
Petworth,Washington,DC,Washington,District of Columbia,455,2011-05,
Petworth,Washington,DC,Washington,District of Columbia,455,2011-06,
Petworth,Washington,DC,Washington,District of Columbia,455,2011-07,
Petworth,Washington,DC,Washington,District of Columbia,455,2011-08,
Petworth,Washington,DC,Washington,District of Columbia,455,2011-09,
Petworth,Washington,DC,Washington,District of Columbia,455,2011-10,
Petworth,Washington,DC,Washington,District of Columbia,455,2011-11,
Petworth,Washington,DC,Washington,District of Columbia,455,2011-12,
Petworth,Washington,DC,Washington,District of Columbia,455,2012-01,
Petworth,Washington,DC,Washington,District of Columbia,455,2012-02,
Petworth,Washington,DC,Washington,District of Columbia,455,2012-03,
Petworth,Washington,DC,Washington,District of Columbia,455,2012-04,
Petworth,Washington,DC,Washington,District of Columbia,455,2012-05,
Petworth,Washington,DC,Washington,District of Columbia,455,2012-06,
Petworth,Washington,DC,Washington,District of Columbia,455,2012-07,
Petworth,Washington,DC,Washington,District of Columbia,455,2012-08,
Petworth,Washington,DC,Washington,District of Columbia,455,2012-09,
Petworth,Washington,DC,Washington,District of Columbia,455,2012-10,
Petworth,Washington,DC,Washington,District of Columbia,455,2012-11,
Petworth,Washington,DC,Washington,District of Columbia,455,2012-12,
Petworth,Washington,DC,Washington,District of Columbia,455,2013-01,
Petworth,Washington,DC,Washington,District of Columbia,455,2013-02,
Petworth,Washington,DC,Washington,District of Columbia,455,2013-03,
Petworth,Washington,DC,Washington,District of Columbia,455,2013-04,
Petworth,Washington,DC,Washington,District of Columbia,455,2013-05,
Petworth,Washington,DC,Washington,District of Columbia,455,2013-06,
Petworth,Washington,DC,Washington,District of Columbia,455,2013-07,
Petworth,Washington,DC,Washington,District of Columbia,455,2013-08,
Petworth,Washington,DC,Washington,District of Columbia,455,2013-09,
Petworth,Washington,DC,Washington,District of Columbia,455,2013-10,
Petworth,Washington,DC,Washington,District of Columbia,455,2013-11,
Petworth,Washington,DC,Washington,District of Columbia,455,2013-12,
Petworth,Washington,DC,Washington,District of Columbia,455,2014-01,
Petworth,Washington,DC,Washington,District of Columbia,455,2014-02,
Petworth,Washington,DC,Washington,District of Columbia,455,2014-03,
Petworth,Washington,DC,Washington,District of Columbia,455,2014-04,
Petworth,Washington,DC,Washington,District of Columbia,455,2014-05,
Petworth,Washington,DC,Washington,District of Columbia,455,2014-06,
Petworth,Washington,DC,Washington,District of Columbia,455,2014-07,
Petworth,Washington,DC,Washington,District of Columbia,455,2014-08,
Petworth,Washington,DC,Washington,District of Columbia,455,2014-09,
Petworth,Washington,DC,Washington,District of Columbia,455,2014-10,
Petworth,Washington,DC,Washington,District of Columbia,455,2014-11,
Petworth,Washington,DC,Washington,District of Columbia,455,2014-12,
Petworth,Washington,DC,Washington,District of Columbia,455,2015-01,
Petworth,Washington,DC,Washington,District of Columbia,455,2015-02,
Petworth,Washington,DC,Washington,District of Columbia,455,2015-03,
Petworth,Washington,DC,Washington,District of Columbia,455,2015-04,
Petworth,Washington,DC,Washington,District of Columbia,455,2015-05,569900
Petworth,Washington,DC,Washington,District of Columbia,455,2015-06,549000
Petworth,Washington,DC,Washington,District of Columbia,455,2015-07,519950
Petworth,Washington,DC,Washington,District of Columbia,455,2015-08,499450
Petworth,Washington,DC,Washington,District of Columbia,455,2015-09,499000
Petworth,Washington,DC,Washington,District of Columbia,455,2015-10,569590
Petworth,Washington,DC,Washington,District of Columbia,455,2015-11,556000
Petworth,Washington,DC,Washington,District of Columbia,455,2015-12,571795
Petworth,Washington,DC,Washington,District of Columbia,455,2016-01,604950
Petworth,Washington,DC,Washington,District of Columbia,455,2016-02,599900
Petworth,Washington,DC,Washington,District of Columbia,455,2016-03,594999
Petworth,Washington,DC,Washington,District of Columbia,455,2016-04,599000
Petworth,Washington,DC,Washington,District of Columbia,455,2016-05,598000
Petworth,Washington,DC,Washington,District of Columbia,455,2016-06,597000
Petworth,Washington,DC,Washington,District of Columbia,455,2016-07,599450
Petworth,Washington,DC,Washington,District of Columbia,455,2016-08,599000
Adams Morgan,Washington,DC,Washington,District of Columbia,528,2010-01,
Adams Morgan,Washington,DC,Washington,District of Columbia,528,2010-02,
Adams Morgan,Washington,DC,Washington,District of Columbia,528,2010-03,
Adams Morgan,Washington,DC,Washington,District of Columbia,528,2010-04,
Adams Morgan,Washington,DC,Washington,District of Columbia,528,2010-05,
Adams Morgan,Washington,DC,Washington,District of Columbia,528,2010-06,
Adams Morgan,Washington,DC,Washington,District of Columbia,528,2010-07,
Adams Morgan,Washington,DC,Washington,District of Columbia,528,2010-08,
Adams Morgan,Washington,DC,Washington,District of Columbia,528,2010-09,
Adams Morgan,Washington,DC,Washington,District of Columbia,528,2010-10,
Adams Morgan,Washington,DC,Washington,District of Columbia,528,2010-11,
Adams Morgan,Washington,DC,Washington,District of Columbia,528,2010-12,
Adams Morgan,Washington,DC,Washington,District of Columbia,528,2011-01,
Adams Morgan,Washington,DC,Washington,District of Columbia,528,2011-02,
Adams Morgan,Washington,DC,Washington,District of Columbia,528,2011-03,
Adams Morgan,Washington,DC,Washington,District of Columbia,528,2011-04,
Adams Morgan,Washington,DC,Washington,District of Columbia,528,2011-05,
Adams Morgan,Washington,DC,Washington,District of Columbia,528,2011-06,
Adams Morgan,Washington,DC,Washington,District of Columbia,528,2011-07,
Adams Morgan,Washington,DC,Washington,District of Columbia,528,2011-08,
Adams Morgan,Washington,DC,Washington,District of Columbia,528,2011-09,439900
Adams Morgan,Washington,DC,Washington,District of Columbia,528,2011-10,425450
Adams Morgan,Washington,DC,Washington,District of Columbia,528,2011-11,459000
Adams Morgan,Washington,DC,Washington,District of Columbia,528,2011-12,469000
Adams Morgan,Washington,DC,Washington,District of Columbia,528,2012-01,459900
Adams Morgan,Washington,DC,Washington,District of Columbia,528,2012-02,449000
Adams Morgan,Washington,DC,Washington,District of Columbia,528,2012-03,419500
Adams Morgan,Washington,DC,Washington,District of Columbia,528,2012-04,429000
Adams Morgan,Washington,DC,Washington,District of Columbia,528,2012-05,439000
Adams Morgan,Washington,DC,Washington,District of Columbia,528,2012-06,419000
Adams Morgan,Washington,DC,Washington,District of Columbia,528,2012-07,395000
Adams Morgan,Washington,DC,Washington,District of Columbia,528,2012-08,395000
Adams Morgan,Washington,DC,Washington,District of Columbia,528,2012-09,419450
Adams Morgan,Washington,DC,Washington,District of Columbia,528,2012-10,450000
Adams Morgan,Washington,DC,Washington,District of Columbia,528,2012-11,487450
Adams Morgan,Washington,DC,Washington,District of Columbia,528,2012-12,487450
Adams Morgan,Washington,DC,Washington,District of Columbia,528,2013-01,475000
Adams Morgan,Washington,DC,Washington,District of Columbia,528,2013-02,474999
Adams Morgan,Washington,DC,Washington,District of Columbia,528,2013-03,430000
Adams Morgan,Washington,DC,Washington,District of Columbia,528,2013-04,425000
Adams Morgan,Washington,DC,Washington,District of Columbia,528,2013-05,474900
Adams Morgan,Washington,DC,Washington,District of Columbia,528,2013-06,464777.5
Adams Morgan,Washington,DC,Washington,District of Columbia,528,2013-07,492000
Adams Morgan,Washington,DC,Washington,District of Columbia,528,2013-08,497450
Adams Morgan,Washington,DC,Washington,District of Columbia,528,2013-09,495000
Adams Morgan,Washington,DC,Washington,District of Columbia,528,2013-10,499900
Adams Morgan,Washington,DC,Washington,District of Columbia,528,2013-11,499900
Adams Morgan,Washington,DC,Washington,District of Columbia,528,2013-12,529500
Adams Morgan,Washington,DC,Washington,District of Columbia,528,2014-01,499450
Adams Morgan,Washington,DC,Washington,District of Columbia,528,2014-02,489495
Adams Morgan,Washington,DC,Washington,District of Columbia,528,2014-03,489990
Adams Morgan,Washington,DC,Washington,District of Columbia,528,2014-04,549000
Adams Morgan,Washington,DC,Washington,District of Columbia,528,2014-05,474500
Adams Morgan,Washington,DC,Washington,District of Columbia,528,2014-06,415000
Adams Morgan,Washington,DC,Washington,District of Columbia,528,2014-07,415000
Adams Morgan,Washington,DC,Washington,District of Columbia,528,2014-08,402450
Adams Morgan,Washington,DC,Washington,District of Columbia,528,2014-09,430000
Adams Morgan,Washington,DC,Washington,District of Columbia,528,2014-10,427450
Adams Morgan,Washington,DC,Washington,District of Columbia,528,2014-11,445000
Adams Morgan,Washington,DC,Washington,District of Columbia,528,2014-12,459000
Adams Morgan,Washington,DC,Washington,District of Columbia,528,2015-01,419450
Adams Morgan,Washington,DC,Washington,District of Columbia,528,2015-02,428900
Adams Morgan,Washington,DC,Washington,District of Columbia,528,2015-03,444450
Adams Morgan,Washington,DC,Washington,District of Columbia,528,2015-04,431975
Adams Morgan,Washington,DC,Washington,District of Columbia,528,2015-05,442250
Adams Morgan,Washington,DC,Washington,District of Columbia,528,2015-06,477450
Adams Morgan,Washington,DC,Washington,District of Columbia,528,2015-07,465000
Adams Morgan,Washington,DC,Washington,District of Columbia,528,2015-08,469000
Adams Morgan,Washington,DC,Washington,District of Columbia,528,2015-09,479000
Adams Morgan,Washington,DC,Washington,District of Columbia,528,2015-10,477400
Adams Morgan,Washington,DC,Washington,District of Columbia,528,2015-11,499500
Adams Morgan,Washington,DC,Washington,District of Columbia,528,2015-12,512499.5
Adams Morgan,Washington,DC,Washington,District of Columbia,528,2016-01,499900
Adams Morgan,Washington,DC,Washington,District of Columbia,528,2016-02,499949.5
Adams Morgan,Washington,DC,Washington,District of Columbia,528,2016-03,499900
Adams Morgan,Washington,DC,Washington,District of Columbia,528,2016-04,512500
Adams Morgan,Washington,DC,Washington,District of Columbia,528,2016-05,499950
Adams Morgan,Washington,DC,Washington,District of Columbia,528,2016-06,529900
Adams Morgan,Washington,DC,Washington,District of Columbia,528,2016-07,579000
Adams Morgan,Washington,DC,Washington,District of Columbia,528,2016-08,579000
Logan Circle,Washington,DC,Washington,District of Columbia,547,2010-01,
Logan Circle,Washington,DC,Washington,District of Columbia,547,2010-02,
Logan Circle,Washington,DC,Washington,District of Columbia,547,2010-03,
Logan Circle,Washington,DC,Washington,District of Columbia,547,2010-04,
Logan Circle,Washington,DC,Washington,District of Columbia,547,2010-05,
Logan Circle,Washington,DC,Washington,District of Columbia,547,2010-06,
Logan Circle,Washington,DC,Washington,District of Columbia,547,2010-07,
Logan Circle,Washington,DC,Washington,District of Columbia,547,2010-08,
Logan Circle,Washington,DC,Washington,District of Columbia,547,2010-09,
Logan Circle,Washington,DC,Washington,District of Columbia,547,2010-10,
Logan Circle,Washington,DC,Washington,District of Columbia,547,2010-11,
Logan Circle,Washington,DC,Washington,District of Columbia,547,2010-12,
Logan Circle,Washington,DC,Washington,District of Columbia,547,2011-01,
Logan Circle,Washington,DC,Washington,District of Columbia,547,2011-02,
Logan Circle,Washington,DC,Washington,District of Columbia,547,2011-03,
Logan Circle,Washington,DC,Washington,District of Columbia,547,2011-04,
Logan Circle,Washington,DC,Washington,District of Columbia,547,2011-05,
Logan Circle,Washington,DC,Washington,District of Columbia,547,2011-06,
Logan Circle,Washington,DC,Washington,District of Columbia,547,2011-07,
Logan Circle,Washington,DC,Washington,District of Columbia,547,2011-08,
Logan Circle,Washington,DC,Washington,District of Columbia,547,2011-09,
Logan Circle,Washington,DC,Washington,District of Columbia,547,2011-10,
Logan Circle,Washington,DC,Washington,District of Columbia,547,2011-11,
Logan Circle,Washington,DC,Washington,District of Columbia,547,2011-12,
Logan Circle,Washington,DC,Washington,District of Columbia,547,2012-01,
Logan Circle,Washington,DC,Washington,District of Columbia,547,2012-02,
Logan Circle,Washington,DC,Washington,District of Columbia,547,2012-03,
Logan Circle,Washington,DC,Washington,District of Columbia,547,2012-04,
Logan Circle,Washington,DC,Washington,District of Columbia,547,2012-05,
Logan Circle,Washington,DC,Washington,District of Columbia,547,2012-06,
Logan Circle,Washington,DC,Washington,District of Columbia,547,2012-07,
Logan Circle,Washington,DC,Washington,District of Columbia,547,2012-08,
Logan Circle,Washington,DC,Washington,District of Columbia,547,2012-09,
Logan Circle,Washington,DC,Washington,District of Columbia,547,2012-10,
Logan Circle,Washington,DC,Washington,District of Columbia,547,2012-11,
Logan Circle,Washington,DC,Washington,District of Columbia,547,2012-12,
Logan Circle,Washington,DC,Washington,District of Columbia,547,2013-01,
Logan Circle,Washington,DC,Washington,District of Columbia,547,2013-02,
Logan Circle,Washington,DC,Washington,District of Columbia,547,2013-03,
Logan Circle,Washington,DC,Washington,District of Columbia,547,2013-04,
Logan Circle,Washington,DC,Washington,District of Columbia,547,2013-05,
Logan Circle,Washington,DC,Washington,District of Columbia,547,2013-06,
Logan Circle,Washington,DC,Washington,District of Columbia,547,2013-07,
Logan Circle,Washington,DC,Washington,District of Columbia,547,2013-08,
Logan Circle,Washington,DC,Washington,District of Columbia,547,2013-09,
Logan Circle,Washington,DC,Washington,District of Columbia,547,2013-10,
Logan Circle,Washington,DC,Washington,District of Columbia,547,2013-11,
Logan Circle,Washington,DC,Washington,District of Columbia,547,2013-12,
Logan Circle,Washington,DC,Washington,District of Columbia,547,2014-01,
Logan Circle,Washington,DC,Washington,District of Columbia,547,2014-02,
Logan Circle,Washington,DC,Washington,District of Columbia,547,2014-03,
Logan Circle,Washington,DC,Washington,District of Columbia,547,2014-04,
Logan Circle,Washington,DC,Washington,District of Columbia,547,2014-05,
Logan Circle,Washington,DC,Washington,District of Columbia,547,2014-06,
Logan Circle,Washington,DC,Washington,District of Columbia,547,2014-07,
Logan Circle,Washington,DC,Washington,District of Columbia,547,2014-08,
Logan Circle,Washington,DC,Washington,District of Columbia,547,2014-09,
Logan Circle,Washington,DC,Washington,District of Columbia,547,2014-10,
Logan Circle,Washington,DC,Washington,District of Columbia,547,2014-11,
Logan Circle,Washington,DC,Washington,District of Columbia,547,2014-12,
Logan Circle,Washington,DC,Washington,District of Columbia,547,2015-01,
Logan Circle,Washington,DC,Washington,District of Columbia,547,2015-02,
Logan Circle,Washington,DC,Washington,District of Columbia,547,2015-03,
Logan Circle,Washington,DC,Washington,District of Columbia,547,2015-04,
Logan Circle,Washington,DC,Washington,District of Columbia,547,2015-05,
Logan Circle,Washington,DC,Washington,District of Columbia,547,2015-06,
Logan Circle,Washington,DC,Washington,District of Columbia,547,2015-07,
Logan Circle,Washington,DC,Washington,District of Columbia,547,2015-08,437500
Logan Circle,Washington,DC,Washington,District of Columbia,547,2015-09,499450
Logan Circle,Washington,DC,Washington,District of Columbia,547,2015-10,529900
Logan Circle,Washington,DC,Washington,District of Columbia,547,2015-11,549000
Logan Circle,Washington,DC,Washington,District of Columbia,547,2015-12,484950
Logan Circle,Washington,DC,Washington,District of Columbia,547,2016-01,520000
Logan Circle,Washington,DC,Washington,District of Columbia,547,2016-02,504499.5
Logan Circle,Washington,DC,Washington,District of Columbia,547,2016-03,499000
Logan Circle,Washington,DC,Washington,District of Columbia,547,2016-04,485000
Logan Circle,Washington,DC,Washington,District of Columbia,547,2016-05,469000
Logan Circle,Washington,DC,Washington,District of Columbia,547,2016-06,545000
Logan Circle,Washington,DC,Washington,District of Columbia,547,2016-07,555000
Logan Circle,Washington,DC,Washington,District of Columbia,547,2016-08,555000
Dupont Circle,Washington,DC,Washington,District of Columbia,589,2010-01,
Dupont Circle,Washington,DC,Washington,District of Columbia,589,2010-02,
Dupont Circle,Washington,DC,Washington,District of Columbia,589,2010-03,
Dupont Circle,Washington,DC,Washington,District of Columbia,589,2010-04,
Dupont Circle,Washington,DC,Washington,District of Columbia,589,2010-05,
Dupont Circle,Washington,DC,Washington,District of Columbia,589,2010-06,
Dupont Circle,Washington,DC,Washington,District of Columbia,589,2010-07,
Dupont Circle,Washington,DC,Washington,District of Columbia,589,2010-08,
Dupont Circle,Washington,DC,Washington,District of Columbia,589,2010-09,
Dupont Circle,Washington,DC,Washington,District of Columbia,589,2010-10,
Dupont Circle,Washington,DC,Washington,District of Columbia,589,2010-11,
Dupont Circle,Washington,DC,Washington,District of Columbia,589,2010-12,
Dupont Circle,Washington,DC,Washington,District of Columbia,589,2011-01,
Dupont Circle,Washington,DC,Washington,District of Columbia,589,2011-02,
Dupont Circle,Washington,DC,Washington,District of Columbia,589,2011-03,
Dupont Circle,Washington,DC,Washington,District of Columbia,589,2011-04,
Dupont Circle,Washington,DC,Washington,District of Columbia,589,2011-05,
Dupont Circle,Washington,DC,Washington,District of Columbia,589,2011-06,
Dupont Circle,Washington,DC,Washington,District of Columbia,589,2011-07,
Dupont Circle,Washington,DC,Washington,District of Columbia,589,2011-08,
Dupont Circle,Washington,DC,Washington,District of Columbia,589,2011-09,
Dupont Circle,Washington,DC,Washington,District of Columbia,589,2011-10,
Dupont Circle,Washington,DC,Washington,District of Columbia,589,2011-11,
Dupont Circle,Washington,DC,Washington,District of Columbia,589,2011-12,
Dupont Circle,Washington,DC,Washington,District of Columbia,589,2012-01,
Dupont Circle,Washington,DC,Washington,District of Columbia,589,2012-02,
Dupont Circle,Washington,DC,Washington,District of Columbia,589,2012-03,
Dupont Circle,Washington,DC,Washington,District of Columbia,589,2012-04,
Dupont Circle,Washington,DC,Washington,District of Columbia,589,2012-05,
Dupont Circle,Washington,DC,Washington,District of Columbia,589,2012-06,
Dupont Circle,Washington,DC,Washington,District of Columbia,589,2012-07,
Dupont Circle,Washington,DC,Washington,District of Columbia,589,2012-08,
Dupont Circle,Washington,DC,Washington,District of Columbia,589,2012-09,
Dupont Circle,Washington,DC,Washington,District of Columbia,589,2012-10,
Dupont Circle,Washington,DC,Washington,District of Columbia,589,2012-11,
Dupont Circle,Washington,DC,Washington,District of Columbia,589,2012-12,
Dupont Circle,Washington,DC,Washington,District of Columbia,589,2013-01,
Dupont Circle,Washington,DC,Washington,District of Columbia,589,2013-02,
Dupont Circle,Washington,DC,Washington,District of Columbia,589,2013-03,415000
Dupont Circle,Washington,DC,Washington,District of Columbia,589,2013-04,399000
Dupont Circle,Washington,DC,Washington,District of Columbia,589,2013-05,399450
Dupont Circle,Washington,DC,Washington,District of Columbia,589,2013-06,446500
Dupont Circle,Washington,DC,Washington,District of Columbia,589,2013-07,439000
Dupont Circle,Washington,DC,Washington,District of Columbia,589,2013-08,439000
Dupont Circle,Washington,DC,Washington,District of Columbia,589,2013-09,459000
Dupont Circle,Washington,DC,Washington,District of Columbia,589,2013-10,435000
Dupont Circle,Washington,DC,Washington,District of Columbia,589,2013-11,435000
Dupont Circle,Washington,DC,Washington,District of Columbia,589,2013-12,425000
Dupont Circle,Washington,DC,Washington,District of Columbia,589,2014-01,412000
Dupont Circle,Washington,DC,Washington,District of Columbia,589,2014-02,425000
Dupont Circle,Washington,DC,Washington,District of Columbia,589,2014-03,399000
Dupont Circle,Washington,DC,Washington,District of Columbia,589,2014-04,395000
Dupont Circle,Washington,DC,Washington,District of Columbia,589,2014-05,419000
Dupont Circle,Washington,DC,Washington,District of Columbia,589,2014-06,437000
Dupont Circle,Washington,DC,Washington,District of Columbia,589,2014-07,424750
Dupont Circle,Washington,DC,Washington,District of Columbia,589,2014-08,424900
Dupont Circle,Washington,DC,Washington,District of Columbia,589,2014-09,392750
Dupont Circle,Washington,DC,Washington,District of Columbia,589,2014-10,399000
Dupont Circle,Washington,DC,Washington,District of Columbia,589,2014-11,386950
Dupont Circle,Washington,DC,Washington,District of Columbia,589,2014-12,399900
Dupont Circle,Washington,DC,Washington,District of Columbia,589,2015-01,409000
Dupont Circle,Washington,DC,Washington,District of Columbia,589,2015-02,439000
Dupont Circle,Washington,DC,Washington,District of Columbia,589,2015-03,393000
Dupont Circle,Washington,DC,Washington,District of Columbia,589,2015-04,385000
Dupont Circle,Washington,DC,Washington,District of Columbia,589,2015-05,424900
Dupont Circle,Washington,DC,Washington,District of Columbia,589,2015-06,405000
Dupont Circle,Washington,DC,Washington,District of Columbia,589,2015-07,392000
Dupont Circle,Washington,DC,Washington,District of Columbia,589,2015-08,419900
Dupont Circle,Washington,DC,Washington,District of Columbia,589,2015-09,454499.5
Dupont Circle,Washington,DC,Washington,District of Columbia,589,2015-10,459000
Dupont Circle,Washington,DC,Washington,District of Columbia,589,2015-11,431500
Dupont Circle,Washington,DC,Washington,District of Columbia,589,2015-12,409900
Dupont Circle,Washington,DC,Washington,District of Columbia,589,2016-01,399000
Dupont Circle,Washington,DC,Washington,District of Columbia,589,2016-02,410000
Dupont Circle,Washington,DC,Washington,District of Columbia,589,2016-03,430000
Dupont Circle,Washington,DC,Washington,District of Columbia,589,2016-04,449900
Dupont Circle,Washington,DC,Washington,District of Columbia,589,2016-05,399900
Dupont Circle,Washington,DC,Washington,District of Columbia,589,2016-06,419450
Dupont Circle,Washington,DC,Washington,District of Columbia,589,2016-07,419000
Dupont Circle,Washington,DC,Washington,District of Columbia,589,2016-08,399727.5
Chevy Chase,Washington,DC,Washington,District of Columbia,676,2010-01,
Chevy Chase,Washington,DC,Washington,District of Columbia,676,2010-02,
Chevy Chase,Washington,DC,Washington,District of Columbia,676,2010-03,
Chevy Chase,Washington,DC,Washington,District of Columbia,676,2010-04,
Chevy Chase,Washington,DC,Washington,District of Columbia,676,2010-05,
Chevy Chase,Washington,DC,Washington,District of Columbia,676,2010-06,
Chevy Chase,Washington,DC,Washington,District of Columbia,676,2010-07,
Chevy Chase,Washington,DC,Washington,District of Columbia,676,2010-08,
Chevy Chase,Washington,DC,Washington,District of Columbia,676,2010-09,
Chevy Chase,Washington,DC,Washington,District of Columbia,676,2010-10,
Chevy Chase,Washington,DC,Washington,District of Columbia,676,2010-11,
Chevy Chase,Washington,DC,Washington,District of Columbia,676,2010-12,
Chevy Chase,Washington,DC,Washington,District of Columbia,676,2011-01,
Chevy Chase,Washington,DC,Washington,District of Columbia,676,2011-02,
Chevy Chase,Washington,DC,Washington,District of Columbia,676,2011-03,
Chevy Chase,Washington,DC,Washington,District of Columbia,676,2011-04,
Chevy Chase,Washington,DC,Washington,District of Columbia,676,2011-05,
Chevy Chase,Washington,DC,Washington,District of Columbia,676,2011-06,
Chevy Chase,Washington,DC,Washington,District of Columbia,676,2011-07,
Chevy Chase,Washington,DC,Washington,District of Columbia,676,2011-08,
Chevy Chase,Washington,DC,Washington,District of Columbia,676,2011-09,
Chevy Chase,Washington,DC,Washington,District of Columbia,676,2011-10,
Chevy Chase,Washington,DC,Washington,District of Columbia,676,2011-11,
Chevy Chase,Washington,DC,Washington,District of Columbia,676,2011-12,
Chevy Chase,Washington,DC,Washington,District of Columbia,676,2012-01,
Chevy Chase,Washington,DC,Washington,District of Columbia,676,2012-02,
Chevy Chase,Washington,DC,Washington,District of Columbia,676,2012-03,
Chevy Chase,Washington,DC,Washington,District of Columbia,676,2012-04,
Chevy Chase,Washington,DC,Washington,District of Columbia,676,2012-05,
Chevy Chase,Washington,DC,Washington,District of Columbia,676,2012-06,
Chevy Chase,Washington,DC,Washington,District of Columbia,676,2012-07,
Chevy Chase,Washington,DC,Washington,District of Columbia,676,2012-08,
Chevy Chase,Washington,DC,Washington,District of Columbia,676,2012-09,
Chevy Chase,Washington,DC,Washington,District of Columbia,676,2012-10,
Chevy Chase,Washington,DC,Washington,District of Columbia,676,2012-11,
Chevy Chase,Washington,DC,Washington,District of Columbia,676,2012-12,
Chevy Chase,Washington,DC,Washington,District of Columbia,676,2013-01,
Chevy Chase,Washington,DC,Washington,District of Columbia,676,2013-02,
Chevy Chase,Washington,DC,Washington,District of Columbia,676,2013-03,
Chevy Chase,Washington,DC,Washington,District of Columbia,676,2013-04,
Chevy Chase,Washington,DC,Washington,District of Columbia,676,2013-05,
Chevy Chase,Washington,DC,Washington,District of Columbia,676,2013-06,
Chevy Chase,Washington,DC,Washington,District of Columbia,676,2013-07,
Chevy Chase,Washington,DC,Washington,District of Columbia,676,2013-08,
Chevy Chase,Washington,DC,Washington,District of Columbia,676,2013-09,
Chevy Chase,Washington,DC,Washington,District of Columbia,676,2013-10,
Chevy Chase,Washington,DC,Washington,District of Columbia,676,2013-11,
Chevy Chase,Washington,DC,Washington,District of Columbia,676,2013-12,
Chevy Chase,Washington,DC,Washington,District of Columbia,676,2014-01,
Chevy Chase,Washington,DC,Washington,District of Columbia,676,2014-02,
Chevy Chase,Washington,DC,Washington,District of Columbia,676,2014-03,
Chevy Chase,Washington,DC,Washington,District of Columbia,676,2014-04,
Chevy Chase,Washington,DC,Washington,District of Columbia,676,2014-05,
Chevy Chase,Washington,DC,Washington,District of Columbia,676,2014-06,
Chevy Chase,Washington,DC,Washington,District of Columbia,676,2014-07,
Chevy Chase,Washington,DC,Washington,District of Columbia,676,2014-08,
Chevy Chase,Washington,DC,Washington,District of Columbia,676,2014-09,
Chevy Chase,Washington,DC,Washington,District of Columbia,676,2014-10,
Chevy Chase,Washington,DC,Washington,District of Columbia,676,2014-11,
Chevy Chase,Washington,DC,Washington,District of Columbia,676,2014-12,
Chevy Chase,Washington,DC,Washington,District of Columbia,676,2015-01,
Chevy Chase,Washington,DC,Washington,District of Columbia,676,2015-02,
Chevy Chase,Washington,DC,Washington,District of Columbia,676,2015-03,1029000
Chevy Chase,Washington,DC,Washington,District of Columbia,676,2015-04,1044500
Chevy Chase,Washington,DC,Washington,District of Columbia,676,2015-05,977000
Chevy Chase,Washington,DC,Washington,District of Columbia,676,2015-06,949500
Chevy Chase,Washington,DC,Washington,District of Columbia,676,2015-07,867000
Chevy Chase,Washington,DC,Washington,District of Columbia,676,2015-08,879000
Chevy Chase,Washington,DC,Washington,District of Columbia,676,2015-09,885000
Chevy Chase,Washington,DC,Washington,District of Columbia,676,2015-10,874500
Chevy Chase,Washington,DC,Washington,District of Columbia,676,2015-11,849000
Chevy Chase,Washington,DC,Washington,District of Columbia,676,2015-12,899000
Chevy Chase,Washington,DC,Washington,District of Columbia,676,2016-01,864450
Chevy Chase,Washington,DC,Washington,District of Columbia,676,2016-02,900000
Chevy Chase,Washington,DC,Washington,District of Columbia,676,2016-03,947000
Chevy Chase,Washington,DC,Washington,District of Columbia,676,2016-04,975000
Chevy Chase,Washington,DC,Washington,District of Columbia,676,2016-05,984500
Chevy Chase,Washington,DC,Washington,District of Columbia,676,2016-06,949900
Chevy Chase,Washington,DC,Washington,District of Columbia,676,2016-07,915000
Chevy Chase,Washington,DC,Washington,District of Columbia,676,2016-08,899000
Shaw,Washington,DC,Washington,District of Columbia,770,2010-01,
Shaw,Washington,DC,Washington,District of Columbia,770,2010-02,
Shaw,Washington,DC,Washington,District of Columbia,770,2010-03,
Shaw,Washington,DC,Washington,District of Columbia,770,2010-04,
Shaw,Washington,DC,Washington,District of Columbia,770,2010-05,
Shaw,Washington,DC,Washington,District of Columbia,770,2010-06,
Shaw,Washington,DC,Washington,District of Columbia,770,2010-07,
Shaw,Washington,DC,Washington,District of Columbia,770,2010-08,
Shaw,Washington,DC,Washington,District of Columbia,770,2010-09,
Shaw,Washington,DC,Washington,District of Columbia,770,2010-10,
Shaw,Washington,DC,Washington,District of Columbia,770,2010-11,
Shaw,Washington,DC,Washington,District of Columbia,770,2010-12,
Shaw,Washington,DC,Washington,District of Columbia,770,2011-01,
Shaw,Washington,DC,Washington,District of Columbia,770,2011-02,
Shaw,Washington,DC,Washington,District of Columbia,770,2011-03,
Shaw,Washington,DC,Washington,District of Columbia,770,2011-04,
Shaw,Washington,DC,Washington,District of Columbia,770,2011-05,
Shaw,Washington,DC,Washington,District of Columbia,770,2011-06,
Shaw,Washington,DC,Washington,District of Columbia,770,2011-07,
Shaw,Washington,DC,Washington,District of Columbia,770,2011-08,
Shaw,Washington,DC,Washington,District of Columbia,770,2011-09,
Shaw,Washington,DC,Washington,District of Columbia,770,2011-10,
Shaw,Washington,DC,Washington,District of Columbia,770,2011-11,
Shaw,Washington,DC,Washington,District of Columbia,770,2011-12,
Shaw,Washington,DC,Washington,District of Columbia,770,2012-01,
Shaw,Washington,DC,Washington,District of Columbia,770,2012-02,
Shaw,Washington,DC,Washington,District of Columbia,770,2012-03,
Shaw,Washington,DC,Washington,District of Columbia,770,2012-04,
Shaw,Washington,DC,Washington,District of Columbia,770,2012-05,
Shaw,Washington,DC,Washington,District of Columbia,770,2012-06,
Shaw,Washington,DC,Washington,District of Columbia,770,2012-07,
Shaw,Washington,DC,Washington,District of Columbia,770,2012-08,
Shaw,Washington,DC,Washington,District of Columbia,770,2012-09,
Shaw,Washington,DC,Washington,District of Columbia,770,2012-10,
Shaw,Washington,DC,Washington,District of Columbia,770,2012-11,
Shaw,Washington,DC,Washington,District of Columbia,770,2012-12,
Shaw,Washington,DC,Washington,District of Columbia,770,2013-01,
Shaw,Washington,DC,Washington,District of Columbia,770,2013-02,
Shaw,Washington,DC,Washington,District of Columbia,770,2013-03,
Shaw,Washington,DC,Washington,District of Columbia,770,2013-04,
Shaw,Washington,DC,Washington,District of Columbia,770,2013-05,
Shaw,Washington,DC,Washington,District of Columbia,770,2013-06,
Shaw,Washington,DC,Washington,District of Columbia,770,2013-07,
Shaw,Washington,DC,Washington,District of Columbia,770,2013-08,
Shaw,Washington,DC,Washington,District of Columbia,770,2013-09,
Shaw,Washington,DC,Washington,District of Columbia,770,2013-10,
Shaw,Washington,DC,Washington,District of Columbia,770,2013-11,
Shaw,Washington,DC,Washington,District of Columbia,770,2013-12,
Shaw,Washington,DC,Washington,District of Columbia,770,2014-01,
Shaw,Washington,DC,Washington,District of Columbia,770,2014-02,
Shaw,Washington,DC,Washington,District of Columbia,770,2014-03,
Shaw,Washington,DC,Washington,District of Columbia,770,2014-04,
Shaw,Washington,DC,Washington,District of Columbia,770,2014-05,
Shaw,Washington,DC,Washington,District of Columbia,770,2014-06,
Shaw,Washington,DC,Washington,District of Columbia,770,2014-07,
Shaw,Washington,DC,Washington,District of Columbia,770,2014-08,
Shaw,Washington,DC,Washington,District of Columbia,770,2014-09,
Shaw,Washington,DC,Washington,District of Columbia,770,2014-10,
Shaw,Washington,DC,Washington,District of Columbia,770,2014-11,
Shaw,Washington,DC,Washington,District of Columbia,770,2014-12,
Shaw,Washington,DC,Washington,District of Columbia,770,2015-01,617277.5
Shaw,Washington,DC,Washington,District of Columbia,770,2015-02,699000
Shaw,Washington,DC,Washington,District of Columbia,770,2015-03,729900
Shaw,Washington,DC,Washington,District of Columbia,770,2015-04,600000
Shaw,Washington,DC,Washington,District of Columbia,770,2015-05,608500
Shaw,Washington,DC,Washington,District of Columbia,770,2015-06,599750
Shaw,Washington,DC,Washington,District of Columbia,770,2015-07,592250
Shaw,Washington,DC,Washington,District of Columbia,770,2015-08,635000
Shaw,Washington,DC,Washington,District of Columbia,770,2015-09,667000
Shaw,Washington,DC,Washington,District of Columbia,770,2015-10,649900
Shaw,Washington,DC,Washington,District of Columbia,770,2015-11,699999
Shaw,Washington,DC,Washington,District of Columbia,770,2015-12,687450
Shaw,Washington,DC,Washington,District of Columbia,770,2016-01,719500
Shaw,Washington,DC,Washington,District of Columbia,770,2016-02,662449.5
Shaw,Washington,DC,Washington,District of Columbia,770,2016-03,659000
Shaw,Washington,DC,Washington,District of Columbia,770,2016-04,629999
Shaw,Washington,DC,Washington,District of Columbia,770,2016-05,623875
Shaw,Washington,DC,Washington,District of Columbia,770,2016-06,649900
Shaw,Washington,DC,Washington,District of Columbia,770,2016-07,649900
Shaw,Washington,DC,Washington,District of Columbia,770,2016-08,714950
Near Northeast,Washington,DC,Washington,District of Columbia,864,2010-01,
Near Northeast,Washington,DC,Washington,District of Columbia,864,2010-02,
Near Northeast,Washington,DC,Washington,District of Columbia,864,2010-03,
Near Northeast,Washington,DC,Washington,District of Columbia,864,2010-04,
Near Northeast,Washington,DC,Washington,District of Columbia,864,2010-05,
Near Northeast,Washington,DC,Washington,District of Columbia,864,2010-06,
Near Northeast,Washington,DC,Washington,District of Columbia,864,2010-07,
Near Northeast,Washington,DC,Washington,District of Columbia,864,2010-08,
Near Northeast,Washington,DC,Washington,District of Columbia,864,2010-09,
Near Northeast,Washington,DC,Washington,District of Columbia,864,2010-10,
Near Northeast,Washington,DC,Washington,District of Columbia,864,2010-11,
Near Northeast,Washington,DC,Washington,District of Columbia,864,2010-12,
Near Northeast,Washington,DC,Washington,District of Columbia,864,2011-01,
Near Northeast,Washington,DC,Washington,District of Columbia,864,2011-02,
Near Northeast,Washington,DC,Washington,District of Columbia,864,2011-03,
Near Northeast,Washington,DC,Washington,District of Columbia,864,2011-04,
Near Northeast,Washington,DC,Washington,District of Columbia,864,2011-05,
Near Northeast,Washington,DC,Washington,District of Columbia,864,2011-06,
Near Northeast,Washington,DC,Washington,District of Columbia,864,2011-07,
Near Northeast,Washington,DC,Washington,District of Columbia,864,2011-08,
Near Northeast,Washington,DC,Washington,District of Columbia,864,2011-09,
Near Northeast,Washington,DC,Washington,District of Columbia,864,2011-10,
Near Northeast,Washington,DC,Washington,District of Columbia,864,2011-11,
Near Northeast,Washington,DC,Washington,District of Columbia,864,2011-12,
Near Northeast,Washington,DC,Washington,District of Columbia,864,2012-01,
Near Northeast,Washington,DC,Washington,District of Columbia,864,2012-02,
Near Northeast,Washington,DC,Washington,District of Columbia,864,2012-03,
Near Northeast,Washington,DC,Washington,District of Columbia,864,2012-04,
Near Northeast,Washington,DC,Washington,District of Columbia,864,2012-05,
Near Northeast,Washington,DC,Washington,District of Columbia,864,2012-06,
Near Northeast,Washington,DC,Washington,District of Columbia,864,2012-07,
Near Northeast,Washington,DC,Washington,District of Columbia,864,2012-08,
Near Northeast,Washington,DC,Washington,District of Columbia,864,2012-09,
Near Northeast,Washington,DC,Washington,District of Columbia,864,2012-10,
Near Northeast,Washington,DC,Washington,District of Columbia,864,2012-11,
Near Northeast,Washington,DC,Washington,District of Columbia,864,2012-12,
Near Northeast,Washington,DC,Washington,District of Columbia,864,2013-01,
Near Northeast,Washington,DC,Washington,District of Columbia,864,2013-02,
Near Northeast,Washington,DC,Washington,District of Columbia,864,2013-03,
Near Northeast,Washington,DC,Washington,District of Columbia,864,2013-04,
Near Northeast,Washington,DC,Washington,District of Columbia,864,2013-05,
Near Northeast,Washington,DC,Washington,District of Columbia,864,2013-06,
Near Northeast,Washington,DC,Washington,District of Columbia,864,2013-07,
Near Northeast,Washington,DC,Washington,District of Columbia,864,2013-08,
Near Northeast,Washington,DC,Washington,District of Columbia,864,2013-09,
Near Northeast,Washington,DC,Washington,District of Columbia,864,2013-10,
Near Northeast,Washington,DC,Washington,District of Columbia,864,2013-11,
Near Northeast,Washington,DC,Washington,District of Columbia,864,2013-12,
Near Northeast,Washington,DC,Washington,District of Columbia,864,2014-01,
Near Northeast,Washington,DC,Washington,District of Columbia,864,2014-02,
Near Northeast,Washington,DC,Washington,District of Columbia,864,2014-03,
Near Northeast,Washington,DC,Washington,District of Columbia,864,2014-04,589950
Near Northeast,Washington,DC,Washington,District of Columbia,864,2014-05,599500
Near Northeast,Washington,DC,Washington,District of Columbia,864,2014-06,609250
Near Northeast,Washington,DC,Washington,District of Columbia,864,2014-07,580000
Near Northeast,Washington,DC,Washington,District of Columbia,864,2014-08,569000
Near Northeast,Washington,DC,Washington,District of Columbia,864,2014-09,599000
Near Northeast,Washington,DC,Washington,District of Columbia,864,2014-10,599499.5
Near Northeast,Washington,DC,Washington,District of Columbia,864,2014-11,599999
Near Northeast,Washington,DC,Washington,District of Columbia,864,2014-12,549500
Near Northeast,Washington,DC,Washington,District of Columbia,864,2015-01,579500
Near Northeast,Washington,DC,Washington,District of Columbia,864,2015-02,599000
Near Northeast,Washington,DC,Washington,District of Columbia,864,2015-03,561950
Near Northeast,Washington,DC,Washington,District of Columbia,864,2015-04,599450
Near Northeast,Washington,DC,Washington,District of Columbia,864,2015-05,648950
Near Northeast,Washington,DC,Washington,District of Columbia,864,2015-06,599500
Near Northeast,Washington,DC,Washington,District of Columbia,864,2015-07,604500
Near Northeast,Washington,DC,Washington,District of Columbia,864,2015-08,609000
Near Northeast,Washington,DC,Washington,District of Columbia,864,2015-09,670000
Near Northeast,Washington,DC,Washington,District of Columbia,864,2015-10,664500
Near Northeast,Washington,DC,Washington,District of Columbia,864,2015-11,672450
Near Northeast,Washington,DC,Washington,District of Columbia,864,2015-12,680000
Near Northeast,Washington,DC,Washington,District of Columbia,864,2016-01,675000
Near Northeast,Washington,DC,Washington,District of Columbia,864,2016-02,635000
Near Northeast,Washington,DC,Washington,District of Columbia,864,2016-03,675000
Near Northeast,Washington,DC,Washington,District of Columbia,864,2016-04,679900
Near Northeast,Washington,DC,Washington,District of Columbia,864,2016-05,622450
Near Northeast,Washington,DC,Washington,District of Columbia,864,2016-06,615000
Near Northeast,Washington,DC,Washington,District of Columbia,864,2016-07,642000
Near Northeast,Washington,DC,Washington,District of Columbia,864,2016-08,673868
Southwest Waterfront,Washington,DC,Washington,District of Columbia,887,2010-01,
Southwest Waterfront,Washington,DC,Washington,District of Columbia,887,2010-02,
Southwest Waterfront,Washington,DC,Washington,District of Columbia,887,2010-03,
Southwest Waterfront,Washington,DC,Washington,District of Columbia,887,2010-04,
Southwest Waterfront,Washington,DC,Washington,District of Columbia,887,2010-05,
Southwest Waterfront,Washington,DC,Washington,District of Columbia,887,2010-06,
Southwest Waterfront,Washington,DC,Washington,District of Columbia,887,2010-07,
Southwest Waterfront,Washington,DC,Washington,District of Columbia,887,2010-08,
Southwest Waterfront,Washington,DC,Washington,District of Columbia,887,2010-09,
Southwest Waterfront,Washington,DC,Washington,District of Columbia,887,2010-10,
Southwest Waterfront,Washington,DC,Washington,District of Columbia,887,2010-11,
Southwest Waterfront,Washington,DC,Washington,District of Columbia,887,2010-12,
Southwest Waterfront,Washington,DC,Washington,District of Columbia,887,2011-01,
Southwest Waterfront,Washington,DC,Washington,District of Columbia,887,2011-02,
Southwest Waterfront,Washington,DC,Washington,District of Columbia,887,2011-03,
Southwest Waterfront,Washington,DC,Washington,District of Columbia,887,2011-04,
Southwest Waterfront,Washington,DC,Washington,District of Columbia,887,2011-05,
Southwest Waterfront,Washington,DC,Washington,District of Columbia,887,2011-06,
Southwest Waterfront,Washington,DC,Washington,District of Columbia,887,2011-07,
Southwest Waterfront,Washington,DC,Washington,District of Columbia,887,2011-08,
Southwest Waterfront,Washington,DC,Washington,District of Columbia,887,2011-09,
Southwest Waterfront,Washington,DC,Washington,District of Columbia,887,2011-10,
Southwest Waterfront,Washington,DC,Washington,District of Columbia,887,2011-11,
Southwest Waterfront,Washington,DC,Washington,District of Columbia,887,2011-12,
Southwest Waterfront,Washington,DC,Washington,District of Columbia,887,2012-01,
Southwest Waterfront,Washington,DC,Washington,District of Columbia,887,2012-02,
Southwest Waterfront,Washington,DC,Washington,District of Columbia,887,2012-03,
Southwest Waterfront,Washington,DC,Washington,District of Columbia,887,2012-04,
Southwest Waterfront,Washington,DC,Washington,District of Columbia,887,2012-05,
Southwest Waterfront,Washington,DC,Washington,District of Columbia,887,2012-06,
Southwest Waterfront,Washington,DC,Washington,District of Columbia,887,2012-07,
Southwest Waterfront,Washington,DC,Washington,District of Columbia,887,2012-08,
Southwest Waterfront,Washington,DC,Washington,District of Columbia,887,2012-09,
Southwest Waterfront,Washington,DC,Washington,District of Columbia,887,2012-10,
Southwest Waterfront,Washington,DC,Washington,District of Columbia,887,2012-11,
Southwest Waterfront,Washington,DC,Washington,District of Columbia,887,2012-12,
Southwest Waterfront,Washington,DC,Washington,District of Columbia,887,2013-01,
Southwest Waterfront,Washington,DC,Washington,District of Columbia,887,2013-02,
Southwest Waterfront,Washington,DC,Washington,District of Columbia,887,2013-03,
Southwest Waterfront,Washington,DC,Washington,District of Columbia,887,2013-04,
Southwest Waterfront,Washington,DC,Washington,District of Columbia,887,2013-05,
Southwest Waterfront,Washington,DC,Washington,District of Columbia,887,2013-06,
Southwest Waterfront,Washington,DC,Washington,District of Columbia,887,2013-07,
Southwest Waterfront,Washington,DC,Washington,District of Columbia,887,2013-08,
Southwest Waterfront,Washington,DC,Washington,District of Columbia,887,2013-09,
Southwest Waterfront,Washington,DC,Washington,District of Columbia,887,2013-10,
Southwest Waterfront,Washington,DC,Washington,District of Columbia,887,2013-11,
Southwest Waterfront,Washington,DC,Washington,District of Columbia,887,2013-12,
Southwest Waterfront,Washington,DC,Washington,District of Columbia,887,2014-01,
Southwest Waterfront,Washington,DC,Washington,District of Columbia,887,2014-02,
Southwest Waterfront,Washington,DC,Washington,District of Columbia,887,2014-03,
Southwest Waterfront,Washington,DC,Washington,District of Columbia,887,2014-04,
Southwest Waterfront,Washington,DC,Washington,District of Columbia,887,2014-05,
Southwest Waterfront,Washington,DC,Washington,District of Columbia,887,2014-06,
Southwest Waterfront,Washington,DC,Washington,District of Columbia,887,2014-07,
Southwest Waterfront,Washington,DC,Washington,District of Columbia,887,2014-08,
Southwest Waterfront,Washington,DC,Washington,District of Columbia,887,2014-09,
Southwest Waterfront,Washington,DC,Washington,District of Columbia,887,2014-10,
Southwest Waterfront,Washington,DC,Washington,District of Columbia,887,2014-11,
Southwest Waterfront,Washington,DC,Washington,District of Columbia,887,2014-12,
Southwest Waterfront,Washington,DC,Washington,District of Columbia,887,2015-01,
Southwest Waterfront,Washington,DC,Washington,District of Columbia,887,2015-02,
Southwest Waterfront,Washington,DC,Washington,District of Columbia,887,2015-03,
Southwest Waterfront,Washington,DC,Washington,District of Columbia,887,2015-04,349900
Southwest Waterfront,Washington,DC,Washington,District of Columbia,887,2015-05,334900
Southwest Waterfront,Washington,DC,Washington,District of Columbia,887,2015-06,324900
Southwest Waterfront,Washington,DC,Washington,District of Columbia,887,2015-07,299509
Southwest Waterfront,Washington,DC,Washington,District of Columbia,887,2015-08,350000
Southwest Waterfront,Washington,DC,Washington,District of Columbia,887,2015-09,350000
Southwest Waterfront,Washington,DC,Washington,District of Columbia,887,2015-10,318750
Southwest Waterfront,Washington,DC,Washington,District of Columbia,887,2015-11,312500
Southwest Waterfront,Washington,DC,Washington,District of Columbia,887,2015-12,307950
Southwest Waterfront,Washington,DC,Washington,District of Columbia,887,2016-01,289450
Southwest Waterfront,Washington,DC,Washington,District of Columbia,887,2016-02,329950
Southwest Waterfront,Washington,DC,Washington,District of Columbia,887,2016-03,305900
Southwest Waterfront,Washington,DC,Washington,District of Columbia,887,2016-04,319900
Southwest Waterfront,Washington,DC,Washington,District of Columbia,887,2016-05,302900
Southwest Waterfront,Washington,DC,Washington,District of Columbia,887,2016-06,305000
Southwest Waterfront,Washington,DC,Washington,District of Columbia,887,2016-07,304500
Southwest Waterfront,Washington,DC,Washington,District of Columbia,887,2016-08,325000
Mount Vernon Square,Washington,DC,Washington,District of Columbia,1019,2010-01,
Mount Vernon Square,Washington,DC,Washington,District of Columbia,1019,2010-02,
Mount Vernon Square,Washington,DC,Washington,District of Columbia,1019,2010-03,
Mount Vernon Square,Washington,DC,Washington,District of Columbia,1019,2010-04,
Mount Vernon Square,Washington,DC,Washington,District of Columbia,1019,2010-05,
Mount Vernon Square,Washington,DC,Washington,District of Columbia,1019,2010-06,
Mount Vernon Square,Washington,DC,Washington,District of Columbia,1019,2010-07,
Mount Vernon Square,Washington,DC,Washington,District of Columbia,1019,2010-08,
Mount Vernon Square,Washington,DC,Washington,District of Columbia,1019,2010-09,
Mount Vernon Square,Washington,DC,Washington,District of Columbia,1019,2010-10,
Mount Vernon Square,Washington,DC,Washington,District of Columbia,1019,2010-11,
Mount Vernon Square,Washington,DC,Washington,District of Columbia,1019,2010-12,
Mount Vernon Square,Washington,DC,Washington,District of Columbia,1019,2011-01,
Mount Vernon Square,Washington,DC,Washington,District of Columbia,1019,2011-02,
Mount Vernon Square,Washington,DC,Washington,District of Columbia,1019,2011-03,
Mount Vernon Square,Washington,DC,Washington,District of Columbia,1019,2011-04,
Mount Vernon Square,Washington,DC,Washington,District of Columbia,1019,2011-05,
Mount Vernon Square,Washington,DC,Washington,District of Columbia,1019,2011-06,
Mount Vernon Square,Washington,DC,Washington,District of Columbia,1019,2011-07,
Mount Vernon Square,Washington,DC,Washington,District of Columbia,1019,2011-08,
Mount Vernon Square,Washington,DC,Washington,District of Columbia,1019,2011-09,
Mount Vernon Square,Washington,DC,Washington,District of Columbia,1019,2011-10,
Mount Vernon Square,Washington,DC,Washington,District of Columbia,1019,2011-11,
Mount Vernon Square,Washington,DC,Washington,District of Columbia,1019,2011-12,
Mount Vernon Square,Washington,DC,Washington,District of Columbia,1019,2012-01,
Mount Vernon Square,Washington,DC,Washington,District of Columbia,1019,2012-02,
Mount Vernon Square,Washington,DC,Washington,District of Columbia,1019,2012-03,
Mount Vernon Square,Washington,DC,Washington,District of Columbia,1019,2012-04,
Mount Vernon Square,Washington,DC,Washington,District of Columbia,1019,2012-05,
Mount Vernon Square,Washington,DC,Washington,District of Columbia,1019,2012-06,
Mount Vernon Square,Washington,DC,Washington,District of Columbia,1019,2012-07,
Mount Vernon Square,Washington,DC,Washington,District of Columbia,1019,2012-08,
Mount Vernon Square,Washington,DC,Washington,District of Columbia,1019,2012-09,
Mount Vernon Square,Washington,DC,Washington,District of Columbia,1019,2012-10,
Mount Vernon Square,Washington,DC,Washington,District of Columbia,1019,2012-11,
Mount Vernon Square,Washington,DC,Washington,District of Columbia,1019,2012-12,
Mount Vernon Square,Washington,DC,Washington,District of Columbia,1019,2013-01,
Mount Vernon Square,Washington,DC,Washington,District of Columbia,1019,2013-02,
Mount Vernon Square,Washington,DC,Washington,District of Columbia,1019,2013-03,
Mount Vernon Square,Washington,DC,Washington,District of Columbia,1019,2013-04,
Mount Vernon Square,Washington,DC,Washington,District of Columbia,1019,2013-05,
Mount Vernon Square,Washington,DC,Washington,District of Columbia,1019,2013-06,
Mount Vernon Square,Washington,DC,Washington,District of Columbia,1019,2013-07,
Mount Vernon Square,Washington,DC,Washington,District of Columbia,1019,2013-08,
Mount Vernon Square,Washington,DC,Washington,District of Columbia,1019,2013-09,
Mount Vernon Square,Washington,DC,Washington,District of Columbia,1019,2013-10,
Mount Vernon Square,Washington,DC,Washington,District of Columbia,1019,2013-11,
Mount Vernon Square,Washington,DC,Washington,District of Columbia,1019,2013-12,
Mount Vernon Square,Washington,DC,Washington,District of Columbia,1019,2014-01,
Mount Vernon Square,Washington,DC,Washington,District of Columbia,1019,2014-02,
Mount Vernon Square,Washington,DC,Washington,District of Columbia,1019,2014-03,
Mount Vernon Square,Washington,DC,Washington,District of Columbia,1019,2014-04,
Mount Vernon Square,Washington,DC,Washington,District of Columbia,1019,2014-05,
Mount Vernon Square,Washington,DC,Washington,District of Columbia,1019,2014-06,
Mount Vernon Square,Washington,DC,Washington,District of Columbia,1019,2014-07,
Mount Vernon Square,Washington,DC,Washington,District of Columbia,1019,2014-08,
Mount Vernon Square,Washington,DC,Washington,District of Columbia,1019,2014-09,
Mount Vernon Square,Washington,DC,Washington,District of Columbia,1019,2014-10,
Mount Vernon Square,Washington,DC,Washington,District of Columbia,1019,2014-11,
Mount Vernon Square,Washington,DC,Washington,District of Columbia,1019,2014-12,
Mount Vernon Square,Washington,DC,Washington,District of Columbia,1019,2015-01,
Mount Vernon Square,Washington,DC,Washington,District of Columbia,1019,2015-02,
Mount Vernon Square,Washington,DC,Washington,District of Columbia,1019,2015-03,499900
Mount Vernon Square,Washington,DC,Washington,District of Columbia,1019,2015-04,504900
Mount Vernon Square,Washington,DC,Washington,District of Columbia,1019,2015-05,545000
Mount Vernon Square,Washington,DC,Washington,District of Columbia,1019,2015-06,526950
Mount Vernon Square,Washington,DC,Washington,District of Columbia,1019,2015-07,484777.5
Mount Vernon Square,Washington,DC,Washington,District of Columbia,1019,2015-08,487000
Mount Vernon Square,Washington,DC,Washington,District of Columbia,1019,2015-09,524900
Mount Vernon Square,Washington,DC,Washington,District of Columbia,1019,2015-10,502400
Mount Vernon Square,Washington,DC,Washington,District of Columbia,1019,2015-11,519000
Mount Vernon Square,Washington,DC,Washington,District of Columbia,1019,2015-12,504900
Mount Vernon Square,Washington,DC,Washington,District of Columbia,1019,2016-01,509000
Mount Vernon Square,Washington,DC,Washington,District of Columbia,1019,2016-02,499000
Mount Vernon Square,Washington,DC,Washington,District of Columbia,1019,2016-03,529000
Mount Vernon Square,Washington,DC,Washington,District of Columbia,1019,2016-04,589950
Mount Vernon Square,Washington,DC,Washington,District of Columbia,1019,2016-05,595000
Mount Vernon Square,Washington,DC,Washington,District of Columbia,1019,2016-06,579950
Mount Vernon Square,Washington,DC,Washington,District of Columbia,1019,2016-07,595500
Mount Vernon Square,Washington,DC,Washington,District of Columbia,1019,2016-08,572000
