RegionID,RegionName,City,County,State,Metro,SizeRank,Month,MedianPctOfPriceReduction
66133,20009,Washington,District of Columbia,DC,Washington,42,2010-09,4.167361
66133,20009,Washington,District of Columbia,DC,Washington,42,2010-10,3.333333
66133,20009,Washington,District of Columbia,DC,Washington,42,2010-11,3.987474
66133,20009,Washington,District of Columbia,DC,Washington,42,2010-12,3.342856
66133,20009,Washington,District of Columbia,DC,Washington,42,2011-01,3.433476
66133,20009,Washington,District of Columbia,DC,Washington,42,2011-02,2.777778
66133,20009,Washington,District of Columbia,DC,Washington,42,2011-03,3.262388
66133,20009,Washington,District of Columbia,DC,Washington,42,2011-04,2.919104
66133,20009,Washington,District of Columbia,DC,Washington,42,2011-05,2.912621
66133,20009,Washington,District of Columbia,DC,Washington,42,2011-06,3.226847
66133,20009,Washington,District of Columbia,DC,Washington,42,2011-07,2.949853
66133,20009,Washington,District of Columbia,DC,Washington,42,2011-08,3.494313
66133,20009,Washington,District of Columbia,DC,Washington,42,2011-09,2.946742
66133,20009,Washington,District of Columbia,DC,Washington,42,2011-10,3.853565
66133,20009,Washington,District of Columbia,DC,Washington,42,2011-11,3.387097
66133,20009,Washington,District of Columbia,DC,Washington,42,2011-12,3.648489
66133,20009,Washington,District of Columbia,DC,Washington,42,2012-01,3.678161
66133,20009,Washington,District of Columbia,DC,Washington,42,2012-02,3.849372
66133,20009,Washington,District of Columbia,DC,Washington,42,2012-03,4.815206
66133,20009,Washington,District of Columbia,DC,Washington,42,2012-04,4.182535
66133,20009,Washington,District of Columbia,DC,Washington,42,2012-05,3.242547
66133,20009,Washington,District of Columbia,DC,Washington,42,2012-06,2.638522
66133,20009,Washington,District of Columbia,DC,Washington,42,2012-07,2.935394
66133,20009,Washington,District of Columbia,DC,Washington,42,2012-08,3.464203
66133,20009,Washington,District of Columbia,DC,Washington,42,2012-09,2.941176
66133,20009,Washington,District of Columbia,DC,Washington,42,2012-10,3.030303
66133,20009,Washington,District of Columbia,DC,Washington,42,2012-11,3.344482
66133,20009,Washington,District of Columbia,DC,Washington,42,2012-12,2.635655
66133,20009,Washington,District of Columbia,DC,Washington,42,2013-01,4.006758
66133,20009,Washington,District of Columbia,DC,Washington,42,2013-02,3.921569
66133,20009,Washington,District of Columbia,DC,Washington,42,2013-03,2.544407
66133,20009,Washington,District of Columbia,DC,Washington,42,2013-04,3.888889
66133,20009,Washington,District of Columbia,DC,Washington,42,2013-05,3.636727
66133,20009,Washington,District of Columbia,DC,Washington,42,2013-06,4.008016
66133,20009,Washington,District of Columbia,DC,Washington,42,2013-07,3.237905
66133,20009,Washington,District of Columbia,DC,Washington,42,2013-08,2.66815
66133,20009,Washington,District of Columbia,DC,Washington,42,2013-09,3.05952
66133,20009,Washington,District of Columbia,DC,Washington,42,2013-10,3.624679
66133,20009,Washington,District of Columbia,DC,Washington,42,2013-11,3.627059
66133,20009,Washington,District of Columbia,DC,Washington,42,2013-12,2.790066
66133,20009,Washington,District of Columbia,DC,Washington,42,2014-01,3.344482
66133,20009,Washington,District of Columbia,DC,Washington,42,2014-02,3.703704
66133,20009,Washington,District of Columbia,DC,Washington,42,2014-03,2.899391
66133,20009,Washington,District of Columbia,DC,Washington,42,2014-04,3.499868
66133,20009,Washington,District of Columbia,DC,Washington,42,2014-05,3.07787
66133,20009,Washington,District of Columbia,DC,Washington,42,2014-06,3.334445
66133,20009,Washington,District of Columbia,DC,Washington,42,2014-07,2.652595
66133,20009,Washington,District of Columbia,DC,Washington,42,2014-08,3.612381
66133,20009,Washington,District of Columbia,DC,Washington,42,2014-09,3.514938
66133,20009,Washington,District of Columbia,DC,Washington,42,2014-10,3.164832
66133,20009,Washington,District of Columbia,DC,Washington,42,2014-11,2.696241
66133,20009,Washington,District of Columbia,DC,Washington,42,2014-12,3.334445
66133,20009,Washington,District of Columbia,DC,Washington,42,2015-01,2.70815
66133,20009,Washington,District of Columbia,DC,Washington,42,2015-02,3.333889
66133,20009,Washington,District of Columbia,DC,Washington,42,2015-03,3.859056
66133,20009,Washington,District of Columbia,DC,Washington,42,2015-04,3.117527
66133,20009,Washington,District of Columbia,DC,Washington,42,2015-05,2.791707
66133,20009,Washington,District of Columbia,DC,Washington,42,2015-06,3.853949
66133,20009,Washington,District of Columbia,DC,Washington,42,2015-07,2.733747
66133,20009,Washington,District of Columbia,DC,Washington,42,2015-08,3.286458
66133,20009,Washington,District of Columbia,DC,Washington,42,2015-09,3.514938
66133,20009,Washington,District of Columbia,DC,Washington,42,2015-10,3.190317
66133,20009,Washington,District of Columbia,DC,Washington,42,2015-11,3.077397
66133,20009,Washington,District of Columbia,DC,Washington,42,2015-12,3.178947
66133,20009,Washington,District of Columbia,DC,Washington,42,2016-01,3.607128
66133,20009,Washington,District of Columbia,DC,Washington,42,2016-02,2.903906
66133,20009,Washington,District of Columbia,DC,Washington,42,2016-03,3.931841
66133,20009,Washington,District of Columbia,DC,Washington,42,2016-04,3.423982
66133,20009,Washington,District of Columbia,DC,Washington,42,2016-05,3.333889
66133,20009,Washington,District of Columbia,DC,Washington,42,2016-06,2.70636
66133,20009,Washington,District of Columbia,DC,Washington,42,2016-07,2.570694
66133,20009,Washington,District of Columbia,DC,Washington,42,2016-08,2.868642
66126,20002,Washington,District of Columbia,DC,Washington,50,2010-09,5.265929
66126,20002,Washington,District of Columbia,DC,Washington,50,2010-10,3.739172
66126,20002,Washington,District of Columbia,DC,Washington,50,2010-11,5.384615
66126,20002,Washington,District of Columbia,DC,Washington,50,2010-12,4.945326
66126,20002,Washington,District of Columbia,DC,Washington,50,2011-01,4.77327
66126,20002,Washington,District of Columbia,DC,Washington,50,2011-02,3.061224
66126,20002,Washington,District of Columbia,DC,Washington,50,2011-03,2.723953
66126,20002,Washington,District of Columbia,DC,Washington,50,2011-04,2.626644
66126,20002,Washington,District of Columbia,DC,Washington,50,2011-05,3.188661
66126,20002,Washington,District of Columbia,DC,Washington,50,2011-06,3.47529
66126,20002,Washington,District of Columbia,DC,Washington,50,2011-07,3.892235
66126,20002,Washington,District of Columbia,DC,Washington,50,2011-08,3.752581
66126,20002,Washington,District of Columbia,DC,Washington,50,2011-09,3.467731
66126,20002,Washington,District of Columbia,DC,Washington,50,2011-10,3.711961
66126,20002,Washington,District of Columbia,DC,Washington,50,2011-11,4.001067
66126,20002,Washington,District of Columbia,DC,Washington,50,2011-12,3.865385
66126,20002,Washington,District of Columbia,DC,Washington,50,2012-01,4.769475
66126,20002,Washington,District of Columbia,DC,Washington,50,2012-02,3.108998
66126,20002,Washington,District of Columbia,DC,Washington,50,2012-03,2.34808
66126,20002,Washington,District of Columbia,DC,Washington,50,2012-04,4.616805
66126,20002,Washington,District of Columbia,DC,Washington,50,2012-05,4.166667
66126,20002,Washington,District of Columbia,DC,Washington,50,2012-06,3.785518
66126,20002,Washington,District of Columbia,DC,Washington,50,2012-07,4.00678
66126,20002,Washington,District of Columbia,DC,Washington,50,2012-08,6.0012
66126,20002,Washington,District of Columbia,DC,Washington,50,2012-09,4.167535
66126,20002,Washington,District of Columbia,DC,Washington,50,2012-10,4.301075
66126,20002,Washington,District of Columbia,DC,Washington,50,2012-11,4.374896
66126,20002,Washington,District of Columbia,DC,Washington,50,2012-12,4.081632
66126,20002,Washington,District of Columbia,DC,Washington,50,2013-01,6.313689
66126,20002,Washington,District of Columbia,DC,Washington,50,2013-02,2.989537
66126,20002,Washington,District of Columbia,DC,Washington,50,2013-03,3.333889
66126,20002,Washington,District of Columbia,DC,Washington,50,2013-04,3.589947
66126,20002,Washington,District of Columbia,DC,Washington,50,2013-05,4.980364
66126,20002,Washington,District of Columbia,DC,Washington,50,2013-06,6.144465
66126,20002,Washington,District of Columbia,DC,Washington,50,2013-07,4.156409
66126,20002,Washington,District of Columbia,DC,Washington,50,2013-08,4.226486
66126,20002,Washington,District of Columbia,DC,Washington,50,2013-09,2.79615
66126,20002,Washington,District of Columbia,DC,Washington,50,2013-10,3.333333
66126,20002,Washington,District of Columbia,DC,Washington,50,2013-11,2.500417
66126,20002,Washington,District of Columbia,DC,Washington,50,2013-12,2.862986
66126,20002,Washington,District of Columbia,DC,Washington,50,2014-01,3.661079
66126,20002,Washington,District of Columbia,DC,Washington,50,2014-02,3.703704
66126,20002,Washington,District of Columbia,DC,Washington,50,2014-03,2.722505
66126,20002,Washington,District of Columbia,DC,Washington,50,2014-04,3.522727
66126,20002,Washington,District of Columbia,DC,Washington,50,2014-05,2.997143
66126,20002,Washington,District of Columbia,DC,Washington,50,2014-06,4.0016
66126,20002,Washington,District of Columbia,DC,Washington,50,2014-07,3.580693
66126,20002,Washington,District of Columbia,DC,Washington,50,2014-08,3.151515
66126,20002,Washington,District of Columbia,DC,Washington,50,2014-09,4.123767
66126,20002,Washington,District of Columbia,DC,Washington,50,2014-10,3.556955
66126,20002,Washington,District of Columbia,DC,Washington,50,2014-11,4.653775
66126,20002,Washington,District of Columbia,DC,Washington,50,2014-12,3.344968
66126,20002,Washington,District of Columbia,DC,Washington,50,2015-01,3.282313
66126,20002,Washington,District of Columbia,DC,Washington,50,2015-02,4.115659
66126,20002,Washington,District of Columbia,DC,Washington,50,2015-03,3.557651
66126,20002,Washington,District of Columbia,DC,Washington,50,2015-04,3.952569
66126,20002,Washington,District of Columbia,DC,Washington,50,2015-05,3.333889
66126,20002,Washington,District of Columbia,DC,Washington,50,2015-06,3.322938
66126,20002,Washington,District of Columbia,DC,Washington,50,2015-07,3.189066
66126,20002,Washington,District of Columbia,DC,Washington,50,2015-08,3.282453
66126,20002,Washington,District of Columbia,DC,Washington,50,2015-09,2.489627
66126,20002,Washington,District of Columbia,DC,Washington,50,2015-10,2.924763
66126,20002,Washington,District of Columbia,DC,Washington,50,2015-11,3.174608
66126,20002,Washington,District of Columbia,DC,Washington,50,2015-12,3.502455
66126,20002,Washington,District of Columbia,DC,Washington,50,2016-01,2.492131
66126,20002,Washington,District of Columbia,DC,Washington,50,2016-02,3.582561
66126,20002,Washington,District of Columbia,DC,Washington,50,2016-03,3.638554
66126,20002,Washington,District of Columbia,DC,Washington,50,2016-04,3.425287
66126,20002,Washington,District of Columbia,DC,Washington,50,2016-05,3.102625
66126,20002,Washington,District of Columbia,DC,Washington,50,2016-06,3.603207
66126,20002,Washington,District of Columbia,DC,Washington,50,2016-07,3.092308
66126,20002,Washington,District of Columbia,DC,Washington,50,2016-08,3.571939
66135,20011,Washington,District of Columbia,DC,Washington,167,2010-09,5.555556
66135,20011,Washington,District of Columbia,DC,Washington,167,2010-10,4.402516
66135,20011,Washington,District of Columbia,DC,Washington,167,2010-11,4.061435
66135,20011,Washington,District of Columbia,DC,Washington,167,2010-12,4.972875
66135,20011,Washington,District of Columbia,DC,Washington,167,2011-01,5.885815
66135,20011,Washington,District of Columbia,DC,Washington,167,2011-02,4.166667
66135,20011,Washington,District of Columbia,DC,Washington,167,2011-03,5.267649
66135,20011,Washington,District of Columbia,DC,Washington,167,2011-04,4.514285
66135,20011,Washington,District of Columbia,DC,Washington,167,2011-05,4.445556
66135,20011,Washington,District of Columbia,DC,Washington,167,2011-06,4.225094
66135,20011,Washington,District of Columbia,DC,Washington,167,2011-07,4.044824
66135,20011,Washington,District of Columbia,DC,Washington,167,2011-08,4.08998
66135,20011,Washington,District of Columbia,DC,Washington,167,2011-09,3.853565
66135,20011,Washington,District of Columbia,DC,Washington,167,2011-10,4.357298
66135,20011,Washington,District of Columbia,DC,Washington,167,2011-11,5.444126
66135,20011,Washington,District of Columbia,DC,Washington,167,2011-12,3.99968
66135,20011,Washington,District of Columbia,DC,Washington,167,2012-01,5.265929
66135,20011,Washington,District of Columbia,DC,Washington,167,2012-02,4.727171
66135,20011,Washington,District of Columbia,DC,Washington,167,2012-03,4.074627
66135,20011,Washington,District of Columbia,DC,Washington,167,2012-04,3.515293
66135,20011,Washington,District of Columbia,DC,Washington,167,2012-05,2.868825
66135,20011,Washington,District of Columbia,DC,Washington,167,2012-06,4.084001
66135,20011,Washington,District of Columbia,DC,Washington,167,2012-07,3.477872
66135,20011,Washington,District of Columbia,DC,Washington,167,2012-08,3.981812
66135,20011,Washington,District of Columbia,DC,Washington,167,2012-09,3.454231
66135,20011,Washington,District of Columbia,DC,Washington,167,2012-10,3.225648
66135,20011,Washington,District of Columbia,DC,Washington,167,2012-11,3.846154
66135,20011,Washington,District of Columbia,DC,Washington,167,2012-12,3.556827
66135,20011,Washington,District of Columbia,DC,Washington,167,2013-01,2.577129
66135,20011,Washington,District of Columbia,DC,Washington,167,2013-02,3.191489
66135,20011,Washington,District of Columbia,DC,Washington,167,2013-03,4.020101
66135,20011,Washington,District of Columbia,DC,Washington,167,2013-04,3.057604
66135,20011,Washington,District of Columbia,DC,Washington,167,2013-05,3.00681
66135,20011,Washington,District of Columbia,DC,Washington,167,2013-06,2.989537
66135,20011,Washington,District of Columbia,DC,Washington,167,2013-07,4.019686
66135,20011,Washington,District of Columbia,DC,Washington,167,2013-08,3.299832
66135,20011,Washington,District of Columbia,DC,Washington,167,2013-09,4.404586
66135,20011,Washington,District of Columbia,DC,Washington,167,2013-10,3.056531
66135,20011,Washington,District of Columbia,DC,Washington,167,2013-11,3.231018
66135,20011,Washington,District of Columbia,DC,Washington,167,2013-12,3.703704
66135,20011,Washington,District of Columbia,DC,Washington,167,2014-01,2.499878
66135,20011,Washington,District of Columbia,DC,Washington,167,2014-02,3.567987
66135,20011,Washington,District of Columbia,DC,Washington,167,2014-03,3.275396
66135,20011,Washington,District of Columbia,DC,Washington,167,2014-04,3.201861
66135,20011,Washington,District of Columbia,DC,Washington,167,2014-05,3.309062
66135,20011,Washington,District of Columbia,DC,Washington,167,2014-06,2.86123
66135,20011,Washington,District of Columbia,DC,Washington,167,2014-07,3.492647
66135,20011,Washington,District of Columbia,DC,Washington,167,2014-08,3.1096
66135,20011,Washington,District of Columbia,DC,Washington,167,2014-09,3.338898
66135,20011,Washington,District of Columbia,DC,Washington,167,2014-10,3.184592
66135,20011,Washington,District of Columbia,DC,Washington,167,2014-11,3.973286
66135,20011,Washington,District of Columbia,DC,Washington,167,2014-12,3.421731
66135,20011,Washington,District of Columbia,DC,Washington,167,2015-01,2.689076
66135,20011,Washington,District of Columbia,DC,Washington,167,2015-02,2.877698
66135,20011,Washington,District of Columbia,DC,Washington,167,2015-03,3.703704
66135,20011,Washington,District of Columbia,DC,Washington,167,2015-04,4.099587
66135,20011,Washington,District of Columbia,DC,Washington,167,2015-05,3.485839
66135,20011,Washington,District of Columbia,DC,Washington,167,2015-06,3.269391
66135,20011,Washington,District of Columbia,DC,Washington,167,2015-07,3.296181
66135,20011,Washington,District of Columbia,DC,Washington,167,2015-08,2.628914
66135,20011,Washington,District of Columbia,DC,Washington,167,2015-09,3.210357
66135,20011,Washington,District of Columbia,DC,Washington,167,2015-10,2.880193
66135,20011,Washington,District of Columbia,DC,Washington,167,2015-11,3.08882
66135,20011,Washington,District of Columbia,DC,Washington,167,2015-12,4.293596
66135,20011,Washington,District of Columbia,DC,Washington,167,2016-01,3.333333
66135,20011,Washington,District of Columbia,DC,Washington,167,2016-02,3.704252
66135,20011,Washington,District of Columbia,DC,Washington,167,2016-03,2.882931
66135,20011,Washington,District of Columbia,DC,Washington,167,2016-04,3.41056
66135,20011,Washington,District of Columbia,DC,Washington,167,2016-05,2.87619
66135,20011,Washington,District of Columbia,DC,Washington,167,2016-06,3.144654
66135,20011,Washington,District of Columbia,DC,Washington,167,2016-07,2.994948
66135,20011,Washington,District of Columbia,DC,Washington,167,2016-08,3.144654
66142,20019,Washington,District of Columbia,DC,Washington,227,2010-09,8.950037
66142,20019,Washington,District of Columbia,DC,Washington,227,2010-10,9.095043
66142,20019,Washington,District of Columbia,DC,Washington,227,2010-11,10.05551
66142,20019,Washington,District of Columbia,DC,Washington,227,2010-12,10.40457
66142,20019,Washington,District of Columbia,DC,Washington,227,2011-01,6.10542
66142,20019,Washington,District of Columbia,DC,Washington,227,2011-02,7.412898
66142,20019,Washington,District of Columbia,DC,Washington,227,2011-03,7.058824
66142,20019,Washington,District of Columbia,DC,Washington,227,2011-04,5.586592
66142,20019,Washington,District of Columbia,DC,Washington,227,2011-05,7.978516
66142,20019,Washington,District of Columbia,DC,Washington,227,2011-06,5.748463
66142,20019,Washington,District of Columbia,DC,Washington,227,2011-07,7.54717
66142,20019,Washington,District of Columbia,DC,Washington,227,2011-08,5.885815
66142,20019,Washington,District of Columbia,DC,Washington,227,2011-09,6.253909
66142,20019,Washington,District of Columbia,DC,Washington,227,2011-10,8.471617
66142,20019,Washington,District of Columbia,DC,Washington,227,2011-11,6.253909
66142,20019,Washington,District of Columbia,DC,Washington,227,2011-12,7.357294
66142,20019,Washington,District of Columbia,DC,Washington,227,2012-01,6.507937
66142,20019,Washington,District of Columbia,DC,Washington,227,2012-02,4.752364
66142,20019,Washington,District of Columbia,DC,Washington,227,2012-03,9.302741
66142,20019,Washington,District of Columbia,DC,Washington,227,2012-04,3.846154
66142,20019,Washington,District of Columbia,DC,Washington,227,2012-05,7.147963
66142,20019,Washington,District of Columbia,DC,Washington,227,2012-06,5.238095
66142,20019,Washington,District of Columbia,DC,Washington,227,2012-07,9.369315
66142,20019,Washington,District of Columbia,DC,Washington,227,2012-08,8.264463
66142,20019,Washington,District of Columbia,DC,Washington,227,2012-09,4.535571
66142,20019,Washington,District of Columbia,DC,Washington,227,2012-10,6.689038
66142,20019,Washington,District of Columbia,DC,Washington,227,2012-11,6.896552
66142,20019,Washington,District of Columbia,DC,Washington,227,2012-12,5.925926
66142,20019,Washington,District of Columbia,DC,Washington,227,2013-01,3.687764
66142,20019,Washington,District of Columbia,DC,Washington,227,2013-02,8.302768
66142,20019,Washington,District of Columbia,DC,Washington,227,2013-03,4.775604
66142,20019,Washington,District of Columbia,DC,Washington,227,2013-04,5.464481
66142,20019,Washington,District of Columbia,DC,Washington,227,2013-05,7.423768
66142,20019,Washington,District of Columbia,DC,Washington,227,2013-06,7.926341
66142,20019,Washington,District of Columbia,DC,Washington,227,2013-07,7.432967
66142,20019,Washington,District of Columbia,DC,Washington,227,2013-08,5.913911
66142,20019,Washington,District of Columbia,DC,Washington,227,2013-09,3.134796
66142,20019,Washington,District of Columbia,DC,Washington,227,2013-10,6.010354
66142,20019,Washington,District of Columbia,DC,Washington,227,2013-11,4.597504
66142,20019,Washington,District of Columbia,DC,Washington,227,2013-12,3.873467
66142,20019,Washington,District of Columbia,DC,Washington,227,2014-01,4.999936
66142,20019,Washington,District of Columbia,DC,Washington,227,2014-02,4.480022
66142,20019,Washington,District of Columbia,DC,Washington,227,2014-03,6.666667
66142,20019,Washington,District of Columbia,DC,Washington,227,2014-04,8.242328
66142,20019,Washington,District of Columbia,DC,Washington,227,2014-05,5.581421
66142,20019,Washington,District of Columbia,DC,Washington,227,2014-06,4.001601
66142,20019,Washington,District of Columbia,DC,Washington,227,2014-07,4.502501
66142,20019,Washington,District of Columbia,DC,Washington,227,2014-08,5.232558
66142,20019,Washington,District of Columbia,DC,Washington,227,2014-09,5.88745
66142,20019,Washington,District of Columbia,DC,Washington,227,2014-10,5.276186
66142,20019,Washington,District of Columbia,DC,Washington,227,2014-11,4.997225
66142,20019,Washington,District of Columbia,DC,Washington,227,2014-12,5.526363
66142,20019,Washington,District of Columbia,DC,Washington,227,2015-01,6.25
66142,20019,Washington,District of Columbia,DC,Washington,227,2015-02,4.886882
66142,20019,Washington,District of Columbia,DC,Washington,227,2015-03,6.1262
66142,20019,Washington,District of Columbia,DC,Washington,227,2015-04,3.334445
66142,20019,Washington,District of Columbia,DC,Washington,227,2015-05,5.903272
66142,20019,Washington,District of Columbia,DC,Washington,227,2015-06,6.451613
66142,20019,Washington,District of Columbia,DC,Washington,227,2015-07,5.873073
66142,20019,Washington,District of Columbia,DC,Washington,227,2015-08,5.079365
66142,20019,Washington,District of Columbia,DC,Washington,227,2015-09,4.352727
66142,20019,Washington,District of Columbia,DC,Washington,227,2015-10,4.77327
66142,20019,Washington,District of Columbia,DC,Washington,227,2015-11,4.399619
66142,20019,Washington,District of Columbia,DC,Washington,227,2015-12,3.4483
66142,20019,Washington,District of Columbia,DC,Washington,227,2016-01,4.425762
66142,20019,Washington,District of Columbia,DC,Washington,227,2016-02,4.191192
66142,20019,Washington,District of Columbia,DC,Washington,227,2016-03,2.57642
66142,20019,Washington,District of Columbia,DC,Washington,227,2016-04,3.782306
66142,20019,Washington,District of Columbia,DC,Washington,227,2016-05,5.266805
66142,20019,Washington,District of Columbia,DC,Washington,227,2016-06,4.000208
66142,20019,Washington,District of Columbia,DC,Washington,227,2016-07,4.30848
66142,20019,Washington,District of Columbia,DC,Washington,227,2016-08,4.44664
66125,20001,Washington,District of Columbia,DC,Washington,352,2010-09,3.931373
66125,20001,Washington,District of Columbia,DC,Washington,352,2010-10,3.06201
66125,20001,Washington,District of Columbia,DC,Washington,352,2010-11,3.855422
66125,20001,Washington,District of Columbia,DC,Washington,352,2010-12,2.529053
66125,20001,Washington,District of Columbia,DC,Washington,352,2011-01,3.405428
66125,20001,Washington,District of Columbia,DC,Washington,352,2011-02,0.896057
66125,20001,Washington,District of Columbia,DC,Washington,352,2011-03,1.904943
66125,20001,Washington,District of Columbia,DC,Washington,352,2011-04,1.994651
66125,20001,Washington,District of Columbia,DC,Washington,352,2011-05,2.864158
66125,20001,Washington,District of Columbia,DC,Washington,352,2011-06,2.882883
66125,20001,Washington,District of Columbia,DC,Washington,352,2011-07,2.745069
66125,20001,Washington,District of Columbia,DC,Washington,352,2011-08,3.24826
66125,20001,Washington,District of Columbia,DC,Washington,352,2011-09,2.7897
66125,20001,Washington,District of Columbia,DC,Washington,352,2011-10,3.636364
66125,20001,Washington,District of Columbia,DC,Washington,352,2011-11,3.542145
66125,20001,Washington,District of Columbia,DC,Washington,352,2011-12,2.45098
66125,20001,Washington,District of Columbia,DC,Washington,352,2012-01,3.550573
66125,20001,Washington,District of Columbia,DC,Washington,352,2012-02,2.913187
66125,20001,Washington,District of Columbia,DC,Washington,352,2012-03,3.374858
66125,20001,Washington,District of Columbia,DC,Washington,352,2012-04,2.582736
66125,20001,Washington,District of Columbia,DC,Washington,352,2012-05,4.130704
66125,20001,Washington,District of Columbia,DC,Washington,352,2012-06,3.927085
66125,20001,Washington,District of Columbia,DC,Washington,352,2012-07,4.002936
66125,20001,Washington,District of Columbia,DC,Washington,352,2012-08,3.58543
66125,20001,Washington,District of Columbia,DC,Washington,352,2012-09,3.448414
66125,20001,Washington,District of Columbia,DC,Washington,352,2012-10,3.586207
66125,20001,Washington,District of Columbia,DC,Washington,352,2012-11,3.334445
66125,20001,Washington,District of Columbia,DC,Washington,352,2012-12,3.168018
66125,20001,Washington,District of Columbia,DC,Washington,352,2013-01,3.748652
66125,20001,Washington,District of Columbia,DC,Washington,352,2013-02,2.979023
66125,20001,Washington,District of Columbia,DC,Washington,352,2013-03,2.989537
66125,20001,Washington,District of Columbia,DC,Washington,352,2013-04,4.097187
66125,20001,Washington,District of Columbia,DC,Washington,352,2013-05,4.006678
66125,20001,Washington,District of Columbia,DC,Washington,352,2013-06,3.12989
66125,20001,Washington,District of Columbia,DC,Washington,352,2013-07,3.333889
66125,20001,Washington,District of Columbia,DC,Washington,352,2013-08,3.187251
66125,20001,Washington,District of Columbia,DC,Washington,352,2013-09,3.29686
66125,20001,Washington,District of Columbia,DC,Washington,352,2013-10,4.095538
66125,20001,Washington,District of Columbia,DC,Washington,352,2013-11,4.115226
66125,20001,Washington,District of Columbia,DC,Washington,352,2013-12,5.439321
66125,20001,Washington,District of Columbia,DC,Washington,352,2014-01,4.858097
66125,20001,Washington,District of Columbia,DC,Washington,352,2014-02,2.581197
66125,20001,Washington,District of Columbia,DC,Washington,352,2014-03,2.642963
66125,20001,Washington,District of Columbia,DC,Washington,352,2014-04,2.333308
66125,20001,Washington,District of Columbia,DC,Washington,352,2014-05,3.8372
66125,20001,Washington,District of Columbia,DC,Washington,352,2014-06,3.313663
66125,20001,Washington,District of Columbia,DC,Washington,352,2014-07,4.264392
66125,20001,Washington,District of Columbia,DC,Washington,352,2014-08,4.344476
66125,20001,Washington,District of Columbia,DC,Washington,352,2014-09,2.994012
66125,20001,Washington,District of Columbia,DC,Washington,352,2014-10,3.354179
66125,20001,Washington,District of Columbia,DC,Washington,352,2014-11,2.708777
66125,20001,Washington,District of Columbia,DC,Washington,352,2014-12,2.951829
66125,20001,Washington,District of Columbia,DC,Washington,352,2015-01,2.632272
66125,20001,Washington,District of Columbia,DC,Washington,352,2015-02,3.508772
66125,20001,Washington,District of Columbia,DC,Washington,352,2015-03,2.359912
66125,20001,Washington,District of Columbia,DC,Washington,352,2015-04,2.77858
66125,20001,Washington,District of Columbia,DC,Washington,352,2015-05,2.50625
66125,20001,Washington,District of Columbia,DC,Washington,352,2015-06,2.656042
66125,20001,Washington,District of Columbia,DC,Washington,352,2015-07,3.18609
66125,20001,Washington,District of Columbia,DC,Washington,352,2015-08,4.615385
66125,20001,Washington,District of Columbia,DC,Washington,352,2015-09,3.407591
66125,20001,Washington,District of Columbia,DC,Washington,352,2015-10,3.303629
66125,20001,Washington,District of Columbia,DC,Washington,352,2015-11,3.415057
66125,20001,Washington,District of Columbia,DC,Washington,352,2015-12,3.617634
66125,20001,Washington,District of Columbia,DC,Washington,352,2016-01,2.459016
66125,20001,Washington,District of Columbia,DC,Washington,352,2016-02,2.457062
66125,20001,Washington,District of Columbia,DC,Washington,352,2016-03,2.793447
66125,20001,Washington,District of Columbia,DC,Washington,352,2016-04,3.396896
66125,20001,Washington,District of Columbia,DC,Washington,352,2016-05,1.899804
66125,20001,Washington,District of Columbia,DC,Washington,352,2016-06,2.504472
66125,20001,Washington,District of Columbia,DC,Washington,352,2016-07,3.989897
66125,20001,Washington,District of Columbia,DC,Washington,352,2016-08,3.333333
66143,20020,Washington,District of Columbia,DC,Washington,393,2010-09,7.990799
66143,20020,Washington,District of Columbia,DC,Washington,393,2010-10,7.722008
66143,20020,Washington,District of Columbia,DC,Washington,393,2010-11,7.194245
66143,20020,Washington,District of Columbia,DC,Washington,393,2010-12,7.022257
66143,20020,Washington,District of Columbia,DC,Washington,393,2011-01,7.781223
66143,20020,Washington,District of Columbia,DC,Washington,393,2011-02,5.945303
66143,20020,Washington,District of Columbia,DC,Washington,393,2011-03,12
66143,20020,Washington,District of Columbia,DC,Washington,393,2011-04,5.425868
66143,20020,Washington,District of Columbia,DC,Washington,393,2011-05,7.196898
66143,20020,Washington,District of Columbia,DC,Washington,393,2011-06,8
66143,20020,Washington,District of Columbia,DC,Washington,393,2011-07,7.692308
66143,20020,Washington,District of Columbia,DC,Washington,393,2011-08,11.11111
66143,20020,Washington,District of Columbia,DC,Washington,393,2011-09,9.667972
66143,20020,Washington,District of Columbia,DC,Washington,393,2011-10,8.032129
66143,20020,Washington,District of Columbia,DC,Washington,393,2011-11,17.24138
66143,20020,Washington,District of Columbia,DC,Washington,393,2011-12,4.762434
66143,20020,Washington,District of Columbia,DC,Washington,393,2012-01,10.65729
66143,20020,Washington,District of Columbia,DC,Washington,393,2012-02,4.974029
66143,20020,Washington,District of Columbia,DC,Washington,393,2012-03,9.475284
66143,20020,Washington,District of Columbia,DC,Washington,393,2012-04,11.42857
66143,20020,Washington,District of Columbia,DC,Washington,393,2012-05,5.02924
66143,20020,Washington,District of Columbia,DC,Washington,393,2012-06,5.586592
66143,20020,Washington,District of Columbia,DC,Washington,393,2012-07,4.784689
66143,20020,Washington,District of Columbia,DC,Washington,393,2012-08,12.1917
66143,20020,Washington,District of Columbia,DC,Washington,393,2012-09,8.284024
66143,20020,Washington,District of Columbia,DC,Washington,393,2012-10,4.762381
66143,20020,Washington,District of Columbia,DC,Washington,393,2012-11,4.265963
66143,20020,Washington,District of Columbia,DC,Washington,393,2012-12,6.390652
66143,20020,Washington,District of Columbia,DC,Washington,393,2013-01,7.410152
66143,20020,Washington,District of Columbia,DC,Washington,393,2013-02,2.551981
66143,20020,Washington,District of Columbia,DC,Washington,393,2013-03,5.691289
66143,20020,Washington,District of Columbia,DC,Washington,393,2013-04,8.695197
66143,20020,Washington,District of Columbia,DC,Washington,393,2013-05,11.15242
66143,20020,Washington,District of Columbia,DC,Washington,393,2013-06,7.692308
66143,20020,Washington,District of Columbia,DC,Washington,393,2013-07,4.231828
66143,20020,Washington,District of Columbia,DC,Washington,393,2013-08,6.352761
66143,20020,Washington,District of Columbia,DC,Washington,393,2013-09,7.009824
66143,20020,Washington,District of Columbia,DC,Washington,393,2013-10,4.255319
66143,20020,Washington,District of Columbia,DC,Washington,393,2013-11,6.117647
66143,20020,Washington,District of Columbia,DC,Washington,393,2013-12,3.922347
66143,20020,Washington,District of Columbia,DC,Washington,393,2014-01,4.349717
66143,20020,Washington,District of Columbia,DC,Washington,393,2014-02,5.479452
66143,20020,Washington,District of Columbia,DC,Washington,393,2014-03,3.039514
66143,20020,Washington,District of Columbia,DC,Washington,393,2014-04,4.285714
66143,20020,Washington,District of Columbia,DC,Washington,393,2014-05,3.941715
66143,20020,Washington,District of Columbia,DC,Washington,393,2014-06,4.441176
66143,20020,Washington,District of Columbia,DC,Washington,393,2014-07,4.472727
66143,20020,Washington,District of Columbia,DC,Washington,393,2014-08,8.455719
66143,20020,Washington,District of Columbia,DC,Washington,393,2014-09,7.014028
66143,20020,Washington,District of Columbia,DC,Washington,393,2014-10,4.909091
66143,20020,Washington,District of Columbia,DC,Washington,393,2014-11,8.959681
66143,20020,Washington,District of Columbia,DC,Washington,393,2014-12,6.957967
66143,20020,Washington,District of Columbia,DC,Washington,393,2015-01,6.428571
66143,20020,Washington,District of Columbia,DC,Washington,393,2015-02,5.128205
66143,20020,Washington,District of Columbia,DC,Washington,393,2015-03,7.619048
66143,20020,Washington,District of Columbia,DC,Washington,393,2015-04,6.083766
66143,20020,Washington,District of Columbia,DC,Washington,393,2015-05,7.272727
66143,20020,Washington,District of Columbia,DC,Washington,393,2015-06,4.166667
66143,20020,Washington,District of Columbia,DC,Washington,393,2015-07,4.652245
66143,20020,Washington,District of Columbia,DC,Washington,393,2015-08,8.333333
66143,20020,Washington,District of Columbia,DC,Washington,393,2015-09,4.011129
66143,20020,Washington,District of Columbia,DC,Washington,393,2015-10,6.5625
66143,20020,Washington,District of Columbia,DC,Washington,393,2015-11,3.922078
66143,20020,Washington,District of Columbia,DC,Washington,393,2015-12,5.799254
66143,20020,Washington,District of Columbia,DC,Washington,393,2016-01,3.782735
66143,20020,Washington,District of Columbia,DC,Washington,393,2016-02,5.025126
66143,20020,Washington,District of Columbia,DC,Washington,393,2016-03,4.44664
66143,20020,Washington,District of Columbia,DC,Washington,393,2016-04,5.29413
66143,20020,Washington,District of Columbia,DC,Washington,393,2016-05,4.971785
66143,20020,Washington,District of Columbia,DC,Washington,393,2016-06,4.761905
66143,20020,Washington,District of Columbia,DC,Washington,393,2016-07,4.968323
66143,20020,Washington,District of Columbia,DC,Washington,393,2016-08,4.337624
66132,20008,Washington,District of Columbia,DC,Washington,1334,2010-09,4.655105
66132,20008,Washington,District of Columbia,DC,Washington,1334,2010-10,4.5543
66132,20008,Washington,District of Columbia,DC,Washington,1334,2010-11,3.786447
66132,20008,Washington,District of Columbia,DC,Washington,1334,2010-12,5.181347
66132,20008,Washington,District of Columbia,DC,Washington,1334,2011-01,5.818182
66132,20008,Washington,District of Columbia,DC,Washington,1334,2011-02,3.5
66132,20008,Washington,District of Columbia,DC,Washington,1334,2011-03,3.420785
66132,20008,Washington,District of Columbia,DC,Washington,1334,2011-04,4.62802
66132,20008,Washington,District of Columbia,DC,Washington,1334,2011-05,3.898481
66132,20008,Washington,District of Columbia,DC,Washington,1334,2011-06,3.814806
66132,20008,Washington,District of Columbia,DC,Washington,1334,2011-07,5.270092
66132,20008,Washington,District of Columbia,DC,Washington,1334,2011-08,4.227149
66132,20008,Washington,District of Columbia,DC,Washington,1334,2011-09,4.596617
66132,20008,Washington,District of Columbia,DC,Washington,1334,2011-10,4.520273
66132,20008,Washington,District of Columbia,DC,Washington,1334,2011-11,3.76929
66132,20008,Washington,District of Columbia,DC,Washington,1334,2011-12,3.448276
66132,20008,Washington,District of Columbia,DC,Washington,1334,2012-01,4.129794
66132,20008,Washington,District of Columbia,DC,Washington,1334,2012-02,4.096386
66132,20008,Washington,District of Columbia,DC,Washington,1334,2012-03,4.011461
66132,20008,Washington,District of Columbia,DC,Washington,1334,2012-04,3.645189
66132,20008,Washington,District of Columbia,DC,Washington,1334,2012-05,3.750469
66132,20008,Washington,District of Columbia,DC,Washington,1334,2012-06,4.129794
66132,20008,Washington,District of Columbia,DC,Washington,1334,2012-07,5.734266
66132,20008,Washington,District of Columbia,DC,Washington,1334,2012-08,3.341289
66132,20008,Washington,District of Columbia,DC,Washington,1334,2012-09,4.809619
66132,20008,Washington,District of Columbia,DC,Washington,1334,2012-10,3.206413
66132,20008,Washington,District of Columbia,DC,Washington,1334,2012-11,5.263158
66132,20008,Washington,District of Columbia,DC,Washington,1334,2012-12,2.657219
66132,20008,Washington,District of Columbia,DC,Washington,1334,2013-01,3.174603
66132,20008,Washington,District of Columbia,DC,Washington,1334,2013-02,5.146628
66132,20008,Washington,District of Columbia,DC,Washington,1334,2013-03,3.457098
66132,20008,Washington,District of Columbia,DC,Washington,1334,2013-04,2.756053
66132,20008,Washington,District of Columbia,DC,Washington,1334,2013-05,2.949853
66132,20008,Washington,District of Columbia,DC,Washington,1334,2013-06,3.516798
66132,20008,Washington,District of Columbia,DC,Washington,1334,2013-07,3.159482
66132,20008,Washington,District of Columbia,DC,Washington,1334,2013-08,3.127849
66132,20008,Washington,District of Columbia,DC,Washington,1334,2013-09,3.786352
66132,20008,Washington,District of Columbia,DC,Washington,1334,2013-10,3.539823
66132,20008,Washington,District of Columbia,DC,Washington,1334,2013-11,4
66132,20008,Washington,District of Columbia,DC,Washington,1334,2013-12,4.454343
66132,20008,Washington,District of Columbia,DC,Washington,1334,2014-01,2.567932
66132,20008,Washington,District of Columbia,DC,Washington,1334,2014-02,2.76303
66132,20008,Washington,District of Columbia,DC,Washington,1334,2014-03,4.118049
66132,20008,Washington,District of Columbia,DC,Washington,1334,2014-04,3.076923
66132,20008,Washington,District of Columbia,DC,Washington,1334,2014-05,3.946328
66132,20008,Washington,District of Columbia,DC,Washington,1334,2014-06,5.245958
66132,20008,Washington,District of Columbia,DC,Washington,1334,2014-07,2.999785
66132,20008,Washington,District of Columbia,DC,Washington,1334,2014-08,4.026746
66132,20008,Washington,District of Columbia,DC,Washington,1334,2014-09,4.134712
66132,20008,Washington,District of Columbia,DC,Washington,1334,2014-10,3.776617
66132,20008,Washington,District of Columbia,DC,Washington,1334,2014-11,3.202503
66132,20008,Washington,District of Columbia,DC,Washington,1334,2014-12,4.555809
66132,20008,Washington,District of Columbia,DC,Washington,1334,2015-01,3.38936
66132,20008,Washington,District of Columbia,DC,Washington,1334,2015-02,4.413662
66132,20008,Washington,District of Columbia,DC,Washington,1334,2015-03,3.174603
66132,20008,Washington,District of Columbia,DC,Washington,1334,2015-04,4.56621
66132,20008,Washington,District of Columbia,DC,Washington,1334,2015-05,3.586207
66132,20008,Washington,District of Columbia,DC,Washington,1334,2015-06,3.854998
66132,20008,Washington,District of Columbia,DC,Washington,1334,2015-07,3.142857
66132,20008,Washington,District of Columbia,DC,Washington,1334,2015-08,5
66132,20008,Washington,District of Columbia,DC,Washington,1334,2015-09,2.798606
66132,20008,Washington,District of Columbia,DC,Washington,1334,2015-10,3.880918
66132,20008,Washington,District of Columbia,DC,Washington,1334,2015-11,4.323648
66132,20008,Washington,District of Columbia,DC,Washington,1334,2015-12,5.008347
66132,20008,Washington,District of Columbia,DC,Washington,1334,2016-01,4.255319
66132,20008,Washington,District of Columbia,DC,Washington,1334,2016-02,5.643723
66132,20008,Washington,District of Columbia,DC,Washington,1334,2016-03,3.348627
66132,20008,Washington,District of Columbia,DC,Washington,1334,2016-04,3.225806
66132,20008,Washington,District of Columbia,DC,Washington,1334,2016-05,5.555556
66132,20008,Washington,District of Columbia,DC,Washington,1334,2016-06,3.697997
66132,20008,Washington,District of Columbia,DC,Washington,1334,2016-07,4.780952
66132,20008,Washington,District of Columbia,DC,Washington,1334,2016-08,5.077338
66139,20016,Washington,District of Columbia,DC,Washington,2064,2010-09,5.646832
66139,20016,Washington,District of Columbia,DC,Washington,2064,2010-10,3.650851
66139,20016,Washington,District of Columbia,DC,Washington,2064,2010-11,3.204067
66139,20016,Washington,District of Columbia,DC,Washington,2064,2010-12,3.128911
66139,20016,Washington,District of Columbia,DC,Washington,2064,2011-01,3.813796
66139,20016,Washington,District of Columbia,DC,Washington,2064,2011-02,3.6852
66139,20016,Washington,District of Columbia,DC,Washington,2064,2011-03,3.775009
66139,20016,Washington,District of Columbia,DC,Washington,2064,2011-04,4.826042
66139,20016,Washington,District of Columbia,DC,Washington,2064,2011-05,4.109589
66139,20016,Washington,District of Columbia,DC,Washington,2064,2011-06,3.847634
66139,20016,Washington,District of Columbia,DC,Washington,2064,2011-07,2.462214
66139,20016,Washington,District of Columbia,DC,Washington,2064,2011-08,3.775009
66139,20016,Washington,District of Columbia,DC,Washington,2064,2011-09,3.824871
66139,20016,Washington,District of Columbia,DC,Washington,2064,2011-10,3.81025
66139,20016,Washington,District of Columbia,DC,Washington,2064,2011-11,2.304482
66139,20016,Washington,District of Columbia,DC,Washington,2064,2011-12,3.23693
66139,20016,Washington,District of Columbia,DC,Washington,2064,2012-01,4.016064
66139,20016,Washington,District of Columbia,DC,Washington,2064,2012-02,4.772296
66139,20016,Washington,District of Columbia,DC,Washington,2064,2012-03,3.846894
66139,20016,Washington,District of Columbia,DC,Washington,2064,2012-04,2.638522
66139,20016,Washington,District of Columbia,DC,Washington,2064,2012-05,4.219409
66139,20016,Washington,District of Columbia,DC,Washington,2064,2012-06,4.138852
66139,20016,Washington,District of Columbia,DC,Washington,2064,2012-07,4.428698
66139,20016,Washington,District of Columbia,DC,Washington,2064,2012-08,3.718593
66139,20016,Washington,District of Columbia,DC,Washington,2064,2012-09,3.607383
66139,20016,Washington,District of Columbia,DC,Washington,2064,2012-10,5.233485
66139,20016,Washington,District of Columbia,DC,Washington,2064,2012-11,3.036364
66139,20016,Washington,District of Columbia,DC,Washington,2064,2012-12,5.067394
66139,20016,Washington,District of Columbia,DC,Washington,2064,2013-01,4.544949
66139,20016,Washington,District of Columbia,DC,Washington,2064,2013-02,3.021318
66139,20016,Washington,District of Columbia,DC,Washington,2064,2013-03,4.109863
66139,20016,Washington,District of Columbia,DC,Washington,2064,2013-04,5.365529
66139,20016,Washington,District of Columbia,DC,Washington,2064,2013-05,6.581088
66139,20016,Washington,District of Columbia,DC,Washington,2064,2013-06,4.256225
66139,20016,Washington,District of Columbia,DC,Washington,2064,2013-07,4.317441
66139,20016,Washington,District of Columbia,DC,Washington,2064,2013-08,4.555809
66139,20016,Washington,District of Columbia,DC,Washington,2064,2013-09,5.012531
66139,20016,Washington,District of Columbia,DC,Washington,2064,2013-10,5.139665
66139,20016,Washington,District of Columbia,DC,Washington,2064,2013-11,4.040404
66139,20016,Washington,District of Columbia,DC,Washington,2064,2013-12,3.923448
66139,20016,Washington,District of Columbia,DC,Washington,2064,2014-01,3.036437
66139,20016,Washington,District of Columbia,DC,Washington,2064,2014-02,2.727273
66139,20016,Washington,District of Columbia,DC,Washington,2064,2014-03,3.335428
66139,20016,Washington,District of Columbia,DC,Washington,2064,2014-04,4.582376
66139,20016,Washington,District of Columbia,DC,Washington,2064,2014-05,4.689325
66139,20016,Washington,District of Columbia,DC,Washington,2064,2014-06,2.907591
66139,20016,Washington,District of Columbia,DC,Washington,2064,2014-07,4.376169
66139,20016,Washington,District of Columbia,DC,Washington,2064,2014-08,4.521739
66139,20016,Washington,District of Columbia,DC,Washington,2064,2014-09,3.759398
66139,20016,Washington,District of Columbia,DC,Washington,2064,2014-10,3.067604
66139,20016,Washington,District of Columbia,DC,Washington,2064,2014-11,2.667378
66139,20016,Washington,District of Columbia,DC,Washington,2064,2014-12,2.898551
66139,20016,Washington,District of Columbia,DC,Washington,2064,2015-01,3.85134
66139,20016,Washington,District of Columbia,DC,Washington,2064,2015-02,3.053703
66139,20016,Washington,District of Columbia,DC,Washington,2064,2015-03,2.178649
66139,20016,Washington,District of Columbia,DC,Washington,2064,2015-04,3.699422
66139,20016,Washington,District of Columbia,DC,Washington,2064,2015-05,2.920498
66139,20016,Washington,District of Columbia,DC,Washington,2064,2015-06,3.921569
66139,20016,Washington,District of Columbia,DC,Washington,2064,2015-07,4.738306
66139,20016,Washington,District of Columbia,DC,Washington,2064,2015-08,4.223947
66139,20016,Washington,District of Columbia,DC,Washington,2064,2015-09,3.847634
66139,20016,Washington,District of Columbia,DC,Washington,2064,2015-10,4.500127
66139,20016,Washington,District of Columbia,DC,Washington,2064,2015-11,4.070567
66139,20016,Washington,District of Columbia,DC,Washington,2064,2015-12,3.030303
66139,20016,Washington,District of Columbia,DC,Washington,2064,2016-01,4.16
66139,20016,Washington,District of Columbia,DC,Washington,2064,2016-02,2.713864
66139,20016,Washington,District of Columbia,DC,Washington,2064,2016-03,4.642554
66139,20016,Washington,District of Columbia,DC,Washington,2064,2016-04,4.456554
66139,20016,Washington,District of Columbia,DC,Washington,2064,2016-05,3.579425
66139,20016,Washington,District of Columbia,DC,Washington,2064,2016-06,4.446916
66139,20016,Washington,District of Columbia,DC,Washington,2064,2016-07,4.168404
66139,20016,Washington,District of Columbia,DC,Washington,2064,2016-08,3.757225
66127,20003,Washington,District of Columbia,DC,Washington,2278,2010-09,4.233376
66127,20003,Washington,District of Columbia,DC,Washington,2278,2010-10,3.130844
66127,20003,Washington,District of Columbia,DC,Washington,2278,2010-11,4.08998
66127,20003,Washington,District of Columbia,DC,Washington,2278,2010-12,4.016064
66127,20003,Washington,District of Columbia,DC,Washington,2278,2011-01,3.041579
66127,20003,Washington,District of Columbia,DC,Washington,2278,2011-02,4.275834
66127,20003,Washington,District of Columbia,DC,Washington,2278,2011-03,4.003203
66127,20003,Washington,District of Columbia,DC,Washington,2278,2011-04,2.711326
66127,20003,Washington,District of Columbia,DC,Washington,2278,2011-05,3.638554
66127,20003,Washington,District of Columbia,DC,Washington,2278,2011-06,3.738318
66127,20003,Washington,District of Columbia,DC,Washington,2278,2011-07,4.0008
66127,20003,Washington,District of Columbia,DC,Washington,2278,2011-08,4.683872
66127,20003,Washington,District of Columbia,DC,Washington,2278,2011-09,4.00064
66127,20003,Washington,District of Columbia,DC,Washington,2278,2011-10,3.165893
66127,20003,Washington,District of Columbia,DC,Washington,2278,2011-11,2.67612
66127,20003,Washington,District of Columbia,DC,Washington,2278,2011-12,3
66127,20003,Washington,District of Columbia,DC,Washington,2278,2012-01,2.452821
66127,20003,Washington,District of Columbia,DC,Washington,2278,2012-02,3.754693
66127,20003,Washington,District of Columbia,DC,Washington,2278,2012-03,2.638522
66127,20003,Washington,District of Columbia,DC,Washington,2278,2012-04,3.44887
66127,20003,Washington,District of Columbia,DC,Washington,2278,2012-05,3.449465
66127,20003,Washington,District of Columbia,DC,Washington,2278,2012-06,3.080236
66127,20003,Washington,District of Columbia,DC,Washington,2278,2012-07,2.474561
66127,20003,Washington,District of Columbia,DC,Washington,2278,2012-08,3.00826
66127,20003,Washington,District of Columbia,DC,Washington,2278,2012-09,2.542804
66127,20003,Washington,District of Columbia,DC,Washington,2278,2012-10,2.667022
66127,20003,Washington,District of Columbia,DC,Washington,2278,2012-11,4.412414
66127,20003,Washington,District of Columbia,DC,Washington,2278,2012-12,1.863893
66127,20003,Washington,District of Columbia,DC,Washington,2278,2013-01,3.563749
66127,20003,Washington,District of Columbia,DC,Washington,2278,2013-02,1.769912
66127,20003,Washington,District of Columbia,DC,Washington,2278,2013-03,4.286939
66127,20003,Washington,District of Columbia,DC,Washington,2278,2013-04,2.901959
66127,20003,Washington,District of Columbia,DC,Washington,2278,2013-05,3.855422
66127,20003,Washington,District of Columbia,DC,Washington,2278,2013-06,3.590379
66127,20003,Washington,District of Columbia,DC,Washington,2278,2013-07,2.797943
66127,20003,Washington,District of Columbia,DC,Washington,2278,2013-08,2.805611
66127,20003,Washington,District of Columbia,DC,Washington,2278,2013-09,3.333333
66127,20003,Washington,District of Columbia,DC,Washington,2278,2013-10,2.952073
66127,20003,Washington,District of Columbia,DC,Washington,2278,2013-11,3.90117
66127,20003,Washington,District of Columbia,DC,Washington,2278,2013-12,2.279779
66127,20003,Washington,District of Columbia,DC,Washington,2278,2014-01,1.637468
66127,20003,Washington,District of Columbia,DC,Washington,2278,2014-02,2.112676
66127,20003,Washington,District of Columbia,DC,Washington,2278,2014-03,2.83162
66127,20003,Washington,District of Columbia,DC,Washington,2278,2014-04,2
66127,20003,Washington,District of Columbia,DC,Washington,2278,2014-05,1.73913
66127,20003,Washington,District of Columbia,DC,Washington,2278,2014-06,2.654867
66127,20003,Washington,District of Columbia,DC,Washington,2278,2014-07,3.189066
66127,20003,Washington,District of Columbia,DC,Washington,2278,2014-08,4.213277
66127,20003,Washington,District of Columbia,DC,Washington,2278,2014-09,3.618818
66127,20003,Washington,District of Columbia,DC,Washington,2278,2014-10,2.902758
66127,20003,Washington,District of Columbia,DC,Washington,2278,2014-11,2.799502
66127,20003,Washington,District of Columbia,DC,Washington,2278,2014-12,3.125391
66127,20003,Washington,District of Columbia,DC,Washington,2278,2015-01,6.582278
66127,20003,Washington,District of Columbia,DC,Washington,2278,2015-02,1.777251
66127,20003,Washington,District of Columbia,DC,Washington,2278,2015-03,4.001601
66127,20003,Washington,District of Columbia,DC,Washington,2278,2015-04,3.21129
66127,20003,Washington,District of Columbia,DC,Washington,2278,2015-05,2.962963
66127,20003,Washington,District of Columbia,DC,Washington,2278,2015-06,3.034484
66127,20003,Washington,District of Columbia,DC,Washington,2278,2015-07,3.510253
66127,20003,Washington,District of Columbia,DC,Washington,2278,2015-08,3.234789
66127,20003,Washington,District of Columbia,DC,Washington,2278,2015-09,2.953223
66127,20003,Washington,District of Columbia,DC,Washington,2278,2015-10,2.98552
66127,20003,Washington,District of Columbia,DC,Washington,2278,2015-11,4.327803
66127,20003,Washington,District of Columbia,DC,Washington,2278,2015-12,2.912621
66127,20003,Washington,District of Columbia,DC,Washington,2278,2016-01,2.686548
66127,20003,Washington,District of Columbia,DC,Washington,2278,2016-02,4.587977
66127,20003,Washington,District of Columbia,DC,Washington,2278,2016-03,2.764126
66127,20003,Washington,District of Columbia,DC,Washington,2278,2016-04,2.640008
66127,20003,Washington,District of Columbia,DC,Washington,2278,2016-05,2.131915
66127,20003,Washington,District of Columbia,DC,Washington,2278,2016-06,2.81536
66127,20003,Washington,District of Columbia,DC,Washington,2278,2016-07,2.015085
66127,20003,Washington,District of Columbia,DC,Washington,2278,2016-08,2.086789
66134,20010,Washington,District of Columbia,DC,Washington,2742,2010-09,4.946305
66134,20010,Washington,District of Columbia,DC,Washington,2742,2010-10,5.264856
66134,20010,Washington,District of Columbia,DC,Washington,2742,2010-11,4.991261
66134,20010,Washington,District of Columbia,DC,Washington,2742,2010-12,3.636364
66134,20010,Washington,District of Columbia,DC,Washington,2742,2011-01,2.790282
66134,20010,Washington,District of Columbia,DC,Washington,2742,2011-02,0.040323
66134,20010,Washington,District of Columbia,DC,Washington,2742,2011-03,0.060588
66134,20010,Washington,District of Columbia,DC,Washington,2742,2011-04,0.050251
66134,20010,Washington,District of Columbia,DC,Washington,2742,2011-05,0.084069
66134,20010,Washington,District of Columbia,DC,Washington,2742,2011-06,0.965688
66134,20010,Washington,District of Columbia,DC,Washington,2742,2011-07,0.112549
66134,20010,Washington,District of Columbia,DC,Washington,2742,2011-08,1.769912
66134,20010,Washington,District of Columbia,DC,Washington,2742,2011-09,0.127065
66134,20010,Washington,District of Columbia,DC,Washington,2742,2011-10,3.078056
66134,20010,Washington,District of Columbia,DC,Washington,2742,2011-11,3.705076
66134,20010,Washington,District of Columbia,DC,Washington,2742,2011-12,5.6031
66134,20010,Washington,District of Columbia,DC,Washington,2742,2012-01,3.719286
66134,20010,Washington,District of Columbia,DC,Washington,2742,2012-02,1.952019
66134,20010,Washington,District of Columbia,DC,Washington,2742,2012-03,1.301441
66134,20010,Washington,District of Columbia,DC,Washington,2742,2012-04,3.473431
66134,20010,Washington,District of Columbia,DC,Washington,2742,2012-05,3.136843
66134,20010,Washington,District of Columbia,DC,Washington,2742,2012-06,0.205903
66134,20010,Washington,District of Columbia,DC,Washington,2742,2012-07,1.605839
66134,20010,Washington,District of Columbia,DC,Washington,2742,2012-08,3.889609
66134,20010,Washington,District of Columbia,DC,Washington,2742,2012-09,4.832255
66134,20010,Washington,District of Columbia,DC,Washington,2742,2012-10,3.851852
66134,20010,Washington,District of Columbia,DC,Washington,2742,2012-11,1.669449
66134,20010,Washington,District of Columbia,DC,Washington,2742,2012-12,2.542804
66134,20010,Washington,District of Columbia,DC,Washington,2742,2013-01,3.418803
66134,20010,Washington,District of Columbia,DC,Washington,2742,2013-02,2.004008
66134,20010,Washington,District of Columbia,DC,Washington,2742,2013-03,1.538698
66134,20010,Washington,District of Columbia,DC,Washington,2742,2013-04,2.24259
66134,20010,Washington,District of Columbia,DC,Washington,2742,2013-05,4.74152
66134,20010,Washington,District of Columbia,DC,Washington,2742,2013-06,4.492754
66134,20010,Washington,District of Columbia,DC,Washington,2742,2013-07,4.348
66134,20010,Washington,District of Columbia,DC,Washington,2742,2013-08,2.068966
66134,20010,Washington,District of Columbia,DC,Washington,2742,2013-09,1.412772
66134,20010,Washington,District of Columbia,DC,Washington,2742,2013-10,3.058322
66134,20010,Washington,District of Columbia,DC,Washington,2742,2013-11,3.47907
66134,20010,Washington,District of Columbia,DC,Washington,2742,2013-12,2.930107
66134,20010,Washington,District of Columbia,DC,Washington,2742,2014-01,4.841402
66134,20010,Washington,District of Columbia,DC,Washington,2742,2014-02,3.641882
66134,20010,Washington,District of Columbia,DC,Washington,2742,2014-03,5.818182
66134,20010,Washington,District of Columbia,DC,Washington,2742,2014-04,4.596775
66134,20010,Washington,District of Columbia,DC,Washington,2742,2014-05,2.726146
66134,20010,Washington,District of Columbia,DC,Washington,2742,2014-06,1.904762
66134,20010,Washington,District of Columbia,DC,Washington,2742,2014-07,3.125004
66134,20010,Washington,District of Columbia,DC,Washington,2742,2014-08,2.72912
66134,20010,Washington,District of Columbia,DC,Washington,2742,2014-09,3.423941
66134,20010,Washington,District of Columbia,DC,Washington,2742,2014-10,2.81296
66134,20010,Washington,District of Columbia,DC,Washington,2742,2014-11,4.222932
66134,20010,Washington,District of Columbia,DC,Washington,2742,2014-12,2.551484
66134,20010,Washington,District of Columbia,DC,Washington,2742,2015-01,2.310606
66134,20010,Washington,District of Columbia,DC,Washington,2742,2015-02,2.041376
66134,20010,Washington,District of Columbia,DC,Washington,2742,2015-03,3.024826
66134,20010,Washington,District of Columbia,DC,Washington,2742,2015-04,5.284211
66134,20010,Washington,District of Columbia,DC,Washington,2742,2015-05,3.571939
66134,20010,Washington,District of Columbia,DC,Washington,2742,2015-06,4.834348
66134,20010,Washington,District of Columbia,DC,Washington,2742,2015-07,3.697997
66134,20010,Washington,District of Columbia,DC,Washington,2742,2015-08,2.941813
66134,20010,Washington,District of Columbia,DC,Washington,2742,2015-09,3.308366
66134,20010,Washington,District of Columbia,DC,Washington,2742,2015-10,2.077576
66134,20010,Washington,District of Columbia,DC,Washington,2742,2015-11,3.637686
66134,20010,Washington,District of Columbia,DC,Washington,2742,2015-12,3.0837
66134,20010,Washington,District of Columbia,DC,Washington,2742,2016-01,3.924247
66134,20010,Washington,District of Columbia,DC,Washington,2742,2016-02,3.226223
66134,20010,Washington,District of Columbia,DC,Washington,2742,2016-03,2.708343
66134,20010,Washington,District of Columbia,DC,Washington,2742,2016-04,4.205609
66134,20010,Washington,District of Columbia,DC,Washington,2742,2016-05,2.195068
66134,20010,Washington,District of Columbia,DC,Washington,2742,2016-06,2.792855
66134,20010,Washington,District of Columbia,DC,Washington,2742,2016-07,2.520325
66134,20010,Washington,District of Columbia,DC,Washington,2742,2016-08,2.892295
66131,20007,Washington,District of Columbia,DC,Washington,2756,2010-09,4.257584
66131,20007,Washington,District of Columbia,DC,Washington,2756,2010-10,5.538795
66131,20007,Washington,District of Columbia,DC,Washington,2756,2010-11,4.72879
66131,20007,Washington,District of Columbia,DC,Washington,2756,2010-12,3.772132
66131,20007,Washington,District of Columbia,DC,Washington,2756,2011-01,4.439024
66131,20007,Washington,District of Columbia,DC,Washington,2756,2011-02,5.000833
66131,20007,Washington,District of Columbia,DC,Washington,2756,2011-03,5.1005
66131,20007,Washington,District of Columbia,DC,Washington,2756,2011-04,5.006266
66131,20007,Washington,District of Columbia,DC,Washington,2756,2011-05,4.762482
66131,20007,Washington,District of Columbia,DC,Washington,2756,2011-06,3.572168
66131,20007,Washington,District of Columbia,DC,Washington,2756,2011-07,4.48919
66131,20007,Washington,District of Columbia,DC,Washington,2756,2011-08,5.046023
66131,20007,Washington,District of Columbia,DC,Washington,2756,2011-09,5.26296
66131,20007,Washington,District of Columbia,DC,Washington,2756,2011-10,4.472083
66131,20007,Washington,District of Columbia,DC,Washington,2756,2011-11,5.454586
66131,20007,Washington,District of Columbia,DC,Washington,2756,2011-12,5.405405
66131,20007,Washington,District of Columbia,DC,Washington,2756,2012-01,5.261746
66131,20007,Washington,District of Columbia,DC,Washington,2756,2012-02,4.830751
66131,20007,Washington,District of Columbia,DC,Washington,2756,2012-03,4.259851
66131,20007,Washington,District of Columbia,DC,Washington,2756,2012-04,4.205214
66131,20007,Washington,District of Columbia,DC,Washington,2756,2012-05,5.277045
66131,20007,Washington,District of Columbia,DC,Washington,2756,2012-06,4.348582
66131,20007,Washington,District of Columbia,DC,Washington,2756,2012-07,3.529566
66131,20007,Washington,District of Columbia,DC,Washington,2756,2012-08,3.412969
66131,20007,Washington,District of Columbia,DC,Washington,2756,2012-09,3.882887
66131,20007,Washington,District of Columbia,DC,Washington,2756,2012-10,4.095079
66131,20007,Washington,District of Columbia,DC,Washington,2756,2012-11,4.178649
66131,20007,Washington,District of Columbia,DC,Washington,2756,2012-12,5.018301
66131,20007,Washington,District of Columbia,DC,Washington,2756,2013-01,5.270092
66131,20007,Washington,District of Columbia,DC,Washington,2756,2013-02,3.840366
66131,20007,Washington,District of Columbia,DC,Washington,2756,2013-03,3.575398
66131,20007,Washington,District of Columbia,DC,Washington,2756,2013-04,3.231018
66131,20007,Washington,District of Columbia,DC,Washington,2756,2013-05,4.1841
66131,20007,Washington,District of Columbia,DC,Washington,2756,2013-06,4.809619
66131,20007,Washington,District of Columbia,DC,Washington,2756,2013-07,4.095715
66131,20007,Washington,District of Columbia,DC,Washington,2756,2013-08,2.868571
66131,20007,Washington,District of Columbia,DC,Washington,2756,2013-09,4.480611
66131,20007,Washington,District of Columbia,DC,Washington,2756,2013-10,3.145859
66131,20007,Washington,District of Columbia,DC,Washington,2756,2013-11,5.012531
66131,20007,Washington,District of Columbia,DC,Washington,2756,2013-12,3.007873
66131,20007,Washington,District of Columbia,DC,Washington,2756,2014-01,2.684564
66131,20007,Washington,District of Columbia,DC,Washington,2756,2014-02,3.850671
66131,20007,Washington,District of Columbia,DC,Washington,2756,2014-03,5.566751
66131,20007,Washington,District of Columbia,DC,Washington,2756,2014-04,3.655914
66131,20007,Washington,District of Columbia,DC,Washington,2756,2014-05,3.680133
66131,20007,Washington,District of Columbia,DC,Washington,2756,2014-06,3.62757
66131,20007,Washington,District of Columbia,DC,Washington,2756,2014-07,3.586207
66131,20007,Washington,District of Columbia,DC,Washington,2756,2014-08,3.846154
66131,20007,Washington,District of Columbia,DC,Washington,2756,2014-09,4.769475
66131,20007,Washington,District of Columbia,DC,Washington,2756,2014-10,3.861004
66131,20007,Washington,District of Columbia,DC,Washington,2756,2014-11,2.269318
66131,20007,Washington,District of Columbia,DC,Washington,2756,2014-12,2.793296
66131,20007,Washington,District of Columbia,DC,Washington,2756,2015-01,4.728941
66131,20007,Washington,District of Columbia,DC,Washington,2756,2015-02,4.99977
66131,20007,Washington,District of Columbia,DC,Washington,2756,2015-03,4.137931
66131,20007,Washington,District of Columbia,DC,Washington,2756,2015-04,3.888336
66131,20007,Washington,District of Columbia,DC,Washington,2756,2015-05,3.794038
66131,20007,Washington,District of Columbia,DC,Washington,2756,2015-06,4.259851
66131,20007,Washington,District of Columbia,DC,Washington,2756,2015-07,3.900386
66131,20007,Washington,District of Columbia,DC,Washington,2756,2015-08,2.971429
66131,20007,Washington,District of Columbia,DC,Washington,2756,2015-09,3.335557
66131,20007,Washington,District of Columbia,DC,Washington,2756,2015-10,3.225821
66131,20007,Washington,District of Columbia,DC,Washington,2756,2015-11,3.912658
66131,20007,Washington,District of Columbia,DC,Washington,2756,2015-12,3.432386
66131,20007,Washington,District of Columbia,DC,Washington,2756,2016-01,3.24027
66131,20007,Washington,District of Columbia,DC,Washington,2756,2016-02,4.459614
66131,20007,Washington,District of Columbia,DC,Washington,2756,2016-03,3.107692
66131,20007,Washington,District of Columbia,DC,Washington,2756,2016-04,3.680833
66131,20007,Washington,District of Columbia,DC,Washington,2756,2016-05,3.290364
66131,20007,Washington,District of Columbia,DC,Washington,2756,2016-06,3.284081
66131,20007,Washington,District of Columbia,DC,Washington,2756,2016-07,4.170289
66131,20007,Washington,District of Columbia,DC,Washington,2756,2016-08,3.389831
66141,20018,Washington,District of Columbia,DC,Washington,5680,2010-09,7.550019
66141,20018,Washington,District of Columbia,DC,Washington,5680,2010-10,5.248098
66141,20018,Washington,District of Columbia,DC,Washington,5680,2010-11,7.500188
66141,20018,Washington,District of Columbia,DC,Washington,5680,2010-12,5.025126
66141,20018,Washington,District of Columbia,DC,Washington,5680,2011-01,6.437233
66141,20018,Washington,District of Columbia,DC,Washington,5680,2011-02,6.038479
66141,20018,Washington,District of Columbia,DC,Washington,5680,2011-03,3.947368
66141,20018,Washington,District of Columbia,DC,Washington,5680,2011-04,5.265929
66141,20018,Washington,District of Columbia,DC,Washington,5680,2011-05,7.598275
66141,20018,Washington,District of Columbia,DC,Washington,5680,2011-06,5.760151
66141,20018,Washington,District of Columbia,DC,Washington,5680,2011-07,8.771256
66141,20018,Washington,District of Columbia,DC,Washington,5680,2011-08,5.517756
66141,20018,Washington,District of Columbia,DC,Washington,5680,2011-09,3.682229
66141,20018,Washington,District of Columbia,DC,Washington,5680,2011-10,5.46781
66141,20018,Washington,District of Columbia,DC,Washington,5680,2011-11,4.444444
66141,20018,Washington,District of Columbia,DC,Washington,5680,2011-12,3.465922
66141,20018,Washington,District of Columbia,DC,Washington,5680,2012-01,3.305375
66141,20018,Washington,District of Columbia,DC,Washington,5680,2012-02,5.597351
66141,20018,Washington,District of Columbia,DC,Washington,5680,2012-03,4.612698
66141,20018,Washington,District of Columbia,DC,Washington,5680,2012-04,3.672788
66141,20018,Washington,District of Columbia,DC,Washington,5680,2012-05,5.117271
66141,20018,Washington,District of Columbia,DC,Washington,5680,2012-06,5.833333
66141,20018,Washington,District of Columbia,DC,Washington,5680,2012-07,7.831373
66141,20018,Washington,District of Columbia,DC,Washington,5680,2012-08,8.805031
66141,20018,Washington,District of Columbia,DC,Washington,5680,2012-09,5.276382
66141,20018,Washington,District of Columbia,DC,Washington,5680,2012-10,7.076478
66141,20018,Washington,District of Columbia,DC,Washington,5680,2012-11,6.882591
66141,20018,Washington,District of Columbia,DC,Washington,5680,2012-12,4.150692
66141,20018,Washington,District of Columbia,DC,Washington,5680,2013-01,4.602915
66141,20018,Washington,District of Columbia,DC,Washington,5680,2013-02,3.789751
66141,20018,Washington,District of Columbia,DC,Washington,5680,2013-03,8.065817
66141,20018,Washington,District of Columbia,DC,Washington,5680,2013-04,3.017706
66141,20018,Washington,District of Columbia,DC,Washington,5680,2013-05,3.334506
66141,20018,Washington,District of Columbia,DC,Washington,5680,2013-06,5.008347
66141,20018,Washington,District of Columbia,DC,Washington,5680,2013-07,3.195876
66141,20018,Washington,District of Columbia,DC,Washington,5680,2013-08,3.481721
66141,20018,Washington,District of Columbia,DC,Washington,5680,2013-09,5.368695
66141,20018,Washington,District of Columbia,DC,Washington,5680,2013-10,3.296703
66141,20018,Washington,District of Columbia,DC,Washington,5680,2013-11,6.250008
66141,20018,Washington,District of Columbia,DC,Washington,5680,2013-12,6
66141,20018,Washington,District of Columbia,DC,Washington,5680,2014-01,1.6668
66141,20018,Washington,District of Columbia,DC,Washington,5680,2014-02,2.597403
66141,20018,Washington,District of Columbia,DC,Washington,5680,2014-03,3.772859
66141,20018,Washington,District of Columbia,DC,Washington,5680,2014-04,4.016
66141,20018,Washington,District of Columbia,DC,Washington,5680,2014-05,3.151601
66141,20018,Washington,District of Columbia,DC,Washington,5680,2014-06,2.879686
66141,20018,Washington,District of Columbia,DC,Washington,5680,2014-07,4.652245
66141,20018,Washington,District of Columbia,DC,Washington,5680,2014-08,6.263048
66141,20018,Washington,District of Columbia,DC,Washington,5680,2014-09,2.906854
66141,20018,Washington,District of Columbia,DC,Washington,5680,2014-10,3.571939
66141,20018,Washington,District of Columbia,DC,Washington,5680,2014-11,3.508772
66141,20018,Washington,District of Columbia,DC,Washington,5680,2014-12,3.846746
66141,20018,Washington,District of Columbia,DC,Washington,5680,2015-01,3.926782
66141,20018,Washington,District of Columbia,DC,Washington,5680,2015-02,4.331188
66141,20018,Washington,District of Columbia,DC,Washington,5680,2015-03,3.74868
66141,20018,Washington,District of Columbia,DC,Washington,5680,2015-04,3.846154
66141,20018,Washington,District of Columbia,DC,Washington,5680,2015-05,3.123599
66141,20018,Washington,District of Columbia,DC,Washington,5680,2015-06,3.538542
66141,20018,Washington,District of Columbia,DC,Washington,5680,2015-07,2.616705
66141,20018,Washington,District of Columbia,DC,Washington,5680,2015-08,2.61618
66141,20018,Washington,District of Columbia,DC,Washington,5680,2015-09,4.170176
66141,20018,Washington,District of Columbia,DC,Washington,5680,2015-10,3.702558
66141,20018,Washington,District of Columbia,DC,Washington,5680,2015-11,2.797203
66141,20018,Washington,District of Columbia,DC,Washington,5680,2015-12,2.580645
66141,20018,Washington,District of Columbia,DC,Washington,5680,2016-01,3.737967
66141,20018,Washington,District of Columbia,DC,Washington,5680,2016-02,5.573101
66141,20018,Washington,District of Columbia,DC,Washington,5680,2016-03,3.312384
66141,20018,Washington,District of Columbia,DC,Washington,5680,2016-04,4.115226
66141,20018,Washington,District of Columbia,DC,Washington,5680,2016-05,3.673345
66141,20018,Washington,District of Columbia,DC,Washington,5680,2016-06,2.818572
66141,20018,Washington,District of Columbia,DC,Washington,5680,2016-07,2.772297
66141,20018,Washington,District of Columbia,DC,Washington,5680,2016-08,4.952381
66155,20037,Washington,District of Columbia,DC,Washington,6172,2010-09,4.137931
66155,20037,Washington,District of Columbia,DC,Washington,6172,2010-10,2.116461
66155,20037,Washington,District of Columbia,DC,Washington,6172,2010-11,4.323459
66155,20037,Washington,District of Columbia,DC,Washington,6172,2010-12,2.046262
66155,20037,Washington,District of Columbia,DC,Washington,6172,2011-01,2.710027
66155,20037,Washington,District of Columbia,DC,Washington,6172,2011-02,4.101327
66155,20037,Washington,District of Columbia,DC,Washington,6172,2011-03,4.878049
66155,20037,Washington,District of Columbia,DC,Washington,6172,2011-04,3.433476
66155,20037,Washington,District of Columbia,DC,Washington,6172,2011-05,3.333333
66155,20037,Washington,District of Columbia,DC,Washington,6172,2011-06,3.614458
66155,20037,Washington,District of Columbia,DC,Washington,6172,2011-07,3.637025
66155,20037,Washington,District of Columbia,DC,Washington,6172,2011-08,3.555968
66155,20037,Washington,District of Columbia,DC,Washington,6172,2011-09,4.256225
66155,20037,Washington,District of Columbia,DC,Washington,6172,2011-10,4.623116
66155,20037,Washington,District of Columbia,DC,Washington,6172,2011-11,2.915767
66155,20037,Washington,District of Columbia,DC,Washington,6172,2011-12,3.748578
66155,20037,Washington,District of Columbia,DC,Washington,6172,2012-01,3.377262
66155,20037,Washington,District of Columbia,DC,Washington,6172,2012-02,6.090207
66155,20037,Washington,District of Columbia,DC,Washington,6172,2012-03,3.299952
66155,20037,Washington,District of Columbia,DC,Washington,6172,2012-04,5.866733
66155,20037,Washington,District of Columbia,DC,Washington,6172,2012-05,4.698907
66155,20037,Washington,District of Columbia,DC,Washington,6172,2012-06,5.079365
66155,20037,Washington,District of Columbia,DC,Washington,6172,2012-07,3.614893
66155,20037,Washington,District of Columbia,DC,Washington,6172,2012-08,3.717472
66155,20037,Washington,District of Columbia,DC,Washington,6172,2012-09,3.489478
66155,20037,Washington,District of Columbia,DC,Washington,6172,2012-10,2.326122
66155,20037,Washington,District of Columbia,DC,Washington,6172,2012-11,5.217391
66155,20037,Washington,District of Columbia,DC,Washington,6172,2012-12,3.418042
66155,20037,Washington,District of Columbia,DC,Washington,6172,2013-01,5.759553
66155,20037,Washington,District of Columbia,DC,Washington,6172,2013-02,6.332454
66155,20037,Washington,District of Columbia,DC,Washington,6172,2013-03,6.682318
66155,20037,Washington,District of Columbia,DC,Washington,6172,2013-04,3.577818
66155,20037,Washington,District of Columbia,DC,Washington,6172,2013-05,4.56621
66155,20037,Washington,District of Columbia,DC,Washington,6172,2013-06,3.223905
66155,20037,Washington,District of Columbia,DC,Washington,6172,2013-07,5.125313
66155,20037,Washington,District of Columbia,DC,Washington,6172,2013-08,3.118967
66155,20037,Washington,District of Columbia,DC,Washington,6172,2013-09,4.116073
66155,20037,Washington,District of Columbia,DC,Washington,6172,2013-10,5.332851
66155,20037,Washington,District of Columbia,DC,Washington,6172,2013-11,3.360603
66155,20037,Washington,District of Columbia,DC,Washington,6172,2013-12,3.156427
66155,20037,Washington,District of Columbia,DC,Washington,6172,2014-01,3.12758
66155,20037,Washington,District of Columbia,DC,Washington,6172,2014-02,6.912322
66155,20037,Washington,District of Columbia,DC,Washington,6172,2014-03,7.058824
66155,20037,Washington,District of Columbia,DC,Washington,6172,2014-04,2.971429
66155,20037,Washington,District of Columbia,DC,Washington,6172,2014-05,3.484564
66155,20037,Washington,District of Columbia,DC,Washington,6172,2014-06,2.693878
66155,20037,Washington,District of Columbia,DC,Washington,6172,2014-07,3.175611
66155,20037,Washington,District of Columbia,DC,Washington,6172,2014-08,3.462283
66155,20037,Washington,District of Columbia,DC,Washington,6172,2014-09,3.02967
66155,20037,Washington,District of Columbia,DC,Washington,6172,2014-10,4.405581
66155,20037,Washington,District of Columbia,DC,Washington,6172,2014-11,3.278689
66155,20037,Washington,District of Columbia,DC,Washington,6172,2014-12,0.586649
66155,20037,Washington,District of Columbia,DC,Washington,6172,2015-01,4.175063
66155,20037,Washington,District of Columbia,DC,Washington,6172,2015-02,8.674672
66155,20037,Washington,District of Columbia,DC,Washington,6172,2015-03,3.669078
66155,20037,Washington,District of Columbia,DC,Washington,6172,2015-04,2.337229
66155,20037,Washington,District of Columbia,DC,Washington,6172,2015-05,3.448752
66155,20037,Washington,District of Columbia,DC,Washington,6172,2015-06,4.00064
66155,20037,Washington,District of Columbia,DC,Washington,6172,2015-07,3.789474
66155,20037,Washington,District of Columbia,DC,Washington,6172,2015-08,2.790698
66155,20037,Washington,District of Columbia,DC,Washington,6172,2015-09,3.531663
66155,20037,Washington,District of Columbia,DC,Washington,6172,2015-10,4.999525
66155,20037,Washington,District of Columbia,DC,Washington,6172,2015-11,2.632965
66155,20037,Washington,District of Columbia,DC,Washington,6172,2015-12,4.616174
66155,20037,Washington,District of Columbia,DC,Washington,6172,2016-01,3.432821
66155,20037,Washington,District of Columbia,DC,Washington,6172,2016-02,2.272727
66155,20037,Washington,District of Columbia,DC,Washington,6172,2016-03,5.561735
66155,20037,Washington,District of Columbia,DC,Washington,6172,2016-04,3.523197
66155,20037,Washington,District of Columbia,DC,Washington,6172,2016-05,3.614699
66155,20037,Washington,District of Columbia,DC,Washington,6172,2016-06,5.583163
66155,20037,Washington,District of Columbia,DC,Washington,6172,2016-07,2.944641
66155,20037,Washington,District of Columbia,DC,Washington,6172,2016-08,3.316399
