RegionID,RegionName,City,County,State,Metro,SizeRank,Month,PctOfListingsWithPriceReductions
66133,20009,Washington,District of Columbia,DC,Washington,42,2010-09,14.73354
66133,20009,Washington,District of Columbia,DC,Washington,42,2010-10,16.47727
66133,20009,Washington,District of Columbia,DC,Washington,42,2010-11,15.15152
66133,20009,Washington,District of Columbia,DC,Washington,42,2010-12,11.18644
66133,20009,Washington,District of Columbia,DC,Washington,42,2011-01,11.2782
66133,20009,Washington,District of Columbia,DC,Washington,42,2011-02,9.333333
66133,20009,Washington,District of Columbia,DC,Washington,42,2011-03,15.9292
66133,20009,Washington,District of Columbia,DC,Washington,42,2011-04,18.91117
66133,20009,Washington,District of Columbia,DC,Washington,42,2011-05,21.68675
66133,20009,Washington,District of Columbia,DC,Washington,42,2011-06,16.34349
66133,20009,Washington,District of Columbia,DC,Washington,42,2011-07,16.44909
66133,20009,Washington,District of Columbia,DC,Washington,42,2011-08,15.4047
66133,20009,Washington,District of Columbia,DC,Washington,42,2011-09,12.81337
66133,20009,Washington,District of Columbia,DC,Washington,42,2011-10,19.21922
66133,20009,Washington,District of Columbia,DC,Washington,42,2011-11,14.10256
66133,20009,Washington,District of Columbia,DC,Washington,42,2011-12,7.801418
66133,20009,Washington,District of Columbia,DC,Washington,42,2012-01,8.243728
66133,20009,Washington,District of Columbia,DC,Washington,42,2012-02,10.12146
66133,20009,Washington,District of Columbia,DC,Washington,42,2012-03,7.843137
66133,20009,Washington,District of Columbia,DC,Washington,42,2012-04,7.886435
66133,20009,Washington,District of Columbia,DC,Washington,42,2012-05,10.85526
66133,20009,Washington,District of Columbia,DC,Washington,42,2012-06,10.9375
66133,20009,Washington,District of Columbia,DC,Washington,42,2012-07,14.55696
66133,20009,Washington,District of Columbia,DC,Washington,42,2012-08,11.02941
66133,20009,Washington,District of Columbia,DC,Washington,42,2012-09,15
66133,20009,Washington,District of Columbia,DC,Washington,42,2012-10,13.73239
66133,20009,Washington,District of Columbia,DC,Washington,42,2012-11,13.84615
66133,20009,Washington,District of Columbia,DC,Washington,42,2012-12,9.170306
66133,20009,Washington,District of Columbia,DC,Washington,42,2013-01,11.42857
66133,20009,Washington,District of Columbia,DC,Washington,42,2013-02,9.5
66133,20009,Washington,District of Columbia,DC,Washington,42,2013-03,11.34021
66133,20009,Washington,District of Columbia,DC,Washington,42,2013-04,9.292035
66133,20009,Washington,District of Columbia,DC,Washington,42,2013-05,10.8
66133,20009,Washington,District of Columbia,DC,Washington,42,2013-06,9.881423
66133,20009,Washington,District of Columbia,DC,Washington,42,2013-07,16.66667
66133,20009,Washington,District of Columbia,DC,Washington,42,2013-08,11.79039
66133,20009,Washington,District of Columbia,DC,Washington,42,2013-09,13.36207
66133,20009,Washington,District of Columbia,DC,Washington,42,2013-10,18.07692
66133,20009,Washington,District of Columbia,DC,Washington,42,2013-11,14.83051
66133,20009,Washington,District of Columbia,DC,Washington,42,2013-12,6.481481
66133,20009,Washington,District of Columbia,DC,Washington,42,2014-01,12.12121
66133,20009,Washington,District of Columbia,DC,Washington,42,2014-02,11.62791
66133,20009,Washington,District of Columbia,DC,Washington,42,2014-03,9.465021
66133,20009,Washington,District of Columbia,DC,Washington,42,2014-04,15.67944
66133,20009,Washington,District of Columbia,DC,Washington,42,2014-05,13.50482
66133,20009,Washington,District of Columbia,DC,Washington,42,2014-06,13.60759
66133,20009,Washington,District of Columbia,DC,Washington,42,2014-07,16.4794
66133,20009,Washington,District of Columbia,DC,Washington,42,2014-08,13.80753
66133,20009,Washington,District of Columbia,DC,Washington,42,2014-09,14.91935
66133,20009,Washington,District of Columbia,DC,Washington,42,2014-10,21.75573
66133,20009,Washington,District of Columbia,DC,Washington,42,2014-11,11.50442
66133,20009,Washington,District of Columbia,DC,Washington,42,2014-12,10.73446
66133,20009,Washington,District of Columbia,DC,Washington,42,2015-01,13.52941
66133,20009,Washington,District of Columbia,DC,Washington,42,2015-02,11.41304
66133,20009,Washington,District of Columbia,DC,Washington,42,2015-03,11.65919
66133,20009,Washington,District of Columbia,DC,Washington,42,2015-04,12.82895
66133,20009,Washington,District of Columbia,DC,Washington,42,2015-05,13.53135
66133,20009,Washington,District of Columbia,DC,Washington,42,2015-06,9.480122
66133,20009,Washington,District of Columbia,DC,Washington,42,2015-07,13.14103
66133,20009,Washington,District of Columbia,DC,Washington,42,2015-08,12.65306
66133,20009,Washington,District of Columbia,DC,Washington,42,2015-09,12.58278
66133,20009,Washington,District of Columbia,DC,Washington,42,2015-10,15.90909
66133,20009,Washington,District of Columbia,DC,Washington,42,2015-11,15.60284
66133,20009,Washington,District of Columbia,DC,Washington,42,2015-12,8.189655
66133,20009,Washington,District of Columbia,DC,Washington,42,2016-01,10.13825
66133,20009,Washington,District of Columbia,DC,Washington,42,2016-02,14.91935
66133,20009,Washington,District of Columbia,DC,Washington,42,2016-03,10.23891
66133,20009,Washington,District of Columbia,DC,Washington,42,2016-04,13.09904
66133,20009,Washington,District of Columbia,DC,Washington,42,2016-05,11.96013
66133,20009,Washington,District of Columbia,DC,Washington,42,2016-06,14.05751
66133,20009,Washington,District of Columbia,DC,Washington,42,2016-07,13.69863
66133,20009,Washington,District of Columbia,DC,Washington,42,2016-08,8.733624
66126,20002,Washington,District of Columbia,DC,Washington,50,2010-09,15.52347
66126,20002,Washington,District of Columbia,DC,Washington,50,2010-10,18.7291
66126,20002,Washington,District of Columbia,DC,Washington,50,2010-11,14.23488
66126,20002,Washington,District of Columbia,DC,Washington,50,2010-12,12.87879
66126,20002,Washington,District of Columbia,DC,Washington,50,2011-01,12.35521
66126,20002,Washington,District of Columbia,DC,Washington,50,2011-02,9.71223
66126,20002,Washington,District of Columbia,DC,Washington,50,2011-03,11.62791
66126,20002,Washington,District of Columbia,DC,Washington,50,2011-04,12.17712
66126,20002,Washington,District of Columbia,DC,Washington,50,2011-05,10.11673
66126,20002,Washington,District of Columbia,DC,Washington,50,2011-06,13.78092
66126,20002,Washington,District of Columbia,DC,Washington,50,2011-07,14.18919
66126,20002,Washington,District of Columbia,DC,Washington,50,2011-08,12.82051
66126,20002,Washington,District of Columbia,DC,Washington,50,2011-09,11.67883
66126,20002,Washington,District of Columbia,DC,Washington,50,2011-10,14.50382
66126,20002,Washington,District of Columbia,DC,Washington,50,2011-11,12.59542
66126,20002,Washington,District of Columbia,DC,Washington,50,2011-12,6.550218
66126,20002,Washington,District of Columbia,DC,Washington,50,2012-01,8.482143
66126,20002,Washington,District of Columbia,DC,Washington,50,2012-02,8.695652
66126,20002,Washington,District of Columbia,DC,Washington,50,2012-03,8.745247
66126,20002,Washington,District of Columbia,DC,Washington,50,2012-04,12.60504
66126,20002,Washington,District of Columbia,DC,Washington,50,2012-05,11.06195
66126,20002,Washington,District of Columbia,DC,Washington,50,2012-06,12.2807
66126,20002,Washington,District of Columbia,DC,Washington,50,2012-07,11.87215
66126,20002,Washington,District of Columbia,DC,Washington,50,2012-08,10.20408
66126,20002,Washington,District of Columbia,DC,Washington,50,2012-09,10.30928
66126,20002,Washington,District of Columbia,DC,Washington,50,2012-10,14.44444
66126,20002,Washington,District of Columbia,DC,Washington,50,2012-11,7.602339
66126,20002,Washington,District of Columbia,DC,Washington,50,2012-12,11.03896
66126,20002,Washington,District of Columbia,DC,Washington,50,2013-01,11.32075
66126,20002,Washington,District of Columbia,DC,Washington,50,2013-02,8.064516
66126,20002,Washington,District of Columbia,DC,Washington,50,2013-03,7.462687
66126,20002,Washington,District of Columbia,DC,Washington,50,2013-04,11.28205
66126,20002,Washington,District of Columbia,DC,Washington,50,2013-05,8.597285
66126,20002,Washington,District of Columbia,DC,Washington,50,2013-06,11.63793
66126,20002,Washington,District of Columbia,DC,Washington,50,2013-07,10.84906
66126,20002,Washington,District of Columbia,DC,Washington,50,2013-08,11.67513
66126,20002,Washington,District of Columbia,DC,Washington,50,2013-09,14.58333
66126,20002,Washington,District of Columbia,DC,Washington,50,2013-10,16.74208
66126,20002,Washington,District of Columbia,DC,Washington,50,2013-11,14.10256
66126,20002,Washington,District of Columbia,DC,Washington,50,2013-12,8.374384
66126,20002,Washington,District of Columbia,DC,Washington,50,2014-01,12.92135
66126,20002,Washington,District of Columbia,DC,Washington,50,2014-02,9.189189
66126,20002,Washington,District of Columbia,DC,Washington,50,2014-03,6.818182
66126,20002,Washington,District of Columbia,DC,Washington,50,2014-04,10.6599
66126,20002,Washington,District of Columbia,DC,Washington,50,2014-05,9.90991
66126,20002,Washington,District of Columbia,DC,Washington,50,2014-06,12.73585
66126,20002,Washington,District of Columbia,DC,Washington,50,2014-07,14.02715
66126,20002,Washington,District of Columbia,DC,Washington,50,2014-08,15.45064
66126,20002,Washington,District of Columbia,DC,Washington,50,2014-09,16.53543
66126,20002,Washington,District of Columbia,DC,Washington,50,2014-10,15.53785
66126,20002,Washington,District of Columbia,DC,Washington,50,2014-11,11.16505
66126,20002,Washington,District of Columbia,DC,Washington,50,2014-12,8.376963
66126,20002,Washington,District of Columbia,DC,Washington,50,2015-01,12.02186
66126,20002,Washington,District of Columbia,DC,Washington,50,2015-02,11.73469
66126,20002,Washington,District of Columbia,DC,Washington,50,2015-03,10.3139
66126,20002,Washington,District of Columbia,DC,Washington,50,2015-04,8.163265
66126,20002,Washington,District of Columbia,DC,Washington,50,2015-05,9.803922
66126,20002,Washington,District of Columbia,DC,Washington,50,2015-06,11.11111
66126,20002,Washington,District of Columbia,DC,Washington,50,2015-07,11.3879
66126,20002,Washington,District of Columbia,DC,Washington,50,2015-08,12.34043
66126,20002,Washington,District of Columbia,DC,Washington,50,2015-09,10.13986
66126,20002,Washington,District of Columbia,DC,Washington,50,2015-10,21.5625
66126,20002,Washington,District of Columbia,DC,Washington,50,2015-11,13.80471
66126,20002,Washington,District of Columbia,DC,Washington,50,2015-12,11.72161
66126,20002,Washington,District of Columbia,DC,Washington,50,2016-01,12.77533
66126,20002,Washington,District of Columbia,DC,Washington,50,2016-02,14.97797
66126,20002,Washington,District of Columbia,DC,Washington,50,2016-03,10.37037
66126,20002,Washington,District of Columbia,DC,Washington,50,2016-04,17.37589
66126,20002,Washington,District of Columbia,DC,Washington,50,2016-05,17.7305
66126,20002,Washington,District of Columbia,DC,Washington,50,2016-06,19.28571
66126,20002,Washington,District of Columbia,DC,Washington,50,2016-07,16.53226
66126,20002,Washington,District of Columbia,DC,Washington,50,2016-08,17.19457
66135,20011,Washington,District of Columbia,DC,Washington,167,2010-09,21.59468
66135,20011,Washington,District of Columbia,DC,Washington,167,2010-10,25.24272
66135,20011,Washington,District of Columbia,DC,Washington,167,2010-11,15.25974
66135,20011,Washington,District of Columbia,DC,Washington,167,2010-12,14.7651
66135,20011,Washington,District of Columbia,DC,Washington,167,2011-01,13.62007
66135,20011,Washington,District of Columbia,DC,Washington,167,2011-02,13.35616
66135,20011,Washington,District of Columbia,DC,Washington,167,2011-03,14.10658
66135,20011,Washington,District of Columbia,DC,Washington,167,2011-04,15.04702
66135,20011,Washington,District of Columbia,DC,Washington,167,2011-05,16.24204
66135,20011,Washington,District of Columbia,DC,Washington,167,2011-06,16.21622
66135,20011,Washington,District of Columbia,DC,Washington,167,2011-07,15.13158
66135,20011,Washington,District of Columbia,DC,Washington,167,2011-08,11.72638
66135,20011,Washington,District of Columbia,DC,Washington,167,2011-09,18.14947
66135,20011,Washington,District of Columbia,DC,Washington,167,2011-10,15.80756
66135,20011,Washington,District of Columbia,DC,Washington,167,2011-11,11.53846
66135,20011,Washington,District of Columbia,DC,Washington,167,2011-12,9.352518
66135,20011,Washington,District of Columbia,DC,Washington,167,2012-01,10.07463
66135,20011,Washington,District of Columbia,DC,Washington,167,2012-02,9.836066
66135,20011,Washington,District of Columbia,DC,Washington,167,2012-03,12.5
66135,20011,Washington,District of Columbia,DC,Washington,167,2012-04,10.21277
66135,20011,Washington,District of Columbia,DC,Washington,167,2012-05,14.35407
66135,20011,Washington,District of Columbia,DC,Washington,167,2012-06,12.82051
66135,20011,Washington,District of Columbia,DC,Washington,167,2012-07,13.06533
66135,20011,Washington,District of Columbia,DC,Washington,167,2012-08,11.85567
66135,20011,Washington,District of Columbia,DC,Washington,167,2012-09,13.17073
66135,20011,Washington,District of Columbia,DC,Washington,167,2012-10,10.60606
66135,20011,Washington,District of Columbia,DC,Washington,167,2012-11,14.36464
66135,20011,Washington,District of Columbia,DC,Washington,167,2012-12,10.19108
66135,20011,Washington,District of Columbia,DC,Washington,167,2013-01,18.01242
66135,20011,Washington,District of Columbia,DC,Washington,167,2013-02,10.38961
66135,20011,Washington,District of Columbia,DC,Washington,167,2013-03,8.433735
66135,20011,Washington,District of Columbia,DC,Washington,167,2013-04,8.67052
66135,20011,Washington,District of Columbia,DC,Washington,167,2013-05,15.81921
66135,20011,Washington,District of Columbia,DC,Washington,167,2013-06,8.947368
66135,20011,Washington,District of Columbia,DC,Washington,167,2013-07,16.21622
66135,20011,Washington,District of Columbia,DC,Washington,167,2013-08,15.27094
66135,20011,Washington,District of Columbia,DC,Washington,167,2013-09,12.07729
66135,20011,Washington,District of Columbia,DC,Washington,167,2013-10,16.1435
66135,20011,Washington,District of Columbia,DC,Washington,167,2013-11,18.35749
66135,20011,Washington,District of Columbia,DC,Washington,167,2013-12,13.1068
66135,20011,Washington,District of Columbia,DC,Washington,167,2014-01,12.7551
66135,20011,Washington,District of Columbia,DC,Washington,167,2014-02,10.99476
66135,20011,Washington,District of Columbia,DC,Washington,167,2014-03,14.55399
66135,20011,Washington,District of Columbia,DC,Washington,167,2014-04,15.96639
66135,20011,Washington,District of Columbia,DC,Washington,167,2014-05,15.95331
66135,20011,Washington,District of Columbia,DC,Washington,167,2014-06,20.17544
66135,20011,Washington,District of Columbia,DC,Washington,167,2014-07,24.43439
66135,20011,Washington,District of Columbia,DC,Washington,167,2014-08,18.80734
66135,20011,Washington,District of Columbia,DC,Washington,167,2014-09,23.4375
66135,20011,Washington,District of Columbia,DC,Washington,167,2014-10,22.34432
66135,20011,Washington,District of Columbia,DC,Washington,167,2014-11,15.89958
66135,20011,Washington,District of Columbia,DC,Washington,167,2014-12,15.31532
66135,20011,Washington,District of Columbia,DC,Washington,167,2015-01,16.0804
66135,20011,Washington,District of Columbia,DC,Washington,167,2015-02,8.415842
66135,20011,Washington,District of Columbia,DC,Washington,167,2015-03,15.49296
66135,20011,Washington,District of Columbia,DC,Washington,167,2015-04,10.23622
66135,20011,Washington,District of Columbia,DC,Washington,167,2015-05,13.36032
66135,20011,Washington,District of Columbia,DC,Washington,167,2015-06,12.99213
66135,20011,Washington,District of Columbia,DC,Washington,167,2015-07,16.73469
66135,20011,Washington,District of Columbia,DC,Washington,167,2015-08,19.33962
66135,20011,Washington,District of Columbia,DC,Washington,167,2015-09,17.82609
66135,20011,Washington,District of Columbia,DC,Washington,167,2015-10,18.95911
66135,20011,Washington,District of Columbia,DC,Washington,167,2015-11,18.29268
66135,20011,Washington,District of Columbia,DC,Washington,167,2015-12,14.62264
66135,20011,Washington,District of Columbia,DC,Washington,167,2016-01,16.12903
66135,20011,Washington,District of Columbia,DC,Washington,167,2016-02,16.58031
66135,20011,Washington,District of Columbia,DC,Washington,167,2016-03,14.54545
66135,20011,Washington,District of Columbia,DC,Washington,167,2016-04,19.75309
66135,20011,Washington,District of Columbia,DC,Washington,167,2016-05,18.59504
66135,20011,Washington,District of Columbia,DC,Washington,167,2016-06,18.35938
66135,20011,Washington,District of Columbia,DC,Washington,167,2016-07,14.89362
66135,20011,Washington,District of Columbia,DC,Washington,167,2016-08,22.54098
66142,20019,Washington,District of Columbia,DC,Washington,227,2010-09,18.75
66142,20019,Washington,District of Columbia,DC,Washington,227,2010-10,17.61006
66142,20019,Washington,District of Columbia,DC,Washington,227,2010-11,17.14286
66142,20019,Washington,District of Columbia,DC,Washington,227,2010-12,10.52632
66142,20019,Washington,District of Columbia,DC,Washington,227,2011-01,19.52862
66142,20019,Washington,District of Columbia,DC,Washington,227,2011-02,13.42756
66142,20019,Washington,District of Columbia,DC,Washington,227,2011-03,15.90909
66142,20019,Washington,District of Columbia,DC,Washington,227,2011-04,13.16726
66142,20019,Washington,District of Columbia,DC,Washington,227,2011-05,12.09964
66142,20019,Washington,District of Columbia,DC,Washington,227,2011-06,12.26766
66142,20019,Washington,District of Columbia,DC,Washington,227,2011-07,13.47518
66142,20019,Washington,District of Columbia,DC,Washington,227,2011-08,10.36789
66142,20019,Washington,District of Columbia,DC,Washington,227,2011-09,11.56716
66142,20019,Washington,District of Columbia,DC,Washington,227,2011-10,14.13428
66142,20019,Washington,District of Columbia,DC,Washington,227,2011-11,14.59854
66142,20019,Washington,District of Columbia,DC,Washington,227,2011-12,10.34483
66142,20019,Washington,District of Columbia,DC,Washington,227,2012-01,13.80753
66142,20019,Washington,District of Columbia,DC,Washington,227,2012-02,9.722222
66142,20019,Washington,District of Columbia,DC,Washington,227,2012-03,11.1588
66142,20019,Washington,District of Columbia,DC,Washington,227,2012-04,12.09302
66142,20019,Washington,District of Columbia,DC,Washington,227,2012-05,12.43523
66142,20019,Washington,District of Columbia,DC,Washington,227,2012-06,9.714286
66142,20019,Washington,District of Columbia,DC,Washington,227,2012-07,10.91954
66142,20019,Washington,District of Columbia,DC,Washington,227,2012-08,8.988764
66142,20019,Washington,District of Columbia,DC,Washington,227,2012-09,10.40462
66142,20019,Washington,District of Columbia,DC,Washington,227,2012-10,10.38251
66142,20019,Washington,District of Columbia,DC,Washington,227,2012-11,9.340659
66142,20019,Washington,District of Columbia,DC,Washington,227,2012-12,12.02532
66142,20019,Washington,District of Columbia,DC,Washington,227,2013-01,8
66142,20019,Washington,District of Columbia,DC,Washington,227,2013-02,11.03896
66142,20019,Washington,District of Columbia,DC,Washington,227,2013-03,7.831325
66142,20019,Washington,District of Columbia,DC,Washington,227,2013-04,10.16949
66142,20019,Washington,District of Columbia,DC,Washington,227,2013-05,10.75949
66142,20019,Washington,District of Columbia,DC,Washington,227,2013-06,12.19512
66142,20019,Washington,District of Columbia,DC,Washington,227,2013-07,8.982036
66142,20019,Washington,District of Columbia,DC,Washington,227,2013-08,13.85542
66142,20019,Washington,District of Columbia,DC,Washington,227,2013-09,10.52632
66142,20019,Washington,District of Columbia,DC,Washington,227,2013-10,12.08054
66142,20019,Washington,District of Columbia,DC,Washington,227,2013-11,8.843537
66142,20019,Washington,District of Columbia,DC,Washington,227,2013-12,13.23529
66142,20019,Washington,District of Columbia,DC,Washington,227,2014-01,14.72868
66142,20019,Washington,District of Columbia,DC,Washington,227,2014-02,10.25641
66142,20019,Washington,District of Columbia,DC,Washington,227,2014-03,9.166667
66142,20019,Washington,District of Columbia,DC,Washington,227,2014-04,7.874016
66142,20019,Washington,District of Columbia,DC,Washington,227,2014-05,6.299213
66142,20019,Washington,District of Columbia,DC,Washington,227,2014-06,12.31884
66142,20019,Washington,District of Columbia,DC,Washington,227,2014-07,10.82803
66142,20019,Washington,District of Columbia,DC,Washington,227,2014-08,14.94253
66142,20019,Washington,District of Columbia,DC,Washington,227,2014-09,13.59223
66142,20019,Washington,District of Columbia,DC,Washington,227,2014-10,12.83186
66142,20019,Washington,District of Columbia,DC,Washington,227,2014-11,14.79821
66142,20019,Washington,District of Columbia,DC,Washington,227,2014-12,11.16505
66142,20019,Washington,District of Columbia,DC,Washington,227,2015-01,10.41667
66142,20019,Washington,District of Columbia,DC,Washington,227,2015-02,9.5
66142,20019,Washington,District of Columbia,DC,Washington,227,2015-03,8
66142,20019,Washington,District of Columbia,DC,Washington,227,2015-04,6.632653
66142,20019,Washington,District of Columbia,DC,Washington,227,2015-05,10.15228
66142,20019,Washington,District of Columbia,DC,Washington,227,2015-06,11.64021
66142,20019,Washington,District of Columbia,DC,Washington,227,2015-07,9.693878
66142,20019,Washington,District of Columbia,DC,Washington,227,2015-08,10.69519
66142,20019,Washington,District of Columbia,DC,Washington,227,2015-09,11.88119
66142,20019,Washington,District of Columbia,DC,Washington,227,2015-10,10.85973
66142,20019,Washington,District of Columbia,DC,Washington,227,2015-11,14.43299
66142,20019,Washington,District of Columbia,DC,Washington,227,2015-12,10.27027
66142,20019,Washington,District of Columbia,DC,Washington,227,2016-01,16.08392
66142,20019,Washington,District of Columbia,DC,Washington,227,2016-02,11.19403
66142,20019,Washington,District of Columbia,DC,Washington,227,2016-03,8.176101
66142,20019,Washington,District of Columbia,DC,Washington,227,2016-04,12.4183
66142,20019,Washington,District of Columbia,DC,Washington,227,2016-05,10.13514
66142,20019,Washington,District of Columbia,DC,Washington,227,2016-06,11.48649
66142,20019,Washington,District of Columbia,DC,Washington,227,2016-07,9.52381
66142,20019,Washington,District of Columbia,DC,Washington,227,2016-08,10.82803
66125,20001,Washington,District of Columbia,DC,Washington,352,2010-09,20
66125,20001,Washington,District of Columbia,DC,Washington,352,2010-10,22.37443
66125,20001,Washington,District of Columbia,DC,Washington,352,2010-11,17.12963
66125,20001,Washington,District of Columbia,DC,Washington,352,2010-12,9.947644
66125,20001,Washington,District of Columbia,DC,Washington,352,2011-01,10.65089
66125,20001,Washington,District of Columbia,DC,Washington,352,2011-02,8.994709
66125,20001,Washington,District of Columbia,DC,Washington,352,2011-03,12.93532
66125,20001,Washington,District of Columbia,DC,Washington,352,2011-04,11.11111
66125,20001,Washington,District of Columbia,DC,Washington,352,2011-05,16.04278
66125,20001,Washington,District of Columbia,DC,Washington,352,2011-06,15.15152
66125,20001,Washington,District of Columbia,DC,Washington,352,2011-07,8.252427
66125,20001,Washington,District of Columbia,DC,Washington,352,2011-08,6.363636
66125,20001,Washington,District of Columbia,DC,Washington,352,2011-09,17.43119
66125,20001,Washington,District of Columbia,DC,Washington,352,2011-10,16.98113
66125,20001,Washington,District of Columbia,DC,Washington,352,2011-11,12.14953
66125,20001,Washington,District of Columbia,DC,Washington,352,2011-12,7.070707
66125,20001,Washington,District of Columbia,DC,Washington,352,2012-01,14.5
66125,20001,Washington,District of Columbia,DC,Washington,352,2012-02,14.20765
66125,20001,Washington,District of Columbia,DC,Washington,352,2012-03,13.25967
66125,20001,Washington,District of Columbia,DC,Washington,352,2012-04,6.145251
66125,20001,Washington,District of Columbia,DC,Washington,352,2012-05,8.441558
66125,20001,Washington,District of Columbia,DC,Washington,352,2012-06,9.89011
66125,20001,Washington,District of Columbia,DC,Washington,352,2012-07,12.57485
66125,20001,Washington,District of Columbia,DC,Washington,352,2012-08,15.38462
66125,20001,Washington,District of Columbia,DC,Washington,352,2012-09,11.18012
66125,20001,Washington,District of Columbia,DC,Washington,352,2012-10,10.05917
66125,20001,Washington,District of Columbia,DC,Washington,352,2012-11,11.65644
66125,20001,Washington,District of Columbia,DC,Washington,352,2012-12,8.396947
66125,20001,Washington,District of Columbia,DC,Washington,352,2013-01,7.874016
66125,20001,Washington,District of Columbia,DC,Washington,352,2013-02,5.737705
66125,20001,Washington,District of Columbia,DC,Washington,352,2013-03,5.882353
66125,20001,Washington,District of Columbia,DC,Washington,352,2013-04,8.280255
66125,20001,Washington,District of Columbia,DC,Washington,352,2013-05,7.55814
66125,20001,Washington,District of Columbia,DC,Washington,352,2013-06,11.22995
66125,20001,Washington,District of Columbia,DC,Washington,352,2013-07,15.2439
66125,20001,Washington,District of Columbia,DC,Washington,352,2013-08,14.72393
66125,20001,Washington,District of Columbia,DC,Washington,352,2013-09,16.27907
66125,20001,Washington,District of Columbia,DC,Washington,352,2013-10,16.66667
66125,20001,Washington,District of Columbia,DC,Washington,352,2013-11,9.473684
66125,20001,Washington,District of Columbia,DC,Washington,352,2013-12,11.04651
66125,20001,Washington,District of Columbia,DC,Washington,352,2014-01,7.638889
66125,20001,Washington,District of Columbia,DC,Washington,352,2014-02,11.03448
66125,20001,Washington,District of Columbia,DC,Washington,352,2014-03,9.659091
66125,20001,Washington,District of Columbia,DC,Washington,352,2014-04,11.46789
66125,20001,Washington,District of Columbia,DC,Washington,352,2014-05,14.22414
66125,20001,Washington,District of Columbia,DC,Washington,352,2014-06,12.96296
66125,20001,Washington,District of Columbia,DC,Washington,352,2014-07,10.05025
66125,20001,Washington,District of Columbia,DC,Washington,352,2014-08,12.64368
66125,20001,Washington,District of Columbia,DC,Washington,352,2014-09,17.06161
66125,20001,Washington,District of Columbia,DC,Washington,352,2014-10,18.59296
66125,20001,Washington,District of Columbia,DC,Washington,352,2014-11,11.49425
66125,20001,Washington,District of Columbia,DC,Washington,352,2014-12,12.03008
66125,20001,Washington,District of Columbia,DC,Washington,352,2015-01,8.527132
66125,20001,Washington,District of Columbia,DC,Washington,352,2015-02,8.275862
66125,20001,Washington,District of Columbia,DC,Washington,352,2015-03,7.8125
66125,20001,Washington,District of Columbia,DC,Washington,352,2015-04,9.84456
66125,20001,Washington,District of Columbia,DC,Washington,352,2015-05,10.89109
66125,20001,Washington,District of Columbia,DC,Washington,352,2015-06,8.93617
66125,20001,Washington,District of Columbia,DC,Washington,352,2015-07,11.01695
66125,20001,Washington,District of Columbia,DC,Washington,352,2015-08,14.94845
66125,20001,Washington,District of Columbia,DC,Washington,352,2015-09,10.66667
66125,20001,Washington,District of Columbia,DC,Washington,352,2015-10,20.08368
66125,20001,Washington,District of Columbia,DC,Washington,352,2015-11,17.28972
66125,20001,Washington,District of Columbia,DC,Washington,352,2015-12,13.29114
66125,20001,Washington,District of Columbia,DC,Washington,352,2016-01,10.76923
66125,20001,Washington,District of Columbia,DC,Washington,352,2016-02,13.28671
66125,20001,Washington,District of Columbia,DC,Washington,352,2016-03,16.23037
66125,20001,Washington,District of Columbia,DC,Washington,352,2016-04,20
66125,20001,Washington,District of Columbia,DC,Washington,352,2016-05,11.00478
66125,20001,Washington,District of Columbia,DC,Washington,352,2016-06,15.2381
66125,20001,Washington,District of Columbia,DC,Washington,352,2016-07,11.53846
66125,20001,Washington,District of Columbia,DC,Washington,352,2016-08,10.66667
66143,20020,Washington,District of Columbia,DC,Washington,393,2010-09,13.83929
66143,20020,Washington,District of Columbia,DC,Washington,393,2010-10,12.77533
66143,20020,Washington,District of Columbia,DC,Washington,393,2010-11,15.6682
66143,20020,Washington,District of Columbia,DC,Washington,393,2010-12,13.88889
66143,20020,Washington,District of Columbia,DC,Washington,393,2011-01,16.35514
66143,20020,Washington,District of Columbia,DC,Washington,393,2011-02,12.79621
66143,20020,Washington,District of Columbia,DC,Washington,393,2011-03,16.2037
66143,20020,Washington,District of Columbia,DC,Washington,393,2011-04,10.76923
66143,20020,Washington,District of Columbia,DC,Washington,393,2011-05,10.98901
66143,20020,Washington,District of Columbia,DC,Washington,393,2011-06,14.97326
66143,20020,Washington,District of Columbia,DC,Washington,393,2011-07,11.22995
66143,20020,Washington,District of Columbia,DC,Washington,393,2011-08,9.756098
66143,20020,Washington,District of Columbia,DC,Washington,393,2011-09,11.42857
66143,20020,Washington,District of Columbia,DC,Washington,393,2011-10,10.67416
66143,20020,Washington,District of Columbia,DC,Washington,393,2011-11,3.940887
66143,20020,Washington,District of Columbia,DC,Washington,393,2011-12,6.25
66143,20020,Washington,District of Columbia,DC,Washington,393,2012-01,5.988024
66143,20020,Washington,District of Columbia,DC,Washington,393,2012-02,8.088235
66143,20020,Washington,District of Columbia,DC,Washington,393,2012-03,11.67883
66143,20020,Washington,District of Columbia,DC,Washington,393,2012-04,6.451613
66143,20020,Washington,District of Columbia,DC,Washington,393,2012-05,9.52381
66143,20020,Washington,District of Columbia,DC,Washington,393,2012-06,8.474576
66143,20020,Washington,District of Columbia,DC,Washington,393,2012-07,13.39286
66143,20020,Washington,District of Columbia,DC,Washington,393,2012-08,4.62963
66143,20020,Washington,District of Columbia,DC,Washington,393,2012-09,7
66143,20020,Washington,District of Columbia,DC,Washington,393,2012-10,9.375
66143,20020,Washington,District of Columbia,DC,Washington,393,2012-11,11.95652
66143,20020,Washington,District of Columbia,DC,Washington,393,2012-12,6.451613
66143,20020,Washington,District of Columbia,DC,Washington,393,2013-01,8.235294
66143,20020,Washington,District of Columbia,DC,Washington,393,2013-02,4.938272
66143,20020,Washington,District of Columbia,DC,Washington,393,2013-03,10.6383
66143,20020,Washington,District of Columbia,DC,Washington,393,2013-04,2.970297
66143,20020,Washington,District of Columbia,DC,Washington,393,2013-05,11
66143,20020,Washington,District of Columbia,DC,Washington,393,2013-06,8.247423
66143,20020,Washington,District of Columbia,DC,Washington,393,2013-07,7.692308
66143,20020,Washington,District of Columbia,DC,Washington,393,2013-08,13.48315
66143,20020,Washington,District of Columbia,DC,Washington,393,2013-09,15.46392
66143,20020,Washington,District of Columbia,DC,Washington,393,2013-10,16.66667
66143,20020,Washington,District of Columbia,DC,Washington,393,2013-11,17.14286
66143,20020,Washington,District of Columbia,DC,Washington,393,2013-12,5.882353
66143,20020,Washington,District of Columbia,DC,Washington,393,2014-01,11.34021
66143,20020,Washington,District of Columbia,DC,Washington,393,2014-02,10
66143,20020,Washington,District of Columbia,DC,Washington,393,2014-03,6.024096
66143,20020,Washington,District of Columbia,DC,Washington,393,2014-04,13.97849
66143,20020,Washington,District of Columbia,DC,Washington,393,2014-05,8.196721
66143,20020,Washington,District of Columbia,DC,Washington,393,2014-06,8.527132
66143,20020,Washington,District of Columbia,DC,Washington,393,2014-07,12.09677
66143,20020,Washington,District of Columbia,DC,Washington,393,2014-08,9.859155
66143,20020,Washington,District of Columbia,DC,Washington,393,2014-09,7.857143
66143,20020,Washington,District of Columbia,DC,Washington,393,2014-10,14.96063
66143,20020,Washington,District of Columbia,DC,Washington,393,2014-11,10.7438
66143,20020,Washington,District of Columbia,DC,Washington,393,2014-12,13.46154
66143,20020,Washington,District of Columbia,DC,Washington,393,2015-01,10.28037
66143,20020,Washington,District of Columbia,DC,Washington,393,2015-02,10.37736
66143,20020,Washington,District of Columbia,DC,Washington,393,2015-03,7.563025
66143,20020,Washington,District of Columbia,DC,Washington,393,2015-04,15.04425
66143,20020,Washington,District of Columbia,DC,Washington,393,2015-05,9.375
66143,20020,Washington,District of Columbia,DC,Washington,393,2015-06,8.333333
66143,20020,Washington,District of Columbia,DC,Washington,393,2015-07,9.219858
66143,20020,Washington,District of Columbia,DC,Washington,393,2015-08,10.29412
66143,20020,Washington,District of Columbia,DC,Washington,393,2015-09,10.625
66143,20020,Washington,District of Columbia,DC,Washington,393,2015-10,10.84337
66143,20020,Washington,District of Columbia,DC,Washington,393,2015-11,16.66667
66143,20020,Washington,District of Columbia,DC,Washington,393,2015-12,13.76812
66143,20020,Washington,District of Columbia,DC,Washington,393,2016-01,7.317073
66143,20020,Washington,District of Columbia,DC,Washington,393,2016-02,12.39669
66143,20020,Washington,District of Columbia,DC,Washington,393,2016-03,7.352941
66143,20020,Washington,District of Columbia,DC,Washington,393,2016-04,10.68702
66143,20020,Washington,District of Columbia,DC,Washington,393,2016-05,8.208955
66143,20020,Washington,District of Columbia,DC,Washington,393,2016-06,12.05674
66143,20020,Washington,District of Columbia,DC,Washington,393,2016-07,12.12121
66143,20020,Washington,District of Columbia,DC,Washington,393,2016-08,12.30769
66132,20008,Washington,District of Columbia,DC,Washington,1334,2010-09,10.97561
66132,20008,Washington,District of Columbia,DC,Washington,1334,2010-10,16.39344
66132,20008,Washington,District of Columbia,DC,Washington,1334,2010-11,14.91713
66132,20008,Washington,District of Columbia,DC,Washington,1334,2010-12,12.88344
66132,20008,Washington,District of Columbia,DC,Washington,1334,2011-01,9.210526
66132,20008,Washington,District of Columbia,DC,Washington,1334,2011-02,11.83432
66132,20008,Washington,District of Columbia,DC,Washington,1334,2011-03,11.41304
66132,20008,Washington,District of Columbia,DC,Washington,1334,2011-04,12.70718
66132,20008,Washington,District of Columbia,DC,Washington,1334,2011-05,14.73684
66132,20008,Washington,District of Columbia,DC,Washington,1334,2011-06,12.43781
66132,20008,Washington,District of Columbia,DC,Washington,1334,2011-07,16.5
66132,20008,Washington,District of Columbia,DC,Washington,1334,2011-08,8.465608
66132,20008,Washington,District of Columbia,DC,Washington,1334,2011-09,13.06533
66132,20008,Washington,District of Columbia,DC,Washington,1334,2011-10,14.83254
66132,20008,Washington,District of Columbia,DC,Washington,1334,2011-11,12.90323
66132,20008,Washington,District of Columbia,DC,Washington,1334,2011-12,6.748466
66132,20008,Washington,District of Columbia,DC,Washington,1334,2012-01,7.878788
66132,20008,Washington,District of Columbia,DC,Washington,1334,2012-02,8.77193
66132,20008,Washington,District of Columbia,DC,Washington,1334,2012-03,10.55556
66132,20008,Washington,District of Columbia,DC,Washington,1334,2012-04,9.815951
66132,20008,Washington,District of Columbia,DC,Washington,1334,2012-05,10.49383
66132,20008,Washington,District of Columbia,DC,Washington,1334,2012-06,13.54839
66132,20008,Washington,District of Columbia,DC,Washington,1334,2012-07,7.638889
66132,20008,Washington,District of Columbia,DC,Washington,1334,2012-08,17.96875
66132,20008,Washington,District of Columbia,DC,Washington,1334,2012-09,17.53247
66132,20008,Washington,District of Columbia,DC,Washington,1334,2012-10,14.7651
66132,20008,Washington,District of Columbia,DC,Washington,1334,2012-11,8.59375
66132,20008,Washington,District of Columbia,DC,Washington,1334,2012-12,6.481481
66132,20008,Washington,District of Columbia,DC,Washington,1334,2013-01,14.60674
66132,20008,Washington,District of Columbia,DC,Washington,1334,2013-02,10
66132,20008,Washington,District of Columbia,DC,Washington,1334,2013-03,6.862745
66132,20008,Washington,District of Columbia,DC,Washington,1334,2013-04,8.270677
66132,20008,Washington,District of Columbia,DC,Washington,1334,2013-05,10.27397
66132,20008,Washington,District of Columbia,DC,Washington,1334,2013-06,13.57143
66132,20008,Washington,District of Columbia,DC,Washington,1334,2013-07,8.59375
66132,20008,Washington,District of Columbia,DC,Washington,1334,2013-08,7.8125
66132,20008,Washington,District of Columbia,DC,Washington,1334,2013-09,20.63492
66132,20008,Washington,District of Columbia,DC,Washington,1334,2013-10,13.63636
66132,20008,Washington,District of Columbia,DC,Washington,1334,2013-11,10.48387
66132,20008,Washington,District of Columbia,DC,Washington,1334,2013-12,10.57692
66132,20008,Washington,District of Columbia,DC,Washington,1334,2014-01,13.26531
66132,20008,Washington,District of Columbia,DC,Washington,1334,2014-02,7.608696
66132,20008,Washington,District of Columbia,DC,Washington,1334,2014-03,7
66132,20008,Washington,District of Columbia,DC,Washington,1334,2014-04,10.83333
66132,20008,Washington,District of Columbia,DC,Washington,1334,2014-05,14.64968
66132,20008,Washington,District of Columbia,DC,Washington,1334,2014-06,12.42236
66132,20008,Washington,District of Columbia,DC,Washington,1334,2014-07,16.875
66132,20008,Washington,District of Columbia,DC,Washington,1334,2014-08,14.39394
66132,20008,Washington,District of Columbia,DC,Washington,1334,2014-09,14.83871
66132,20008,Washington,District of Columbia,DC,Washington,1334,2014-10,16.25
66132,20008,Washington,District of Columbia,DC,Washington,1334,2014-11,13.53383
66132,20008,Washington,District of Columbia,DC,Washington,1334,2014-12,9
66132,20008,Washington,District of Columbia,DC,Washington,1334,2015-01,7.317073
66132,20008,Washington,District of Columbia,DC,Washington,1334,2015-02,11.36364
66132,20008,Washington,District of Columbia,DC,Washington,1334,2015-03,6.557377
66132,20008,Washington,District of Columbia,DC,Washington,1334,2015-04,7.643312
66132,20008,Washington,District of Columbia,DC,Washington,1334,2015-05,13.33333
66132,20008,Washington,District of Columbia,DC,Washington,1334,2015-06,9.82659
66132,20008,Washington,District of Columbia,DC,Washington,1334,2015-07,11.46497
66132,20008,Washington,District of Columbia,DC,Washington,1334,2015-08,8.029197
66132,20008,Washington,District of Columbia,DC,Washington,1334,2015-09,11.25828
66132,20008,Washington,District of Columbia,DC,Washington,1334,2015-10,12.82051
66132,20008,Washington,District of Columbia,DC,Washington,1334,2015-11,8.571429
66132,20008,Washington,District of Columbia,DC,Washington,1334,2015-12,10.31746
66132,20008,Washington,District of Columbia,DC,Washington,1334,2016-01,9.565217
66132,20008,Washington,District of Columbia,DC,Washington,1334,2016-02,8.181818
66132,20008,Washington,District of Columbia,DC,Washington,1334,2016-03,13.74046
66132,20008,Washington,District of Columbia,DC,Washington,1334,2016-04,9.74026
66132,20008,Washington,District of Columbia,DC,Washington,1334,2016-05,17.08861
66132,20008,Washington,District of Columbia,DC,Washington,1334,2016-06,13.77246
66132,20008,Washington,District of Columbia,DC,Washington,1334,2016-07,12.25806
66132,20008,Washington,District of Columbia,DC,Washington,1334,2016-08,7.575758
66151,20032,Washington,District of Columbia,DC,Washington,1723,2010-09,12.60504
66151,20032,Washington,District of Columbia,DC,Washington,1723,2010-10,19.5122
66151,20032,Washington,District of Columbia,DC,Washington,1723,2010-11,11.2
66151,20032,Washington,District of Columbia,DC,Washington,1723,2010-12,13.63636
66151,20032,Washington,District of Columbia,DC,Washington,1723,2011-01,14.15929
66151,20032,Washington,District of Columbia,DC,Washington,1723,2011-02,12.26415
66151,20032,Washington,District of Columbia,DC,Washington,1723,2011-03,17
66151,20032,Washington,District of Columbia,DC,Washington,1723,2011-04,9.677419
66151,20032,Washington,District of Columbia,DC,Washington,1723,2011-05,17.2043
66151,20032,Washington,District of Columbia,DC,Washington,1723,2011-06,13.18681
66151,20032,Washington,District of Columbia,DC,Washington,1723,2011-07,12.64368
66151,20032,Washington,District of Columbia,DC,Washington,1723,2011-08,8.045977
66151,20032,Washington,District of Columbia,DC,Washington,1723,2011-09,12.5
66151,20032,Washington,District of Columbia,DC,Washington,1723,2011-10,12.32877
66151,20032,Washington,District of Columbia,DC,Washington,1723,2011-11,6.493506
66151,20032,Washington,District of Columbia,DC,Washington,1723,2011-12,11.26761
66151,20032,Washington,District of Columbia,DC,Washington,1723,2012-01,13.55932
66151,20032,Washington,District of Columbia,DC,Washington,1723,2012-02,4.444444
66151,20032,Washington,District of Columbia,DC,Washington,1723,2012-03,9.259259
66151,20032,Washington,District of Columbia,DC,Washington,1723,2012-04,9.836066
66151,20032,Washington,District of Columbia,DC,Washington,1723,2012-05,10.90909
66151,20032,Washington,District of Columbia,DC,Washington,1723,2012-06,6.557377
66151,20032,Washington,District of Columbia,DC,Washington,1723,2012-07,6.666667
66151,20032,Washington,District of Columbia,DC,Washington,1723,2012-08,11.11111
66151,20032,Washington,District of Columbia,DC,Washington,1723,2012-09,7.142857
66151,20032,Washington,District of Columbia,DC,Washington,1723,2012-10,8.928571
66151,20032,Washington,District of Columbia,DC,Washington,1723,2012-11,13.33333
66151,20032,Washington,District of Columbia,DC,Washington,1723,2012-12,8.888889
66151,20032,Washington,District of Columbia,DC,Washington,1723,2013-01,1.960784
66151,20032,Washington,District of Columbia,DC,Washington,1723,2013-02,12.2807
66151,20032,Washington,District of Columbia,DC,Washington,1723,2013-03,13.46154
66151,20032,Washington,District of Columbia,DC,Washington,1723,2013-04,9.615385
66151,20032,Washington,District of Columbia,DC,Washington,1723,2013-05,7.272727
66151,20032,Washington,District of Columbia,DC,Washington,1723,2013-06,3.846154
66151,20032,Washington,District of Columbia,DC,Washington,1723,2013-07,12.5
66151,20032,Washington,District of Columbia,DC,Washington,1723,2013-08,13.33333
66151,20032,Washington,District of Columbia,DC,Washington,1723,2013-09,7.5
66151,20032,Washington,District of Columbia,DC,Washington,1723,2013-10,9.756098
66151,20032,Washington,District of Columbia,DC,Washington,1723,2013-11,9.090909
66151,20032,Washington,District of Columbia,DC,Washington,1723,2013-12,19.14894
66151,20032,Washington,District of Columbia,DC,Washington,1723,2014-01,6.976744
66151,20032,Washington,District of Columbia,DC,Washington,1723,2014-02,4.444444
66151,20032,Washington,District of Columbia,DC,Washington,1723,2014-03,4.081633
66151,20032,Washington,District of Columbia,DC,Washington,1723,2014-04,12
66151,20032,Washington,District of Columbia,DC,Washington,1723,2014-05,11.11111
66151,20032,Washington,District of Columbia,DC,Washington,1723,2014-06,7.017544
66151,20032,Washington,District of Columbia,DC,Washington,1723,2014-07,5.357143
66151,20032,Washington,District of Columbia,DC,Washington,1723,2014-08,9.615385
66151,20032,Washington,District of Columbia,DC,Washington,1723,2014-09,5.194805
66151,20032,Washington,District of Columbia,DC,Washington,1723,2014-10,8
66151,20032,Washington,District of Columbia,DC,Washington,1723,2014-11,3.174603
66151,20032,Washington,District of Columbia,DC,Washington,1723,2014-12,11.42857
66151,20032,Washington,District of Columbia,DC,Washington,1723,2015-01,14.70588
66151,20032,Washington,District of Columbia,DC,Washington,1723,2015-02,4.109589
66151,20032,Washington,District of Columbia,DC,Washington,1723,2015-03,9.638554
66151,20032,Washington,District of Columbia,DC,Washington,1723,2015-04,4.444444
66151,20032,Washington,District of Columbia,DC,Washington,1723,2015-05,6.024096
66151,20032,Washington,District of Columbia,DC,Washington,1723,2015-06,7.594937
66151,20032,Washington,District of Columbia,DC,Washington,1723,2015-07,10.81081
66151,20032,Washington,District of Columbia,DC,Washington,1723,2015-08,11.68831
66151,20032,Washington,District of Columbia,DC,Washington,1723,2015-09,9
66151,20032,Washington,District of Columbia,DC,Washington,1723,2015-10,6.862745
66151,20032,Washington,District of Columbia,DC,Washington,1723,2015-11,8.163265
66151,20032,Washington,District of Columbia,DC,Washington,1723,2015-12,5.882353
66151,20032,Washington,District of Columbia,DC,Washington,1723,2016-01,10.14493
66151,20032,Washington,District of Columbia,DC,Washington,1723,2016-02,8.823529
66151,20032,Washington,District of Columbia,DC,Washington,1723,2016-03,10.66667
66151,20032,Washington,District of Columbia,DC,Washington,1723,2016-04,4.545455
66151,20032,Washington,District of Columbia,DC,Washington,1723,2016-05,5
66151,20032,Washington,District of Columbia,DC,Washington,1723,2016-06,12.06897
66151,20032,Washington,District of Columbia,DC,Washington,1723,2016-07,8.108108
66151,20032,Washington,District of Columbia,DC,Washington,1723,2016-08,6.25
66139,20016,Washington,District of Columbia,DC,Washington,2064,2010-09,13.42282
66139,20016,Washington,District of Columbia,DC,Washington,2064,2010-10,13.87283
66139,20016,Washington,District of Columbia,DC,Washington,2064,2010-11,16.98113
66139,20016,Washington,District of Columbia,DC,Washington,2064,2010-12,8.391608
66139,20016,Washington,District of Columbia,DC,Washington,2064,2011-01,13.23529
66139,20016,Washington,District of Columbia,DC,Washington,2064,2011-02,15.86207
66139,20016,Washington,District of Columbia,DC,Washington,2064,2011-03,11.53846
66139,20016,Washington,District of Columbia,DC,Washington,2064,2011-04,12
66139,20016,Washington,District of Columbia,DC,Washington,2064,2011-05,19.44444
66139,20016,Washington,District of Columbia,DC,Washington,2064,2011-06,15.28384
66139,20016,Washington,District of Columbia,DC,Washington,2064,2011-07,11.73709
66139,20016,Washington,District of Columbia,DC,Washington,2064,2011-08,9.895833
66139,20016,Washington,District of Columbia,DC,Washington,2064,2011-09,14.57286
66139,20016,Washington,District of Columbia,DC,Washington,2064,2011-10,21.5311
66139,20016,Washington,District of Columbia,DC,Washington,2064,2011-11,10.04785
66139,20016,Washington,District of Columbia,DC,Washington,2064,2011-12,5.376344
66139,20016,Washington,District of Columbia,DC,Washington,2064,2012-01,12.67606
66139,20016,Washington,District of Columbia,DC,Washington,2064,2012-02,10.59908
66139,20016,Washington,District of Columbia,DC,Washington,2064,2012-03,12.08333
66139,20016,Washington,District of Columbia,DC,Washington,2064,2012-04,11.42857
66139,20016,Washington,District of Columbia,DC,Washington,2064,2012-05,13.80753
66139,20016,Washington,District of Columbia,DC,Washington,2064,2012-06,12.55605
66139,20016,Washington,District of Columbia,DC,Washington,2064,2012-07,10.43956
66139,20016,Washington,District of Columbia,DC,Washington,2064,2012-08,9.770115
66139,20016,Washington,District of Columbia,DC,Washington,2064,2012-09,13.02083
66139,20016,Washington,District of Columbia,DC,Washington,2064,2012-10,12.56831
66139,20016,Washington,District of Columbia,DC,Washington,2064,2012-11,10.96774
66139,20016,Washington,District of Columbia,DC,Washington,2064,2012-12,6.557377
66139,20016,Washington,District of Columbia,DC,Washington,2064,2013-01,6.666667
66139,20016,Washington,District of Columbia,DC,Washington,2064,2013-02,7.142857
66139,20016,Washington,District of Columbia,DC,Washington,2064,2013-03,8.8
66139,20016,Washington,District of Columbia,DC,Washington,2064,2013-04,11.18421
66139,20016,Washington,District of Columbia,DC,Washington,2064,2013-05,6.875
66139,20016,Washington,District of Columbia,DC,Washington,2064,2013-06,14.58333
66139,20016,Washington,District of Columbia,DC,Washington,2064,2013-07,12.30769
66139,20016,Washington,District of Columbia,DC,Washington,2064,2013-08,5.691057
66139,20016,Washington,District of Columbia,DC,Washington,2064,2013-09,18.11594
66139,20016,Washington,District of Columbia,DC,Washington,2064,2013-10,15.58442
66139,20016,Washington,District of Columbia,DC,Washington,2064,2013-11,14.08451
66139,20016,Washington,District of Columbia,DC,Washington,2064,2013-12,5.785124
66139,20016,Washington,District of Columbia,DC,Washington,2064,2014-01,9.482759
66139,20016,Washington,District of Columbia,DC,Washington,2064,2014-02,6.666667
66139,20016,Washington,District of Columbia,DC,Washington,2064,2014-03,6.47482
66139,20016,Washington,District of Columbia,DC,Washington,2064,2014-04,7.843137
66139,20016,Washington,District of Columbia,DC,Washington,2064,2014-05,13.60947
66139,20016,Washington,District of Columbia,DC,Washington,2064,2014-06,9.82659
66139,20016,Washington,District of Columbia,DC,Washington,2064,2014-07,14.72393
66139,20016,Washington,District of Columbia,DC,Washington,2064,2014-08,6.617647
66139,20016,Washington,District of Columbia,DC,Washington,2064,2014-09,14.11043
66139,20016,Washington,District of Columbia,DC,Washington,2064,2014-10,15.30055
66139,20016,Washington,District of Columbia,DC,Washington,2064,2014-11,10.52632
66139,20016,Washington,District of Columbia,DC,Washington,2064,2014-12,11.45038
66139,20016,Washington,District of Columbia,DC,Washington,2064,2015-01,13.11475
66139,20016,Washington,District of Columbia,DC,Washington,2064,2015-02,10.21898
66139,20016,Washington,District of Columbia,DC,Washington,2064,2015-03,10.71429
66139,20016,Washington,District of Columbia,DC,Washington,2064,2015-04,13.11475
66139,20016,Washington,District of Columbia,DC,Washington,2064,2015-05,10.94527
66139,20016,Washington,District of Columbia,DC,Washington,2064,2015-06,9.677419
66139,20016,Washington,District of Columbia,DC,Washington,2064,2015-07,10.83744
66139,20016,Washington,District of Columbia,DC,Washington,2064,2015-08,10.52632
66139,20016,Washington,District of Columbia,DC,Washington,2064,2015-09,14.13043
66139,20016,Washington,District of Columbia,DC,Washington,2064,2015-10,16.05505
66139,20016,Washington,District of Columbia,DC,Washington,2064,2015-11,10.82474
66139,20016,Washington,District of Columbia,DC,Washington,2064,2015-12,7.792208
66139,20016,Washington,District of Columbia,DC,Washington,2064,2016-01,10.65574
66139,20016,Washington,District of Columbia,DC,Washington,2064,2016-02,8.450704
66139,20016,Washington,District of Columbia,DC,Washington,2064,2016-03,7.865169
66139,20016,Washington,District of Columbia,DC,Washington,2064,2016-04,14.09692
66139,20016,Washington,District of Columbia,DC,Washington,2064,2016-05,15.98361
66139,20016,Washington,District of Columbia,DC,Washington,2064,2016-06,13.46939
66139,20016,Washington,District of Columbia,DC,Washington,2064,2016-07,12.03704
66139,20016,Washington,District of Columbia,DC,Washington,2064,2016-08,11.30952
66127,20003,Washington,District of Columbia,DC,Washington,2278,2010-09,14.28571
66127,20003,Washington,District of Columbia,DC,Washington,2278,2010-10,17.48252
66127,20003,Washington,District of Columbia,DC,Washington,2278,2010-11,12.14286
66127,20003,Washington,District of Columbia,DC,Washington,2278,2010-12,14.72868
66127,20003,Washington,District of Columbia,DC,Washington,2278,2011-01,15.21739
66127,20003,Washington,District of Columbia,DC,Washington,2278,2011-02,11.19403
66127,20003,Washington,District of Columbia,DC,Washington,2278,2011-03,13.15789
66127,20003,Washington,District of Columbia,DC,Washington,2278,2011-04,13.28671
66127,20003,Washington,District of Columbia,DC,Washington,2278,2011-05,13.47518
66127,20003,Washington,District of Columbia,DC,Washington,2278,2011-06,9.271523
66127,20003,Washington,District of Columbia,DC,Washington,2278,2011-07,8.053691
66127,20003,Washington,District of Columbia,DC,Washington,2278,2011-08,4.72973
66127,20003,Washington,District of Columbia,DC,Washington,2278,2011-09,9.285714
66127,20003,Washington,District of Columbia,DC,Washington,2278,2011-10,13.38028
66127,20003,Washington,District of Columbia,DC,Washington,2278,2011-11,11.97183
66127,20003,Washington,District of Columbia,DC,Washington,2278,2011-12,9.489051
66127,20003,Washington,District of Columbia,DC,Washington,2278,2012-01,9.836066
66127,20003,Washington,District of Columbia,DC,Washington,2278,2012-02,9.649123
66127,20003,Washington,District of Columbia,DC,Washington,2278,2012-03,11.19403
66127,20003,Washington,District of Columbia,DC,Washington,2278,2012-04,16.66667
66127,20003,Washington,District of Columbia,DC,Washington,2278,2012-05,13.04348
66127,20003,Washington,District of Columbia,DC,Washington,2278,2012-06,17.27273
66127,20003,Washington,District of Columbia,DC,Washington,2278,2012-07,11.92661
66127,20003,Washington,District of Columbia,DC,Washington,2278,2012-08,10.52632
66127,20003,Washington,District of Columbia,DC,Washington,2278,2012-09,15.04425
66127,20003,Washington,District of Columbia,DC,Washington,2278,2012-10,14.81481
66127,20003,Washington,District of Columbia,DC,Washington,2278,2012-11,13.82979
66127,20003,Washington,District of Columbia,DC,Washington,2278,2012-12,8.333333
66127,20003,Washington,District of Columbia,DC,Washington,2278,2013-01,19.48052
66127,20003,Washington,District of Columbia,DC,Washington,2278,2013-02,5.882353
66127,20003,Washington,District of Columbia,DC,Washington,2278,2013-03,11.36364
66127,20003,Washington,District of Columbia,DC,Washington,2278,2013-04,7.377049
66127,20003,Washington,District of Columbia,DC,Washington,2278,2013-05,8.450704
66127,20003,Washington,District of Columbia,DC,Washington,2278,2013-06,13.66906
66127,20003,Washington,District of Columbia,DC,Washington,2278,2013-07,9.821429
66127,20003,Washington,District of Columbia,DC,Washington,2278,2013-08,15.47619
66127,20003,Washington,District of Columbia,DC,Washington,2278,2013-09,9.638554
66127,20003,Washington,District of Columbia,DC,Washington,2278,2013-10,13
66127,20003,Washington,District of Columbia,DC,Washington,2278,2013-11,15.25424
66127,20003,Washington,District of Columbia,DC,Washington,2278,2013-12,15.38462
66127,20003,Washington,District of Columbia,DC,Washington,2278,2014-01,15.49296
66127,20003,Washington,District of Columbia,DC,Washington,2278,2014-02,5.797101
66127,20003,Washington,District of Columbia,DC,Washington,2278,2014-03,4.347826
66127,20003,Washington,District of Columbia,DC,Washington,2278,2014-04,7.079646
66127,20003,Washington,District of Columbia,DC,Washington,2278,2014-05,7.407407
66127,20003,Washington,District of Columbia,DC,Washington,2278,2014-06,11.30435
66127,20003,Washington,District of Columbia,DC,Washington,2278,2014-07,12.17391
66127,20003,Washington,District of Columbia,DC,Washington,2278,2014-08,16.66667
66127,20003,Washington,District of Columbia,DC,Washington,2278,2014-09,10.52632
66127,20003,Washington,District of Columbia,DC,Washington,2278,2014-10,14.58333
66127,20003,Washington,District of Columbia,DC,Washington,2278,2014-11,21.73913
66127,20003,Washington,District of Columbia,DC,Washington,2278,2014-12,12.22222
66127,20003,Washington,District of Columbia,DC,Washington,2278,2015-01,16.32653
66127,20003,Washington,District of Columbia,DC,Washington,2278,2015-02,11.32075
66127,20003,Washington,District of Columbia,DC,Washington,2278,2015-03,11.29032
66127,20003,Washington,District of Columbia,DC,Washington,2278,2015-04,11.2782
66127,20003,Washington,District of Columbia,DC,Washington,2278,2015-05,11.97183
66127,20003,Washington,District of Columbia,DC,Washington,2278,2015-06,13.24503
66127,20003,Washington,District of Columbia,DC,Washington,2278,2015-07,17.48252
66127,20003,Washington,District of Columbia,DC,Washington,2278,2015-08,16.03774
66127,20003,Washington,District of Columbia,DC,Washington,2278,2015-09,15.38462
66127,20003,Washington,District of Columbia,DC,Washington,2278,2015-10,19.56522
66127,20003,Washington,District of Columbia,DC,Washington,2278,2015-11,7.142857
66127,20003,Washington,District of Columbia,DC,Washington,2278,2015-12,14.66667
66127,20003,Washington,District of Columbia,DC,Washington,2278,2016-01,8.571429
66127,20003,Washington,District of Columbia,DC,Washington,2278,2016-02,9.090909
66127,20003,Washington,District of Columbia,DC,Washington,2278,2016-03,12.2807
66127,20003,Washington,District of Columbia,DC,Washington,2278,2016-04,12.59259
66127,20003,Washington,District of Columbia,DC,Washington,2278,2016-05,8.965517
66127,20003,Washington,District of Columbia,DC,Washington,2278,2016-06,9.79021
66127,20003,Washington,District of Columbia,DC,Washington,2278,2016-07,10.34483
66127,20003,Washington,District of Columbia,DC,Washington,2278,2016-08,11.45833
66134,20010,Washington,District of Columbia,DC,Washington,2742,2010-09,20.83333
66134,20010,Washington,District of Columbia,DC,Washington,2742,2010-10,19.13043
66134,20010,Washington,District of Columbia,DC,Washington,2742,2010-11,14.28571
66134,20010,Washington,District of Columbia,DC,Washington,2742,2010-12,11.81818
66134,20010,Washington,District of Columbia,DC,Washington,2742,2011-01,11.65049
66134,20010,Washington,District of Columbia,DC,Washington,2742,2011-02,12.71186
66134,20010,Washington,District of Columbia,DC,Washington,2742,2011-03,10.81081
66134,20010,Washington,District of Columbia,DC,Washington,2742,2011-04,10.67961
66134,20010,Washington,District of Columbia,DC,Washington,2742,2011-05,19.38776
66134,20010,Washington,District of Columbia,DC,Washington,2742,2011-06,21.56863
66134,20010,Washington,District of Columbia,DC,Washington,2742,2011-07,19.04762
66134,20010,Washington,District of Columbia,DC,Washington,2742,2011-08,15.15152
66134,20010,Washington,District of Columbia,DC,Washington,2742,2011-09,11.11111
66134,20010,Washington,District of Columbia,DC,Washington,2742,2011-10,12.22222
66134,20010,Washington,District of Columbia,DC,Washington,2742,2011-11,13.33333
66134,20010,Washington,District of Columbia,DC,Washington,2742,2011-12,14.77273
66134,20010,Washington,District of Columbia,DC,Washington,2742,2012-01,7.228916
66134,20010,Washington,District of Columbia,DC,Washington,2742,2012-02,11.68831
66134,20010,Washington,District of Columbia,DC,Washington,2742,2012-03,15.58442
66134,20010,Washington,District of Columbia,DC,Washington,2742,2012-04,8.108108
66134,20010,Washington,District of Columbia,DC,Washington,2742,2012-05,10.29412
66134,20010,Washington,District of Columbia,DC,Washington,2742,2012-06,13.33333
66134,20010,Washington,District of Columbia,DC,Washington,2742,2012-07,10.12658
66134,20010,Washington,District of Columbia,DC,Washington,2742,2012-08,15.66265
66134,20010,Washington,District of Columbia,DC,Washington,2742,2012-09,20.45455
66134,20010,Washington,District of Columbia,DC,Washington,2742,2012-10,15.71429
66134,20010,Washington,District of Columbia,DC,Washington,2742,2012-11,12.67606
66134,20010,Washington,District of Columbia,DC,Washington,2742,2012-12,9.433962
66134,20010,Washington,District of Columbia,DC,Washington,2742,2013-01,12.76596
66134,20010,Washington,District of Columbia,DC,Washington,2742,2013-02,17.3913
66134,20010,Washington,District of Columbia,DC,Washington,2742,2013-03,14.89362
66134,20010,Washington,District of Columbia,DC,Washington,2742,2013-04,9.615385
66134,20010,Washington,District of Columbia,DC,Washington,2742,2013-05,11.5942
66134,20010,Washington,District of Columbia,DC,Washington,2742,2013-06,8.955224
66134,20010,Washington,District of Columbia,DC,Washington,2742,2013-07,8.219178
66134,20010,Washington,District of Columbia,DC,Washington,2742,2013-08,16.12903
66134,20010,Washington,District of Columbia,DC,Washington,2742,2013-09,10.66667
66134,20010,Washington,District of Columbia,DC,Washington,2742,2013-10,13
66134,20010,Washington,District of Columbia,DC,Washington,2742,2013-11,21.64948
66134,20010,Washington,District of Columbia,DC,Washington,2742,2013-12,9.411765
66134,20010,Washington,District of Columbia,DC,Washington,2742,2014-01,9.411765
66134,20010,Washington,District of Columbia,DC,Washington,2742,2014-02,8.974359
66134,20010,Washington,District of Columbia,DC,Washington,2742,2014-03,11.11111
66134,20010,Washington,District of Columbia,DC,Washington,2742,2014-04,8
66134,20010,Washington,District of Columbia,DC,Washington,2742,2014-05,10.71429
66134,20010,Washington,District of Columbia,DC,Washington,2742,2014-06,10.71429
66134,20010,Washington,District of Columbia,DC,Washington,2742,2014-07,13.75
66134,20010,Washington,District of Columbia,DC,Washington,2742,2014-08,5.128205
66134,20010,Washington,District of Columbia,DC,Washington,2742,2014-09,13.86139
66134,20010,Washington,District of Columbia,DC,Washington,2742,2014-10,17.02128
66134,20010,Washington,District of Columbia,DC,Washington,2742,2014-11,17.94872
66134,20010,Washington,District of Columbia,DC,Washington,2742,2014-12,16.98113
66134,20010,Washington,District of Columbia,DC,Washington,2742,2015-01,15
66134,20010,Washington,District of Columbia,DC,Washington,2742,2015-02,13.33333
66134,20010,Washington,District of Columbia,DC,Washington,2742,2015-03,13.95349
66134,20010,Washington,District of Columbia,DC,Washington,2742,2015-04,8.163265
66134,20010,Washington,District of Columbia,DC,Washington,2742,2015-05,9.756098
66134,20010,Washington,District of Columbia,DC,Washington,2742,2015-06,17.74194
66134,20010,Washington,District of Columbia,DC,Washington,2742,2015-07,12.5
66134,20010,Washington,District of Columbia,DC,Washington,2742,2015-08,10.97561
66134,20010,Washington,District of Columbia,DC,Washington,2742,2015-09,13.7931
66134,20010,Washington,District of Columbia,DC,Washington,2742,2015-10,18.96552
66134,20010,Washington,District of Columbia,DC,Washington,2742,2015-11,21.62162
66134,20010,Washington,District of Columbia,DC,Washington,2742,2015-12,10.75269
66134,20010,Washington,District of Columbia,DC,Washington,2742,2016-01,8.333333
66134,20010,Washington,District of Columbia,DC,Washington,2742,2016-02,8.247423
66134,20010,Washington,District of Columbia,DC,Washington,2742,2016-03,13.22314
66134,20010,Washington,District of Columbia,DC,Washington,2742,2016-04,22.31405
66134,20010,Washington,District of Columbia,DC,Washington,2742,2016-05,17.05426
66134,20010,Washington,District of Columbia,DC,Washington,2742,2016-06,18.54839
66134,20010,Washington,District of Columbia,DC,Washington,2742,2016-07,14.54545
66134,20010,Washington,District of Columbia,DC,Washington,2742,2016-08,10.6383
66131,20007,Washington,District of Columbia,DC,Washington,2756,2010-09,15.34392
66131,20007,Washington,District of Columbia,DC,Washington,2756,2010-10,13.7931
66131,20007,Washington,District of Columbia,DC,Washington,2756,2010-11,9.251101
66131,20007,Washington,District of Columbia,DC,Washington,2756,2010-12,6.880734
66131,20007,Washington,District of Columbia,DC,Washington,2756,2011-01,7.619048
66131,20007,Washington,District of Columbia,DC,Washington,2756,2011-02,8.597285
66131,20007,Washington,District of Columbia,DC,Washington,2756,2011-03,10.20408
66131,20007,Washington,District of Columbia,DC,Washington,2756,2011-04,16.19433
66131,20007,Washington,District of Columbia,DC,Washington,2756,2011-05,12.07547
66131,20007,Washington,District of Columbia,DC,Washington,2756,2011-06,19.8556
66131,20007,Washington,District of Columbia,DC,Washington,2756,2011-07,13.30935
66131,20007,Washington,District of Columbia,DC,Washington,2756,2011-08,7.722008
66131,20007,Washington,District of Columbia,DC,Washington,2756,2011-09,13.6
66131,20007,Washington,District of Columbia,DC,Washington,2756,2011-10,11.46245
66131,20007,Washington,District of Columbia,DC,Washington,2756,2011-11,13.75
66131,20007,Washington,District of Columbia,DC,Washington,2756,2011-12,8.636364
66131,20007,Washington,District of Columbia,DC,Washington,2756,2012-01,7.03125
66131,20007,Washington,District of Columbia,DC,Washington,2756,2012-02,6.976744
66131,20007,Washington,District of Columbia,DC,Washington,2756,2012-03,8.536585
66131,20007,Washington,District of Columbia,DC,Washington,2756,2012-04,9.813084
66131,20007,Washington,District of Columbia,DC,Washington,2756,2012-05,15.71429
66131,20007,Washington,District of Columbia,DC,Washington,2756,2012-06,12.85714
66131,20007,Washington,District of Columbia,DC,Washington,2756,2012-07,11.29944
66131,20007,Washington,District of Columbia,DC,Washington,2756,2012-08,10.24096
66131,20007,Washington,District of Columbia,DC,Washington,2756,2012-09,10.67416
66131,20007,Washington,District of Columbia,DC,Washington,2756,2012-10,16.76301
66131,20007,Washington,District of Columbia,DC,Washington,2756,2012-11,8.917197
66131,20007,Washington,District of Columbia,DC,Washington,2756,2012-12,2.816901
66131,20007,Washington,District of Columbia,DC,Washington,2756,2013-01,6.818182
66131,20007,Washington,District of Columbia,DC,Washington,2756,2013-02,10.9589
66131,20007,Washington,District of Columbia,DC,Washington,2756,2013-03,6.21118
66131,20007,Washington,District of Columbia,DC,Washington,2756,2013-04,9.411765
66131,20007,Washington,District of Columbia,DC,Washington,2756,2013-05,11.36364
66131,20007,Washington,District of Columbia,DC,Washington,2756,2013-06,12.8655
66131,20007,Washington,District of Columbia,DC,Washington,2756,2013-07,11.4094
66131,20007,Washington,District of Columbia,DC,Washington,2756,2013-08,10.86957
66131,20007,Washington,District of Columbia,DC,Washington,2756,2013-09,14.47368
66131,20007,Washington,District of Columbia,DC,Washington,2756,2013-10,12.35955
66131,20007,Washington,District of Columbia,DC,Washington,2756,2013-11,15.29412
66131,20007,Washington,District of Columbia,DC,Washington,2756,2013-12,8.108108
66131,20007,Washington,District of Columbia,DC,Washington,2756,2014-01,14.38849
66131,20007,Washington,District of Columbia,DC,Washington,2756,2014-02,6.20155
66131,20007,Washington,District of Columbia,DC,Washington,2756,2014-03,9.74026
66131,20007,Washington,District of Columbia,DC,Washington,2756,2014-04,9.770115
66131,20007,Washington,District of Columbia,DC,Washington,2756,2014-05,15.67568
66131,20007,Washington,District of Columbia,DC,Washington,2756,2014-06,19.27083
66131,20007,Washington,District of Columbia,DC,Washington,2756,2014-07,13.40782
66131,20007,Washington,District of Columbia,DC,Washington,2756,2014-08,13.0719
66131,20007,Washington,District of Columbia,DC,Washington,2756,2014-09,18.88889
66131,20007,Washington,District of Columbia,DC,Washington,2756,2014-10,15.21739
66131,20007,Washington,District of Columbia,DC,Washington,2756,2014-11,10.38961
66131,20007,Washington,District of Columbia,DC,Washington,2756,2014-12,6.818182
66131,20007,Washington,District of Columbia,DC,Washington,2756,2015-01,11.2069
66131,20007,Washington,District of Columbia,DC,Washington,2756,2015-02,6.896552
66131,20007,Washington,District of Columbia,DC,Washington,2756,2015-03,9.89011
66131,20007,Washington,District of Columbia,DC,Washington,2756,2015-04,12.44444
66131,20007,Washington,District of Columbia,DC,Washington,2756,2015-05,15.25424
66131,20007,Washington,District of Columbia,DC,Washington,2756,2015-06,14.28571
66131,20007,Washington,District of Columbia,DC,Washington,2756,2015-07,11.40351
66131,20007,Washington,District of Columbia,DC,Washington,2756,2015-08,10.43956
66131,20007,Washington,District of Columbia,DC,Washington,2756,2015-09,13.74408
66131,20007,Washington,District of Columbia,DC,Washington,2756,2015-10,21.00457
66131,20007,Washington,District of Columbia,DC,Washington,2756,2015-11,15.24664
66131,20007,Washington,District of Columbia,DC,Washington,2756,2015-12,10.49724
66131,20007,Washington,District of Columbia,DC,Washington,2756,2016-01,11.875
66131,20007,Washington,District of Columbia,DC,Washington,2756,2016-02,7.777778
66131,20007,Washington,District of Columbia,DC,Washington,2756,2016-03,13.40206
66131,20007,Washington,District of Columbia,DC,Washington,2756,2016-04,14.4186
66131,20007,Washington,District of Columbia,DC,Washington,2756,2016-05,12.38938
66131,20007,Washington,District of Columbia,DC,Washington,2756,2016-06,17.07317
66131,20007,Washington,District of Columbia,DC,Washington,2756,2016-07,12.69841
66131,20007,Washington,District of Columbia,DC,Washington,2756,2016-08,10
66140,20017,Washington,District of Columbia,DC,Washington,5582,2010-09,15.78947
66140,20017,Washington,District of Columbia,DC,Washington,5582,2010-10,23.52941
66140,20017,Washington,District of Columbia,DC,Washington,5582,2010-11,13.63636
66140,20017,Washington,District of Columbia,DC,Washington,5582,2010-12,11.11111
66140,20017,Washington,District of Columbia,DC,Washington,5582,2011-01,15.78947
66140,20017,Washington,District of Columbia,DC,Washington,5582,2011-02,8.641975
66140,20017,Washington,District of Columbia,DC,Washington,5582,2011-03,16.66667
66140,20017,Washington,District of Columbia,DC,Washington,5582,2011-04,15.18987
66140,20017,Washington,District of Columbia,DC,Washington,5582,2011-05,12.12121
66140,20017,Washington,District of Columbia,DC,Washington,5582,2011-06,6.944444
66140,20017,Washington,District of Columbia,DC,Washington,5582,2011-07,14.70588
66140,20017,Washington,District of Columbia,DC,Washington,5582,2011-08,5.555556
66140,20017,Washington,District of Columbia,DC,Washington,5582,2011-09,8.219178
66140,20017,Washington,District of Columbia,DC,Washington,5582,2011-10,13.63636
66140,20017,Washington,District of Columbia,DC,Washington,5582,2011-11,5.714286
66140,20017,Washington,District of Columbia,DC,Washington,5582,2011-12,11.9403
66140,20017,Washington,District of Columbia,DC,Washington,5582,2012-01,16.66667
66140,20017,Washington,District of Columbia,DC,Washington,5582,2012-02,9.375
66140,20017,Washington,District of Columbia,DC,Washington,5582,2012-03,8.333333
66140,20017,Washington,District of Columbia,DC,Washington,5582,2012-04,3.508772
66140,20017,Washington,District of Columbia,DC,Washington,5582,2012-05,6.122449
66140,20017,Washington,District of Columbia,DC,Washington,5582,2012-06,11.53846
66140,20017,Washington,District of Columbia,DC,Washington,5582,2012-07,4.166667
66140,20017,Washington,District of Columbia,DC,Washington,5582,2012-08,7.843137
66140,20017,Washington,District of Columbia,DC,Washington,5582,2012-09,9.52381
66140,20017,Washington,District of Columbia,DC,Washington,5582,2012-10,16.27907
66140,20017,Washington,District of Columbia,DC,Washington,5582,2012-11,16.66667
66140,20017,Washington,District of Columbia,DC,Washington,5582,2012-12,2.564103
66140,20017,Washington,District of Columbia,DC,Washington,5582,2013-01,15
66140,20017,Washington,District of Columbia,DC,Washington,5582,2013-02,13.04348
66140,20017,Washington,District of Columbia,DC,Washington,5582,2013-03,11.62791
66140,20017,Washington,District of Columbia,DC,Washington,5582,2013-04,2.040816
66140,20017,Washington,District of Columbia,DC,Washington,5582,2013-05,13.33333
66140,20017,Washington,District of Columbia,DC,Washington,5582,2013-06,7.407407
66140,20017,Washington,District of Columbia,DC,Washington,5582,2013-07,10
66140,20017,Washington,District of Columbia,DC,Washington,5582,2013-08,8.333333
66140,20017,Washington,District of Columbia,DC,Washington,5582,2013-09,11.53846
66140,20017,Washington,District of Columbia,DC,Washington,5582,2013-10,7.142857
66140,20017,Washington,District of Columbia,DC,Washington,5582,2013-11,11.66667
66140,20017,Washington,District of Columbia,DC,Washington,5582,2013-12,10
66140,20017,Washington,District of Columbia,DC,Washington,5582,2014-01,18.75
66140,20017,Washington,District of Columbia,DC,Washington,5582,2014-02,11.11111
66140,20017,Washington,District of Columbia,DC,Washington,5582,2014-03,8.62069
66140,20017,Washington,District of Columbia,DC,Washington,5582,2014-04,9.677419
66140,20017,Washington,District of Columbia,DC,Washington,5582,2014-05,16.94915
66140,20017,Washington,District of Columbia,DC,Washington,5582,2014-06,10.71429
66140,20017,Washington,District of Columbia,DC,Washington,5582,2014-07,5.714286
66140,20017,Washington,District of Columbia,DC,Washington,5582,2014-08,10.52632
66140,20017,Washington,District of Columbia,DC,Washington,5582,2014-09,9.375
66140,20017,Washington,District of Columbia,DC,Washington,5582,2014-10,12.06897
66140,20017,Washington,District of Columbia,DC,Washington,5582,2014-11,16.66667
66140,20017,Washington,District of Columbia,DC,Washington,5582,2014-12,13.33333
66140,20017,Washington,District of Columbia,DC,Washington,5582,2015-01,19.04762
66140,20017,Washington,District of Columbia,DC,Washington,5582,2015-02,15.21739
66140,20017,Washington,District of Columbia,DC,Washington,5582,2015-03,8.163265
66140,20017,Washington,District of Columbia,DC,Washington,5582,2015-04,8.62069
66140,20017,Washington,District of Columbia,DC,Washington,5582,2015-05,11.5942
66140,20017,Washington,District of Columbia,DC,Washington,5582,2015-06,8.333333
66140,20017,Washington,District of Columbia,DC,Washington,5582,2015-07,7.352941
66140,20017,Washington,District of Columbia,DC,Washington,5582,2015-08,15
66140,20017,Washington,District of Columbia,DC,Washington,5582,2015-09,16.66667
66140,20017,Washington,District of Columbia,DC,Washington,5582,2015-10,16.66667
66140,20017,Washington,District of Columbia,DC,Washington,5582,2015-11,12.5
66140,20017,Washington,District of Columbia,DC,Washington,5582,2015-12,7.894737
66140,20017,Washington,District of Columbia,DC,Washington,5582,2016-01,14.49275
66140,20017,Washington,District of Columbia,DC,Washington,5582,2016-02,8.695652
66140,20017,Washington,District of Columbia,DC,Washington,5582,2016-03,7.042254
66140,20017,Washington,District of Columbia,DC,Washington,5582,2016-04,6.329114
66140,20017,Washington,District of Columbia,DC,Washington,5582,2016-05,5.128205
66140,20017,Washington,District of Columbia,DC,Washington,5582,2016-06,9.782609
66140,20017,Washington,District of Columbia,DC,Washington,5582,2016-07,13.48315
66140,20017,Washington,District of Columbia,DC,Washington,5582,2016-08,11.76471
66141,20018,Washington,District of Columbia,DC,Washington,5680,2010-09,19.81132
66141,20018,Washington,District of Columbia,DC,Washington,5680,2010-10,15.25424
66141,20018,Washington,District of Columbia,DC,Washington,5680,2010-11,24.54545
66141,20018,Washington,District of Columbia,DC,Washington,5680,2010-12,17.30769
66141,20018,Washington,District of Columbia,DC,Washington,5680,2011-01,15.95745
66141,20018,Washington,District of Columbia,DC,Washington,5680,2011-02,9.302326
66141,20018,Washington,District of Columbia,DC,Washington,5680,2011-03,19.56522
66141,20018,Washington,District of Columbia,DC,Washington,5680,2011-04,18.51852
66141,20018,Washington,District of Columbia,DC,Washington,5680,2011-05,13.63636
66141,20018,Washington,District of Columbia,DC,Washington,5680,2011-06,17.70833
66141,20018,Washington,District of Columbia,DC,Washington,5680,2011-07,18.18182
66141,20018,Washington,District of Columbia,DC,Washington,5680,2011-08,16.96429
66141,20018,Washington,District of Columbia,DC,Washington,5680,2011-09,14.6789
66141,20018,Washington,District of Columbia,DC,Washington,5680,2011-10,14.14141
66141,20018,Washington,District of Columbia,DC,Washington,5680,2011-11,14.56311
66141,20018,Washington,District of Columbia,DC,Washington,5680,2011-12,11.36364
66141,20018,Washington,District of Columbia,DC,Washington,5680,2012-01,9.210526
66141,20018,Washington,District of Columbia,DC,Washington,5680,2012-02,16.66667
66141,20018,Washington,District of Columbia,DC,Washington,5680,2012-03,11.11111
66141,20018,Washington,District of Columbia,DC,Washington,5680,2012-04,10.12658
66141,20018,Washington,District of Columbia,DC,Washington,5680,2012-05,18.05556
66141,20018,Washington,District of Columbia,DC,Washington,5680,2012-06,5.479452
66141,20018,Washington,District of Columbia,DC,Washington,5680,2012-07,5.194805
66141,20018,Washington,District of Columbia,DC,Washington,5680,2012-08,4.225352
66141,20018,Washington,District of Columbia,DC,Washington,5680,2012-09,10.9375
66141,20018,Washington,District of Columbia,DC,Washington,5680,2012-10,6.060606
66141,20018,Washington,District of Columbia,DC,Washington,5680,2012-11,4.615385
66141,20018,Washington,District of Columbia,DC,Washington,5680,2012-12,8.196721
66141,20018,Washington,District of Columbia,DC,Washington,5680,2013-01,9.433962
66141,20018,Washington,District of Columbia,DC,Washington,5680,2013-02,8
66141,20018,Washington,District of Columbia,DC,Washington,5680,2013-03,6.666667
66141,20018,Washington,District of Columbia,DC,Washington,5680,2013-04,5.660377
66141,20018,Washington,District of Columbia,DC,Washington,5680,2013-05,14.03509
66141,20018,Washington,District of Columbia,DC,Washington,5680,2013-06,7.017544
66141,20018,Washington,District of Columbia,DC,Washington,5680,2013-07,15.87302
66141,20018,Washington,District of Columbia,DC,Washington,5680,2013-08,14.08451
66141,20018,Washington,District of Columbia,DC,Washington,5680,2013-09,21.79487
66141,20018,Washington,District of Columbia,DC,Washington,5680,2013-10,24.65753
66141,20018,Washington,District of Columbia,DC,Washington,5680,2013-11,15.15152
66141,20018,Washington,District of Columbia,DC,Washington,5680,2013-12,10.9375
66141,20018,Washington,District of Columbia,DC,Washington,5680,2014-01,10.16949
66141,20018,Washington,District of Columbia,DC,Washington,5680,2014-02,8.333333
66141,20018,Washington,District of Columbia,DC,Washington,5680,2014-03,11.11111
66141,20018,Washington,District of Columbia,DC,Washington,5680,2014-04,11.76471
66141,20018,Washington,District of Columbia,DC,Washington,5680,2014-05,18.75
66141,20018,Washington,District of Columbia,DC,Washington,5680,2014-06,10.81081
66141,20018,Washington,District of Columbia,DC,Washington,5680,2014-07,15.78947
66141,20018,Washington,District of Columbia,DC,Washington,5680,2014-08,4.347826
66141,20018,Washington,District of Columbia,DC,Washington,5680,2014-09,22.47191
66141,20018,Washington,District of Columbia,DC,Washington,5680,2014-10,24.13793
66141,20018,Washington,District of Columbia,DC,Washington,5680,2014-11,18.27957
66141,20018,Washington,District of Columbia,DC,Washington,5680,2014-12,12.7907
66141,20018,Washington,District of Columbia,DC,Washington,5680,2015-01,13.54167
66141,20018,Washington,District of Columbia,DC,Washington,5680,2015-02,6
66141,20018,Washington,District of Columbia,DC,Washington,5680,2015-03,5.940594
66141,20018,Washington,District of Columbia,DC,Washington,5680,2015-04,8.791209
66141,20018,Washington,District of Columbia,DC,Washington,5680,2015-05,12.32877
66141,20018,Washington,District of Columbia,DC,Washington,5680,2015-06,10.97561
66141,20018,Washington,District of Columbia,DC,Washington,5680,2015-07,14.45783
66141,20018,Washington,District of Columbia,DC,Washington,5680,2015-08,16.09195
66141,20018,Washington,District of Columbia,DC,Washington,5680,2015-09,10.78431
66141,20018,Washington,District of Columbia,DC,Washington,5680,2015-10,21.10092
66141,20018,Washington,District of Columbia,DC,Washington,5680,2015-11,17.34694
66141,20018,Washington,District of Columbia,DC,Washington,5680,2015-12,9.90099
66141,20018,Washington,District of Columbia,DC,Washington,5680,2016-01,15.85366
66141,20018,Washington,District of Columbia,DC,Washington,5680,2016-02,17.64706
66141,20018,Washington,District of Columbia,DC,Washington,5680,2016-03,10.52632
66141,20018,Washington,District of Columbia,DC,Washington,5680,2016-04,13.25301
66141,20018,Washington,District of Columbia,DC,Washington,5680,2016-05,16.88312
66141,20018,Washington,District of Columbia,DC,Washington,5680,2016-06,5.882353
66141,20018,Washington,District of Columbia,DC,Washington,5680,2016-07,18.03279
66141,20018,Washington,District of Columbia,DC,Washington,5680,2016-08,12.90323
66146,20024,Washington,District of Columbia,DC,Washington,5719,2010-09,9.52381
66146,20024,Washington,District of Columbia,DC,Washington,5719,2010-10,14.70588
66146,20024,Washington,District of Columbia,DC,Washington,5719,2010-11,25.92593
66146,20024,Washington,District of Columbia,DC,Washington,5719,2010-12,15.25424
66146,20024,Washington,District of Columbia,DC,Washington,5719,2011-01,24.19355
66146,20024,Washington,District of Columbia,DC,Washington,5719,2011-02,18.91892
66146,20024,Washington,District of Columbia,DC,Washington,5719,2011-03,9.210526
66146,20024,Washington,District of Columbia,DC,Washington,5719,2011-04,16.4557
66146,20024,Washington,District of Columbia,DC,Washington,5719,2011-05,10.12658
66146,20024,Washington,District of Columbia,DC,Washington,5719,2011-06,12.34568
66146,20024,Washington,District of Columbia,DC,Washington,5719,2011-07,13.63636
66146,20024,Washington,District of Columbia,DC,Washington,5719,2011-08,13.58025
66146,20024,Washington,District of Columbia,DC,Washington,5719,2011-09,13.95349
66146,20024,Washington,District of Columbia,DC,Washington,5719,2011-10,13.48315
66146,20024,Washington,District of Columbia,DC,Washington,5719,2011-11,15.58442
66146,20024,Washington,District of Columbia,DC,Washington,5719,2011-12,13.51351
66146,20024,Washington,District of Columbia,DC,Washington,5719,2012-01,9.722222
66146,20024,Washington,District of Columbia,DC,Washington,5719,2012-02,3.333333
66146,20024,Washington,District of Columbia,DC,Washington,5719,2012-03,14.28571
66146,20024,Washington,District of Columbia,DC,Washington,5719,2012-04,6.349206
66146,20024,Washington,District of Columbia,DC,Washington,5719,2012-05,5
66146,20024,Washington,District of Columbia,DC,Washington,5719,2012-06,7.352941
66146,20024,Washington,District of Columbia,DC,Washington,5719,2012-07,11.47541
66146,20024,Washington,District of Columbia,DC,Washington,5719,2012-08,4.83871
66146,20024,Washington,District of Columbia,DC,Washington,5719,2012-09,1.449275
66146,20024,Washington,District of Columbia,DC,Washington,5719,2012-10,9.090909
66146,20024,Washington,District of Columbia,DC,Washington,5719,2012-11,7.843137
66146,20024,Washington,District of Columbia,DC,Washington,5719,2012-12,6.060606
66146,20024,Washington,District of Columbia,DC,Washington,5719,2013-01,6.25
66146,20024,Washington,District of Columbia,DC,Washington,5719,2013-02,5.769231
66146,20024,Washington,District of Columbia,DC,Washington,5719,2013-03,8.333333
66146,20024,Washington,District of Columbia,DC,Washington,5719,2013-04,12.96296
66146,20024,Washington,District of Columbia,DC,Washington,5719,2013-05,3.389831
66146,20024,Washington,District of Columbia,DC,Washington,5719,2013-06,10.16949
66146,20024,Washington,District of Columbia,DC,Washington,5719,2013-07,8.163265
66146,20024,Washington,District of Columbia,DC,Washington,5719,2013-08,4.255319
66146,20024,Washington,District of Columbia,DC,Washington,5719,2013-09,13.33333
66146,20024,Washington,District of Columbia,DC,Washington,5719,2013-10,15.09434
66146,20024,Washington,District of Columbia,DC,Washington,5719,2013-11,16.36364
66146,20024,Washington,District of Columbia,DC,Washington,5719,2013-12,3.448276
66146,20024,Washington,District of Columbia,DC,Washington,5719,2014-01,13.55932
66146,20024,Washington,District of Columbia,DC,Washington,5719,2014-02,8.163265
66146,20024,Washington,District of Columbia,DC,Washington,5719,2014-03,7.936508
66146,20024,Washington,District of Columbia,DC,Washington,5719,2014-04,2.597403
66146,20024,Washington,District of Columbia,DC,Washington,5719,2014-05,5.633803
66146,20024,Washington,District of Columbia,DC,Washington,5719,2014-06,6.451613
66146,20024,Washington,District of Columbia,DC,Washington,5719,2014-07,4.83871
66146,20024,Washington,District of Columbia,DC,Washington,5719,2014-08,8.62069
66146,20024,Washington,District of Columbia,DC,Washington,5719,2014-09,1.612903
66146,20024,Washington,District of Columbia,DC,Washington,5719,2014-10,3.797468
66146,20024,Washington,District of Columbia,DC,Washington,5719,2014-11,8
66146,20024,Washington,District of Columbia,DC,Washington,5719,2014-12,1.515152
66146,20024,Washington,District of Columbia,DC,Washington,5719,2015-01,1.960784
66146,20024,Washington,District of Columbia,DC,Washington,5719,2015-02,2.040816
66146,20024,Washington,District of Columbia,DC,Washington,5719,2015-03,6.896552
66146,20024,Washington,District of Columbia,DC,Washington,5719,2015-04,9.375
66146,20024,Washington,District of Columbia,DC,Washington,5719,2015-05,7.142857
66146,20024,Washington,District of Columbia,DC,Washington,5719,2015-06,5.479452
66146,20024,Washington,District of Columbia,DC,Washington,5719,2015-07,6.153846
66146,20024,Washington,District of Columbia,DC,Washington,5719,2015-08,14.7541
66146,20024,Washington,District of Columbia,DC,Washington,5719,2015-09,6.557377
66146,20024,Washington,District of Columbia,DC,Washington,5719,2015-10,11.86441
66146,20024,Washington,District of Columbia,DC,Washington,5719,2015-11,12.72727
66146,20024,Washington,District of Columbia,DC,Washington,5719,2015-12,7.317073
66146,20024,Washington,District of Columbia,DC,Washington,5719,2016-01,6.666667
66146,20024,Washington,District of Columbia,DC,Washington,5719,2016-02,5.555556
66146,20024,Washington,District of Columbia,DC,Washington,5719,2016-03,11.36364
66146,20024,Washington,District of Columbia,DC,Washington,5719,2016-04,9.090909
66146,20024,Washington,District of Columbia,DC,Washington,5719,2016-05,12.72727
66146,20024,Washington,District of Columbia,DC,Washington,5719,2016-06,7.317073
66146,20024,Washington,District of Columbia,DC,Washington,5719,2016-07,13.95349
66146,20024,Washington,District of Columbia,DC,Washington,5719,2016-08,20
66155,20037,Washington,District of Columbia,DC,Washington,6172,2010-09,11.86441
66155,20037,Washington,District of Columbia,DC,Washington,6172,2010-10,10.83333
66155,20037,Washington,District of Columbia,DC,Washington,6172,2010-11,8.035714
66155,20037,Washington,District of Columbia,DC,Washington,6172,2010-12,12.7451
66155,20037,Washington,District of Columbia,DC,Washington,6172,2011-01,7.76699
66155,20037,Washington,District of Columbia,DC,Washington,6172,2011-02,11.40351
66155,20037,Washington,District of Columbia,DC,Washington,6172,2011-03,9.243697
66155,20037,Washington,District of Columbia,DC,Washington,6172,2011-04,8.547009
66155,20037,Washington,District of Columbia,DC,Washington,6172,2011-05,14.4
66155,20037,Washington,District of Columbia,DC,Washington,6172,2011-06,12.85714
66155,20037,Washington,District of Columbia,DC,Washington,6172,2011-07,11.6129
66155,20037,Washington,District of Columbia,DC,Washington,6172,2011-08,11.88811
66155,20037,Washington,District of Columbia,DC,Washington,6172,2011-09,10.34483
66155,20037,Washington,District of Columbia,DC,Washington,6172,2011-10,11.64384
66155,20037,Washington,District of Columbia,DC,Washington,6172,2011-11,12.19512
66155,20037,Washington,District of Columbia,DC,Washington,6172,2011-12,7.272727
66155,20037,Washington,District of Columbia,DC,Washington,6172,2012-01,9.009009
66155,20037,Washington,District of Columbia,DC,Washington,6172,2012-02,5.940594
66155,20037,Washington,District of Columbia,DC,Washington,6172,2012-03,8.547009
66155,20037,Washington,District of Columbia,DC,Washington,6172,2012-04,8.849558
66155,20037,Washington,District of Columbia,DC,Washington,6172,2012-05,6.603774
66155,20037,Washington,District of Columbia,DC,Washington,6172,2012-06,6.140351
66155,20037,Washington,District of Columbia,DC,Washington,6172,2012-07,9.433962
66155,20037,Washington,District of Columbia,DC,Washington,6172,2012-08,10.28037
66155,20037,Washington,District of Columbia,DC,Washington,6172,2012-09,5.309735
66155,20037,Washington,District of Columbia,DC,Washington,6172,2012-10,8.653846
66155,20037,Washington,District of Columbia,DC,Washington,6172,2012-11,8.411215
66155,20037,Washington,District of Columbia,DC,Washington,6172,2012-12,7.843137
66155,20037,Washington,District of Columbia,DC,Washington,6172,2013-01,4.444444
66155,20037,Washington,District of Columbia,DC,Washington,6172,2013-02,12.94118
66155,20037,Washington,District of Columbia,DC,Washington,6172,2013-03,10.75269
66155,20037,Washington,District of Columbia,DC,Washington,6172,2013-04,19.81132
66155,20037,Washington,District of Columbia,DC,Washington,6172,2013-05,6.034483
66155,20037,Washington,District of Columbia,DC,Washington,6172,2013-06,12.5
66155,20037,Washington,District of Columbia,DC,Washington,6172,2013-07,5.309735
66155,20037,Washington,District of Columbia,DC,Washington,6172,2013-08,16.34615
66155,20037,Washington,District of Columbia,DC,Washington,6172,2013-09,7.8125
66155,20037,Washington,District of Columbia,DC,Washington,6172,2013-10,7.462687
66155,20037,Washington,District of Columbia,DC,Washington,6172,2013-11,14.0625
66155,20037,Washington,District of Columbia,DC,Washington,6172,2013-12,8.333333
66155,20037,Washington,District of Columbia,DC,Washington,6172,2014-01,5.797101
66155,20037,Washington,District of Columbia,DC,Washington,6172,2014-02,10.52632
66155,20037,Washington,District of Columbia,DC,Washington,6172,2014-03,7.042254
66155,20037,Washington,District of Columbia,DC,Washington,6172,2014-04,12.5
66155,20037,Washington,District of Columbia,DC,Washington,6172,2014-05,14.63415
66155,20037,Washington,District of Columbia,DC,Washington,6172,2014-06,13.40206
66155,20037,Washington,District of Columbia,DC,Washington,6172,2014-07,18.60465
66155,20037,Washington,District of Columbia,DC,Washington,6172,2014-08,15.78947
66155,20037,Washington,District of Columbia,DC,Washington,6172,2014-09,15.90909
66155,20037,Washington,District of Columbia,DC,Washington,6172,2014-10,17.44186
66155,20037,Washington,District of Columbia,DC,Washington,6172,2014-11,15.47619
66155,20037,Washington,District of Columbia,DC,Washington,6172,2014-12,7.8125
66155,20037,Washington,District of Columbia,DC,Washington,6172,2015-01,14.81481
66155,20037,Washington,District of Columbia,DC,Washington,6172,2015-02,8.196721
66155,20037,Washington,District of Columbia,DC,Washington,6172,2015-03,8.860759
66155,20037,Washington,District of Columbia,DC,Washington,6172,2015-04,7.142857
66155,20037,Washington,District of Columbia,DC,Washington,6172,2015-05,11.62791
66155,20037,Washington,District of Columbia,DC,Washington,6172,2015-06,5.504587
66155,20037,Washington,District of Columbia,DC,Washington,6172,2015-07,10.48387
66155,20037,Washington,District of Columbia,DC,Washington,6172,2015-08,9.821429
66155,20037,Washington,District of Columbia,DC,Washington,6172,2015-09,14.54545
66155,20037,Washington,District of Columbia,DC,Washington,6172,2015-10,12.87129
66155,20037,Washington,District of Columbia,DC,Washington,6172,2015-11,10.22727
66155,20037,Washington,District of Columbia,DC,Washington,6172,2015-12,8.955224
66155,20037,Washington,District of Columbia,DC,Washington,6172,2016-01,10.71429
66155,20037,Washington,District of Columbia,DC,Washington,6172,2016-02,5.797101
66155,20037,Washington,District of Columbia,DC,Washington,6172,2016-03,10.84337
66155,20037,Washington,District of Columbia,DC,Washington,6172,2016-04,11.49425
66155,20037,Washington,District of Columbia,DC,Washington,6172,2016-05,14.14141
66155,20037,Washington,District of Columbia,DC,Washington,6172,2016-06,8.928571
66155,20037,Washington,District of Columbia,DC,Washington,6172,2016-07,14.58333
66155,20037,Washington,District of Columbia,DC,Washington,6172,2016-08,13.09524
