<?xml version="1.0"?>
<TruliaWebServices><request><Parameter><index>1</index><name>library</name><value>TruliaStats</value></Parameter><Parameter><index>2</index><name>function</name><value>getZipCodeStats</value></Parameter><Parameter><index>3</index><name>zipCode</name><value>20013</value></Parameter><Parameter><index>4</index><name>startDate</name><value>2001-01-01</value></Parameter><Parameter><index>5</index><name>endDate</name><value>2016-09-28</value></Parameter><Parameter><index>6</index><name>statType</name><value>all</value></Parameter><Parameter><index>7</index><name>apikey</name><value>p94v2fd3d88ybpanhayfynqe</value></Parameter><Parameter><index>8</index><name>source</name><value>Webservice</value></Parameter></request><response><TruliaStats><location><zipCode>20013</zipCode><state>DC</state><searchResultsURL>http://www.trulia.com/DC/Washington/20013/</searchResultsURL><heatMapURL>http://www.trulia.com/home_prices/District_Of_Columbia/District_of_Columbia_County-heat_map/</heatMapURL></location><trafficStats><trafficStat><date>2008-04-13</date><percentStateTraffic>0.0483792937</percentStateTraffic><percentNationalTraffic>0.0001499028</percentNationalTraffic></trafficStat><trafficStat><date>2008-05-09</date><percentStateTraffic>0.1242236025</percentStateTraffic><percentNationalTraffic>0.0003723077</percentNationalTraffic></trafficStat><trafficStat><date>2008-05-11</date><percentStateTraffic>0.4229607251</percentStateTraffic><percentNationalTraffic>0.0012337389</percentNationalTraffic></trafficStat><trafficStat><date>2008-05-19</date><percentStateTraffic>0.1651073198</percentStateTraffic><percentNationalTraffic>0.0004547839</percentNationalTraffic></trafficStat><trafficStat><date>2008-05-20</date><percentStateTraffic>0.0538502962</percentStateTraffic><percentNationalTraffic>0.0001631782</percentNationalTraffic></trafficStat><trafficStat><date>2008-05-22</date><percentStateTraffic>0.1637554585</percentStateTraffic><percentNationalTraffic>0.0005294927</percentNationalTraffic></trafficStat><trafficStat><date>2008-05-26</date><percentStateTraffic>0.1488095238</percentStateTraffic><percentNationalTraffic>0.0003313831</percentNationalTraffic></trafficStat><trafficStat><date>2008-06-03</date><percentStateTraffic>0.0519750520</percentStateTraffic><percentNationalTraffic>0.0001663852</percentNationalTraffic></trafficStat><trafficStat><date>2008-06-15</date><percentStateTraffic>0.0733675715</percentStateTraffic><percentNationalTraffic>0.0001856514</percentNationalTraffic></trafficStat><trafficStat><date>2008-06-18</date><percentStateTraffic>0.2343750000</percentStateTraffic><percentNationalTraffic>0.0005143989</percentNationalTraffic></trafficStat><trafficStat><date>2008-07-14</date><percentStateTraffic>0.0653167864</percentStateTraffic><percentNationalTraffic>0.0001414871</percentNationalTraffic></trafficStat><trafficStat><date>2008-07-16</date><percentStateTraffic>0.2167630058</percentStateTraffic><percentNationalTraffic>0.0005068929</percentNationalTraffic></trafficStat><trafficStat><date>2008-07-17</date><percentStateTraffic>0.0753579503</percentStateTraffic><percentNationalTraffic>0.0001777980</percentNationalTraffic></trafficStat><trafficStat><date>2008-07-21</date><percentStateTraffic>0.0614628150</percentStateTraffic><percentNationalTraffic>0.0001526459</percentNationalTraffic></trafficStat><trafficStat><date>2008-07-31</date><percentStateTraffic>0.0733675715</percentStateTraffic><percentNationalTraffic>0.0001783902</percentNationalTraffic></trafficStat><trafficStat><date>2008-08-11</date><percentStateTraffic>0.0827129859</percentStateTraffic><percentNationalTraffic>0.0001602528</percentNationalTraffic></trafficStat><trafficStat><date>2008-08-12</date><percentStateTraffic>0.0788022065</percentStateTraffic><percentNationalTraffic>0.0001659864</percentNationalTraffic></trafficStat><trafficStat><date>2008-08-26</date><percentStateTraffic>0.0517063082</percentStateTraffic><percentNationalTraffic>0.0001570507</percentNationalTraffic></trafficStat><trafficStat><date>2008-08-28</date><percentStateTraffic>0.0649772580</percentStateTraffic><percentNationalTraffic>0.0001893466</percentNationalTraffic></trafficStat><trafficStat><date>2008-09-11</date><percentStateTraffic>0.1174398121</percentStateTraffic><percentNationalTraffic>0.0003680354</percentNationalTraffic></trafficStat><trafficStat><date>2008-09-15</date><percentStateTraffic>0.0517866390</percentStateTraffic><percentNationalTraffic>0.0001704867</percentNationalTraffic></trafficStat><trafficStat><date>2008-09-30</date><percentStateTraffic>0.1388246182</percentStateTraffic><percentNationalTraffic>0.0005109009</percentNationalTraffic></trafficStat><trafficStat><date>2008-10-06</date><percentStateTraffic>0.1969473166</percentStateTraffic><percentNationalTraffic>0.0006902705</percentNationalTraffic></trafficStat><trafficStat><date>2008-10-22</date><percentStateTraffic>0.0520562207</percentStateTraffic><percentNationalTraffic>0.0001794453</percentNationalTraffic></trafficStat><trafficStat><date>2008-11-02</date><percentStateTraffic>0.0449236298</percentStateTraffic><percentNationalTraffic>0.0001813151</percentNationalTraffic></trafficStat><trafficStat><date>2008-11-09</date><percentStateTraffic>0.0409165303</percentStateTraffic><percentNationalTraffic>0.0001758718</percentNationalTraffic></trafficStat><trafficStat><date>2008-11-15</date><percentStateTraffic>0.0513083633</percentStateTraffic><percentNationalTraffic>0.0002147259</percentNationalTraffic></trafficStat><trafficStat><date>2008-12-19</date><percentStateTraffic>0.0443066017</percentStateTraffic><percentNationalTraffic>0.0002222583</percentNationalTraffic></trafficStat><trafficStat><date>2009-01-03</date><percentStateTraffic>0.0340367597</percentStateTraffic><percentNationalTraffic>0.0001266952</percentNationalTraffic></trafficStat><trafficStat><date>2009-01-05</date><percentStateTraffic>0.0369685767</percentStateTraffic><percentNationalTraffic>0.0001284220</percentNationalTraffic></trafficStat><trafficStat><date>2009-01-06</date><percentStateTraffic>0.1097293343</percentStateTraffic><percentNationalTraffic>0.0003796157</percentNationalTraffic></trafficStat><trafficStat><date>2009-01-19</date><percentStateTraffic>0.0449640288</percentStateTraffic><percentNationalTraffic>0.0001098374</percentNationalTraffic></trafficStat><trafficStat><date>2009-01-23</date><percentStateTraffic>0.0431778929</percentStateTraffic><percentNationalTraffic>0.0001326068</percentNationalTraffic></trafficStat><trafficStat><date>2009-01-28</date><percentStateTraffic>0.0339328130</percentStateTraffic><percentNationalTraffic>0.0001100135</percentNationalTraffic></trafficStat><trafficStat><date>2009-01-29</date><percentStateTraffic>0.0391542678</percentStateTraffic><percentNationalTraffic>0.0001206574</percentNationalTraffic></trafficStat><trafficStat><date>2009-01-31</date><percentStateTraffic>0.1751313485</percentStateTraffic><percentNationalTraffic>0.0005045701</percentNationalTraffic></trafficStat><trafficStat><date>2009-02-09</date><percentStateTraffic>0.0331895121</percentStateTraffic><percentNationalTraffic>0.0001168112</percentNationalTraffic></trafficStat><trafficStat><date>2009-02-11</date><percentStateTraffic>0.0388651380</percentStateTraffic><percentNationalTraffic>0.0001235558</percentNationalTraffic></trafficStat><trafficStat><date>2009-02-16</date><percentStateTraffic>0.0334001336</percentStateTraffic><percentNationalTraffic>0.0000999222</percentNationalTraffic></trafficStat><trafficStat><date>2009-02-20</date><percentStateTraffic>0.0316856781</percentStateTraffic><percentNationalTraffic>0.0001098278</percentNationalTraffic></trafficStat><trafficStat><date>2009-02-25</date><percentStateTraffic>0.0223363860</percentStateTraffic><percentNationalTraffic>0.0001064531</percentNationalTraffic></trafficStat><trafficStat><date>2009-03-16</date><percentStateTraffic>0.0233208955</percentStateTraffic><percentNationalTraffic>0.0000969484</percentNationalTraffic></trafficStat><trafficStat><date>2009-03-29</date><percentStateTraffic>0.0223015165</percentStateTraffic><percentNationalTraffic>0.0000861613</percentNationalTraffic></trafficStat><trafficStat><date>2009-04-09</date><percentStateTraffic>0.0253549696</percentStateTraffic><percentNationalTraffic>0.0000996394</percentNationalTraffic></trafficStat><trafficStat><date>2009-04-12</date><percentStateTraffic>0.0250752257</percentStateTraffic><percentNationalTraffic>0.0000977056</percentNationalTraffic></trafficStat><trafficStat><date>2009-04-13</date><percentStateTraffic>0.0394011032</percentStateTraffic><percentNationalTraffic>0.0001662135</percentNationalTraffic></trafficStat><trafficStat><date>2009-04-18</date><percentStateTraffic>0.0274612110</percentStateTraffic><percentNationalTraffic>0.0002035887</percentNationalTraffic></trafficStat><trafficStat><date>2009-04-25</date><percentStateTraffic>0.0137835975</percentStateTraffic><percentNationalTraffic>0.0000996635</percentNationalTraffic></trafficStat><trafficStat><date>2009-04-26</date><percentStateTraffic>0.0422967114</percentStateTraffic><percentNationalTraffic>0.0003370362</percentNationalTraffic></trafficStat><trafficStat><date>2009-04-30</date><percentStateTraffic>0.0143967751</percentStateTraffic><percentNationalTraffic>0.0000890390</percentNationalTraffic></trafficStat><trafficStat><date>2009-05-03</date><percentStateTraffic>0.0099690958</percentStateTraffic><percentNationalTraffic>0.0000780099</percentNationalTraffic></trafficStat><trafficStat><date>2009-05-07</date><percentStateTraffic>0.0146220208</percentStateTraffic><percentNationalTraffic>0.0000885734</percentNationalTraffic></trafficStat><trafficStat><date>2009-05-08</date><percentStateTraffic>0.0150217816</percentStateTraffic><percentNationalTraffic>0.0000931847</percentNationalTraffic></trafficStat><trafficStat><date>2009-05-10</date><percentStateTraffic>0.0104275287</percentStateTraffic><percentNationalTraffic>0.0000864437</percentNationalTraffic></trafficStat><trafficStat><date>2009-05-24</date><percentStateTraffic>0.0227660785</percentStateTraffic><percentNationalTraffic>0.0001460461</percentNationalTraffic></trafficStat><trafficStat><date>2009-05-27</date><percentStateTraffic>0.0102732690</percentStateTraffic><percentNationalTraffic>0.0000617175</percentNationalTraffic></trafficStat><trafficStat><date>2009-05-29</date><percentStateTraffic>0.0100502513</percentStateTraffic><percentNationalTraffic>0.0000702813</percentNationalTraffic></trafficStat><trafficStat><date>2009-06-01</date><percentStateTraffic>0.0178412132</percentStateTraffic><percentNationalTraffic>0.0001226212</percentNationalTraffic></trafficStat><trafficStat><date>2009-06-03</date><percentStateTraffic>0.0187371182</percentStateTraffic><percentNationalTraffic>0.0001300743</percentNationalTraffic></trafficStat><trafficStat><date>2009-06-08</date><percentStateTraffic>0.0091726289</percentStateTraffic><percentNationalTraffic>0.0000584000</percentNationalTraffic></trafficStat><trafficStat><date>2009-06-09</date><percentStateTraffic>0.1797842589</percentStateTraffic><percentNationalTraffic>0.0010417378</percentNationalTraffic></trafficStat><trafficStat><date>2009-06-11</date><percentStateTraffic>0.0211059519</percentStateTraffic><percentNationalTraffic>0.0001316283</percentNationalTraffic></trafficStat><trafficStat><date>2009-06-13</date><percentStateTraffic>0.0232991612</percentStateTraffic><percentNationalTraffic>0.0001459298</percentNationalTraffic></trafficStat><trafficStat><date>2009-06-22</date><percentStateTraffic>0.0273947585</percentStateTraffic><percentNationalTraffic>0.0001811882</percentNationalTraffic></trafficStat><trafficStat><date>2009-06-24</date><percentStateTraffic>0.0107192625</percentStateTraffic><percentNationalTraffic>0.0000661473</percentNationalTraffic></trafficStat><trafficStat><date>2009-06-27</date><percentStateTraffic>0.0108365843</percentStateTraffic><percentNationalTraffic>0.0000791734</percentNationalTraffic></trafficStat><trafficStat><date>2009-07-02</date><percentStateTraffic>0.0132048065</percentStateTraffic><percentNationalTraffic>0.0000735559</percentNationalTraffic></trafficStat><trafficStat><date>2009-07-05</date><percentStateTraffic>0.0182116190</percentStateTraffic><percentNationalTraffic>0.0001272744</percentNationalTraffic></trafficStat><trafficStat><date>2009-07-06</date><percentStateTraffic>0.0088605352</percentStateTraffic><percentNationalTraffic>0.0000576508</percentNationalTraffic></trafficStat><trafficStat><date>2009-07-13</date><percentStateTraffic>0.0092191389</percentStateTraffic><percentNationalTraffic>0.0000557559</percentNationalTraffic></trafficStat><trafficStat><date>2009-07-18</date><percentStateTraffic>0.0127307447</percentStateTraffic><percentNationalTraffic>0.0000725409</percentNationalTraffic></trafficStat><trafficStat><date>2009-07-19</date><percentStateTraffic>0.0090851276</percentStateTraffic><percentNationalTraffic>0.0000616825</percentNationalTraffic></trafficStat><trafficStat><date>2009-07-20</date><percentStateTraffic>0.0093309695</percentStateTraffic><percentNationalTraffic>0.0000582823</percentNationalTraffic></trafficStat><trafficStat><date>2009-07-23</date><percentStateTraffic>0.0112447993</percentStateTraffic><percentNationalTraffic>0.0000641668</percentNationalTraffic></trafficStat><trafficStat><date>2009-07-24</date><percentStateTraffic>0.0122534003</percentStateTraffic><percentNationalTraffic>0.0000717351</percentNationalTraffic></trafficStat><trafficStat><date>2009-07-25</date><percentStateTraffic>0.0348472529</percentStateTraffic><percentNationalTraffic>0.0002186412</percentNationalTraffic></trafficStat><trafficStat><date>2009-08-02</date><percentStateTraffic>0.0084175084</percentStateTraffic><percentNationalTraffic>0.0000579665</percentNationalTraffic></trafficStat><trafficStat><date>2009-08-04</date><percentStateTraffic>0.0107898144</percentStateTraffic><percentNationalTraffic>0.0000598551</percentNationalTraffic></trafficStat><trafficStat><date>2009-08-10</date><percentStateTraffic>0.0194931774</percentStateTraffic><percentNationalTraffic>0.0001193050</percentNationalTraffic></trafficStat><trafficStat><date>2009-08-11</date><percentStateTraffic>0.0106134579</percentStateTraffic><percentNationalTraffic>0.0000625236</percentNationalTraffic></trafficStat><trafficStat><date>2009-08-14</date><percentStateTraffic>0.0117013808</percentStateTraffic><percentNationalTraffic>0.0000733671</percentNationalTraffic></trafficStat><trafficStat><date>2009-08-15</date><percentStateTraffic>0.0132555673</percentStateTraffic><percentNationalTraffic>0.0000735801</percentNationalTraffic></trafficStat><trafficStat><date>2009-08-16</date><percentStateTraffic>0.0316589278</percentStateTraffic><percentNationalTraffic>0.0001868119</percentNationalTraffic></trafficStat><trafficStat><date>2009-08-17</date><percentStateTraffic>0.0189897455</percentStateTraffic><percentNationalTraffic>0.0001189602</percentNationalTraffic></trafficStat><trafficStat><date>2009-08-18</date><percentStateTraffic>0.0101822625</percentStateTraffic><percentNationalTraffic>0.0000623491</percentNationalTraffic></trafficStat><trafficStat><date>2009-08-19</date><percentStateTraffic>0.0113417262</percentStateTraffic><percentNationalTraffic>0.0000643528</percentNationalTraffic></trafficStat><trafficStat><date>2009-08-22</date><percentStateTraffic>0.0121462407</percentStateTraffic><percentNationalTraffic>0.0000687020</percentNationalTraffic></trafficStat><trafficStat><date>2009-08-23</date><percentStateTraffic>0.0184638109</percentStateTraffic><percentNationalTraffic>0.0001196026</percentNationalTraffic></trafficStat><trafficStat><date>2009-08-30</date><percentStateTraffic>0.0192808252</percentStateTraffic><percentNationalTraffic>0.0001279961</percentNationalTraffic></trafficStat><trafficStat><date>2009-09-08</date><percentStateTraffic>0.0212472113</percentStateTraffic><percentNationalTraffic>0.0001269154</percentNationalTraffic></trafficStat><trafficStat><date>2009-09-09</date><percentStateTraffic>0.0111061750</percentStateTraffic><percentNationalTraffic>0.0000666894</percentNationalTraffic></trafficStat><trafficStat><date>2009-09-13</date><percentStateTraffic>0.0085287846</percentStateTraffic><percentNationalTraffic>0.0000655261</percentNationalTraffic></trafficStat><trafficStat><date>2009-09-15</date><percentStateTraffic>0.0219346348</percentStateTraffic><percentNationalTraffic>0.0001396836</percentNationalTraffic></trafficStat><trafficStat><date>2009-09-16</date><percentStateTraffic>0.0100532824</percentStateTraffic><percentNationalTraffic>0.0000725488</percentNationalTraffic></trafficStat><trafficStat><date>2009-09-17</date><percentStateTraffic>0.0096385542</percentStateTraffic><percentNationalTraffic>0.0000735294</percentNationalTraffic></trafficStat><trafficStat><date>2009-09-18</date><percentStateTraffic>0.0210903722</percentStateTraffic><percentNationalTraffic>0.0001510174</percentNationalTraffic></trafficStat><trafficStat><date>2009-09-20</date><percentStateTraffic>0.0158152776</percentStateTraffic><percentNationalTraffic>0.0001311800</percentNationalTraffic></trafficStat><trafficStat><date>2009-09-22</date><percentStateTraffic>0.2498001599</percentStateTraffic><percentNationalTraffic>0.0016726279</percentNationalTraffic></trafficStat><trafficStat><date>2009-09-23</date><percentStateTraffic>0.0109757436</percentStateTraffic><percentNationalTraffic>0.0000705474</percentNationalTraffic></trafficStat><trafficStat><date>2009-09-24</date><percentStateTraffic>0.0116658889</percentStateTraffic><percentNationalTraffic>0.0000713955</percentNationalTraffic></trafficStat><trafficStat><date>2009-09-25</date><percentStateTraffic>0.0448279727</percentStateTraffic><percentNationalTraffic>0.0002942033</percentNationalTraffic></trafficStat><trafficStat><date>2009-09-27</date><percentStateTraffic>0.0341093204</percentStateTraffic><percentNationalTraffic>0.0002534331</percentNationalTraffic></trafficStat><trafficStat><date>2009-10-03</date><percentStateTraffic>0.0204981039</percentStateTraffic><percentNationalTraffic>0.0001491790</percentNationalTraffic></trafficStat><trafficStat><date>2009-10-08</date><percentStateTraffic>0.0199104032</percentStateTraffic><percentNationalTraffic>0.0001440894</percentNationalTraffic></trafficStat><trafficStat><date>2009-10-10</date><percentStateTraffic>0.0119961612</percentStateTraffic><percentNationalTraffic>0.0000767581</percentNationalTraffic></trafficStat><trafficStat><date>2009-10-20</date><percentStateTraffic>0.0110083664</percentStateTraffic><percentNationalTraffic>0.0000698638</percentNationalTraffic></trafficStat><trafficStat><date>2009-10-21</date><percentStateTraffic>0.0106609808</percentStateTraffic><percentNationalTraffic>0.0000733536</percentNationalTraffic></trafficStat><trafficStat><date>2009-10-27</date><percentStateTraffic>0.0108707468</percentStateTraffic><percentNationalTraffic>0.0000708029</percentNationalTraffic></trafficStat><trafficStat><date>2009-10-28</date><percentStateTraffic>0.0225402908</percentStateTraffic><percentNationalTraffic>0.0001427679</percentNationalTraffic></trafficStat><trafficStat><date>2009-10-30</date><percentStateTraffic>0.0231642344</percentStateTraffic><percentNationalTraffic>0.0001692806</percentNationalTraffic></trafficStat><trafficStat><date>2009-11-01</date><percentStateTraffic>0.0162258640</percentStateTraffic><percentNationalTraffic>0.0001292005</percentNationalTraffic></trafficStat><trafficStat><date>2009-11-02</date><percentStateTraffic>0.0208289940</percentStateTraffic><percentNationalTraffic>0.0001363542</percentNationalTraffic></trafficStat><trafficStat><date>2009-11-10</date><percentStateTraffic>0.0100110121</percentStateTraffic><percentNationalTraffic>0.0000692967</percentNationalTraffic></trafficStat><trafficStat><date>2009-11-14</date><percentStateTraffic>0.0187265918</percentStateTraffic><percentNationalTraffic>0.0001486822</percentNationalTraffic></trafficStat><trafficStat><date>2009-11-15</date><percentStateTraffic>0.0082142270</percentStateTraffic><percentNationalTraffic>0.0000651992</percentNationalTraffic></trafficStat><trafficStat><date>2009-11-18</date><percentStateTraffic>0.0230467850</percentStateTraffic><percentNationalTraffic>0.0001478239</percentNationalTraffic></trafficStat><trafficStat><date>2009-11-20</date><percentStateTraffic>0.0115754138</percentStateTraffic><percentNationalTraffic>0.0000786441</percentNationalTraffic></trafficStat><trafficStat><date>2009-11-21</date><percentStateTraffic>0.0224089636</percentStateTraffic><percentNationalTraffic>0.0001553229</percentNationalTraffic></trafficStat><trafficStat><date>2009-11-22</date><percentStateTraffic>0.0091844232</percentStateTraffic><percentNationalTraffic>0.0000678557</percentNationalTraffic></trafficStat><trafficStat><date>2009-11-23</date><percentStateTraffic>0.0092885008</percentStateTraffic><percentNationalTraffic>0.0000718394</percentNationalTraffic></trafficStat><trafficStat><date>2009-11-24</date><percentStateTraffic>0.0354693781</percentStateTraffic><percentNationalTraffic>0.0002372037</percentNationalTraffic></trafficStat><trafficStat><date>2009-11-25</date><percentStateTraffic>0.0134861767</percentStateTraffic><percentNationalTraffic>0.0000944488</percentNationalTraffic></trafficStat><trafficStat><date>2009-11-26</date><percentStateTraffic>0.0191607588</percentStateTraffic><percentNationalTraffic>0.0001148533</percentNationalTraffic></trafficStat><trafficStat><date>2009-11-27</date><percentStateTraffic>0.0137343771</percentStateTraffic><percentNationalTraffic>0.0000862836</percentNationalTraffic></trafficStat><trafficStat><date>2009-11-28</date><percentStateTraffic>0.0243724104</percentStateTraffic><percentNationalTraffic>0.0001520815</percentNationalTraffic></trafficStat><trafficStat><date>2009-12-06</date><percentStateTraffic>0.0095365249</percentStateTraffic><percentNationalTraffic>0.0000736559</percentNationalTraffic></trafficStat><trafficStat><date>2009-12-09</date><percentStateTraffic>0.0248632521</percentStateTraffic><percentNationalTraffic>0.0001629766</percentNationalTraffic></trafficStat><trafficStat><date>2009-12-14</date><percentStateTraffic>0.0202244919</percentStateTraffic><percentNationalTraffic>0.0001583864</percentNationalTraffic></trafficStat><trafficStat><date>2009-12-16</date><percentStateTraffic>0.0119402985</percentStateTraffic><percentNationalTraffic>0.0000837519</percentNationalTraffic></trafficStat><trafficStat><date>2009-12-17</date><percentStateTraffic>0.0135574837</percentStateTraffic><percentNationalTraffic>0.0000924677</percentNationalTraffic></trafficStat><trafficStat><date>2009-12-20</date><percentStateTraffic>0.0305716906</percentStateTraffic><percentNationalTraffic>0.0002545659</percentNationalTraffic></trafficStat><trafficStat><date>2009-12-23</date><percentStateTraffic>0.0155038760</percentStateTraffic><percentNationalTraffic>0.0001004430</percentNationalTraffic></trafficStat><trafficStat><date>2009-12-24</date><percentStateTraffic>0.0640751815</percentStateTraffic><percentNationalTraffic>0.0004243636</percentNationalTraffic></trafficStat><trafficStat><date>2009-12-27</date><percentStateTraffic>0.0254744619</percentStateTraffic><percentNationalTraffic>0.0001406310</percentNationalTraffic></trafficStat><trafficStat><date>2010-01-02</date><percentStateTraffic>0.5221214619</percentStateTraffic><percentNationalTraffic>0.0034074524</percentNationalTraffic></trafficStat><trafficStat><date>2010-01-03</date><percentStateTraffic>0.0164676822</percentStateTraffic><percentNationalTraffic>0.0001084408</percentNationalTraffic></trafficStat><trafficStat><date>2010-01-05</date><percentStateTraffic>0.0112714157</percentStateTraffic><percentNationalTraffic>0.0000646728</percentNationalTraffic></trafficStat><trafficStat><date>2010-01-06</date><percentStateTraffic>0.0115035086</percentStateTraffic><percentNationalTraffic>0.0000677080</percentNationalTraffic></trafficStat><trafficStat><date>2010-01-07</date><percentStateTraffic>0.0212224109</percentStateTraffic><percentNationalTraffic>0.0001375977</percentNationalTraffic></trafficStat><trafficStat><date>2010-01-08</date><percentStateTraffic>0.0107181136</percentStateTraffic><percentNationalTraffic>0.0000693772</percentNationalTraffic></trafficStat><trafficStat><date>2010-01-14</date><percentStateTraffic>0.0126454224</percentStateTraffic><percentNationalTraffic>0.0000660946</percentNationalTraffic></trafficStat><trafficStat><date>2010-01-15</date><percentStateTraffic>0.0128008193</percentStateTraffic><percentNationalTraffic>0.0000704588</percentNationalTraffic></trafficStat><trafficStat><date>2010-01-16</date><percentStateTraffic>0.0099482690</percentStateTraffic><percentNationalTraffic>0.0000618140</percentNationalTraffic></trafficStat><trafficStat><date>2010-01-18</date><percentStateTraffic>0.0088762649</percentStateTraffic><percentNationalTraffic>0.0000554252</percentNationalTraffic></trafficStat><trafficStat><date>2010-01-22</date><percentStateTraffic>0.0127518490</percentStateTraffic><percentNationalTraffic>0.0000715475</percentNationalTraffic></trafficStat><trafficStat><date>2010-01-23</date><percentStateTraffic>0.0241254524</percentStateTraffic><percentNationalTraffic>0.0001397117</percentNationalTraffic></trafficStat><trafficStat><date>2010-01-24</date><percentStateTraffic>0.0083347225</percentStateTraffic><percentNationalTraffic>0.0000557203</percentNationalTraffic></trafficStat><trafficStat><date>2010-01-26</date><percentStateTraffic>0.0121669303</percentStateTraffic><percentNationalTraffic>0.0000625571</percentNationalTraffic></trafficStat><trafficStat><date>2010-02-02</date><percentStateTraffic>0.0233754091</percentStateTraffic><percentNationalTraffic>0.0001229314</percentNationalTraffic></trafficStat><trafficStat><date>2010-02-06</date><percentStateTraffic>0.0275824024</percentStateTraffic><percentNationalTraffic>0.0001673766</percentNationalTraffic></trafficStat><trafficStat><date>2010-02-07</date><percentStateTraffic>0.0097665788</percentStateTraffic><percentNationalTraffic>0.0000594439</percentNationalTraffic></trafficStat><trafficStat><date>2010-02-10</date><percentStateTraffic>0.0821114370</percentStateTraffic><percentNationalTraffic>0.0004367518</percentNationalTraffic></trafficStat><trafficStat><date>2010-02-13</date><percentStateTraffic>0.0627431296</percentStateTraffic><percentNationalTraffic>0.0003365775</percentNationalTraffic></trafficStat><trafficStat><date>2010-02-14</date><percentStateTraffic>0.0984790458</percentStateTraffic><percentNationalTraffic>0.0005351785</percentNationalTraffic></trafficStat><trafficStat><date>2010-02-17</date><percentStateTraffic>0.0153727902</percentStateTraffic><percentNationalTraffic>0.0000637746</percentNationalTraffic></trafficStat><trafficStat><date>2010-02-19</date><percentStateTraffic>0.0266134398</percentStateTraffic><percentNationalTraffic>0.0001288370</percentNationalTraffic></trafficStat><trafficStat><date>2010-02-20</date><percentStateTraffic>0.0108968072</percentStateTraffic><percentNationalTraffic>0.0000577750</percentNationalTraffic></trafficStat><trafficStat><date>2010-02-24</date><percentStateTraffic>0.0133440085</percentStateTraffic><percentNationalTraffic>0.0000606292</percentNationalTraffic></trafficStat><trafficStat><date>2010-02-26</date><percentStateTraffic>0.0217959895</percentStateTraffic><percentNationalTraffic>0.0001222135</percentNationalTraffic></trafficStat><trafficStat><date>2010-02-27</date><percentStateTraffic>0.0218412144</percentStateTraffic><percentNationalTraffic>0.0001161583</percentNationalTraffic></trafficStat><trafficStat><date>2010-02-28</date><percentStateTraffic>0.0243190661</percentStateTraffic><percentNationalTraffic>0.0001513552</percentNationalTraffic></trafficStat><trafficStat><date>2010-03-01</date><percentStateTraffic>0.0109697236</percentStateTraffic><percentNationalTraffic>0.0000570895</percentNationalTraffic></trafficStat><trafficStat><date>2010-03-05</date><percentStateTraffic>0.0242777373</percentStateTraffic><percentNationalTraffic>0.0001299561</percentNationalTraffic></trafficStat><trafficStat><date>2010-03-08</date><percentStateTraffic>0.0208376745</percentStateTraffic><percentNationalTraffic>0.0001099572</percentNationalTraffic></trafficStat><trafficStat><date>2010-03-10</date><percentStateTraffic>0.0118581762</percentStateTraffic><percentNationalTraffic>0.0000599150</percentNationalTraffic></trafficStat><trafficStat><date>2010-03-12</date><percentStateTraffic>0.0114626318</percentStateTraffic><percentNationalTraffic>0.0000621632</percentNationalTraffic></trafficStat><trafficStat><date>2010-03-15</date><percentStateTraffic>0.0104155817</percentStateTraffic><percentNationalTraffic>0.0000543887</percentNationalTraffic></trafficStat><trafficStat><date>2010-03-16</date><percentStateTraffic>0.0108154878</percentStateTraffic><percentNationalTraffic>0.0000588989</percentNationalTraffic></trafficStat><trafficStat><date>2010-03-18</date><percentStateTraffic>0.0504095778</percentStateTraffic><percentNationalTraffic>0.0002508870</percentNationalTraffic></trafficStat><trafficStat><date>2010-03-19</date><percentStateTraffic>0.0130855797</percentStateTraffic><percentNationalTraffic>0.0000646625</percentNationalTraffic></trafficStat><trafficStat><date>2010-03-22</date><percentStateTraffic>0.0100989699</percentStateTraffic><percentNationalTraffic>0.0000531900</percentNationalTraffic></trafficStat><trafficStat><date>2010-03-31</date><percentStateTraffic>0.0119345984</percentStateTraffic><percentNationalTraffic>0.0000610918</percentNationalTraffic></trafficStat><trafficStat><date>2013-08-30</date><percentStateTraffic>0.0789533048</percentStateTraffic><percentNationalTraffic>0.0001905502</percentNationalTraffic></trafficStat><trafficStat><date>2013-09-01</date><percentStateTraffic>0.0108049703</percentStateTraffic><percentNationalTraffic>0.0000244332</percentNationalTraffic></trafficStat><trafficStat><date>2013-09-02</date><percentStateTraffic>0.0193629587</percentStateTraffic><percentNationalTraffic>0.0000444379</percentNationalTraffic></trafficStat><trafficStat><date>2013-09-05</date><percentStateTraffic>0.0179147259</percentStateTraffic><percentNationalTraffic>0.0000503609</percentNationalTraffic></trafficStat><trafficStat><date>2013-09-07</date><percentStateTraffic>0.0090505928</percentStateTraffic><percentNationalTraffic>0.0000266483</percentNationalTraffic></trafficStat><trafficStat><date>2013-09-10</date><percentStateTraffic>0.0089285714</percentStateTraffic><percentNationalTraffic>0.0000251576</percentNationalTraffic></trafficStat><trafficStat><date>2013-09-11</date><percentStateTraffic>0.0085999312</percentStateTraffic><percentNationalTraffic>0.0000252195</percentNationalTraffic></trafficStat><trafficStat><date>2013-09-18</date><percentStateTraffic>0.0261551874</percentStateTraffic><percentNationalTraffic>0.0000785867</percentNationalTraffic></trafficStat><trafficStat><date>2013-09-20</date><percentStateTraffic>0.0086422954</percentStateTraffic><percentNationalTraffic>0.0000276532</percentNationalTraffic></trafficStat><trafficStat><date>2013-09-22</date><percentStateTraffic>0.0078945291</percentStateTraffic><percentNationalTraffic>0.0000258190</percentNationalTraffic></trafficStat><trafficStat><date>2013-09-23</date><percentStateTraffic>0.0162245477</percentStateTraffic><percentNationalTraffic>0.0000500713</percentNationalTraffic></trafficStat><trafficStat><date>2013-09-24</date><percentStateTraffic>0.0265205092</percentStateTraffic><percentNationalTraffic>0.0000757136</percentNationalTraffic></trafficStat><trafficStat><date>2013-09-25</date><percentStateTraffic>0.0090090090</percentStateTraffic><percentNationalTraffic>0.0000258549</percentNationalTraffic></trafficStat><trafficStat><date>2013-09-28</date><percentStateTraffic>0.0100140196</percentStateTraffic><percentNationalTraffic>0.0000285244</percentNationalTraffic></trafficStat><trafficStat><date>2013-09-29</date><percentStateTraffic>0.0158503725</percentStateTraffic><percentNationalTraffic>0.0000471510</percentNationalTraffic></trafficStat><trafficStat><date>2013-09-30</date><percentStateTraffic>0.0080237503</percentStateTraffic><percentNationalTraffic>0.0000245456</percentNationalTraffic></trafficStat><trafficStat><date>2013-10-02</date><percentStateTraffic>0.0362483009</percentStateTraffic><percentNationalTraffic>0.0001085356</percentNationalTraffic></trafficStat><trafficStat><date>2013-10-03</date><percentStateTraffic>0.0656044986</percentStateTraffic><percentNationalTraffic>0.0001952062</percentNationalTraffic></trafficStat><trafficStat><date>2013-10-05</date><percentStateTraffic>0.0092635479</percentStateTraffic><percentNationalTraffic>0.0000269545</percentNationalTraffic></trafficStat><trafficStat><date>2013-10-06</date><percentStateTraffic>0.0079744817</percentStateTraffic><percentNationalTraffic>0.0000246285</percentNationalTraffic></trafficStat><trafficStat><date>2013-10-07</date><percentStateTraffic>0.0077954475</percentStateTraffic><percentNationalTraffic>0.0000241306</percentNationalTraffic></trafficStat><trafficStat><date>2013-10-10</date><percentStateTraffic>0.0097437396</percentStateTraffic><percentNationalTraffic>0.0000277014</percentNationalTraffic></trafficStat><trafficStat><date>2013-10-12</date><percentStateTraffic>0.0185236640</percentStateTraffic><percentNationalTraffic>0.0000563334</percentNationalTraffic></trafficStat><trafficStat><date>2013-10-16</date><percentStateTraffic>0.0261460694</percentStateTraffic><percentNationalTraffic>0.0000800807</percentNationalTraffic></trafficStat><trafficStat><date>2013-10-18</date><percentStateTraffic>0.0090917356</percentStateTraffic><percentNationalTraffic>0.0000286916</percentNationalTraffic></trafficStat><trafficStat><date>2013-10-20</date><percentStateTraffic>0.0076405868</percentStateTraffic><percentNationalTraffic>0.0000247009</percentNationalTraffic></trafficStat><trafficStat><date>2013-10-21</date><percentStateTraffic>0.0148203038</percentStateTraffic><percentNationalTraffic>0.0000489625</percentNationalTraffic></trafficStat><trafficStat><date>2013-10-22</date><percentStateTraffic>0.0658924306</percentStateTraffic><percentNationalTraffic>0.0002120188</percentNationalTraffic></trafficStat><trafficStat><date>2013-10-24</date><percentStateTraffic>0.0091066387</percentStateTraffic><percentNationalTraffic>0.0000278847</percentNationalTraffic></trafficStat><trafficStat><date>2013-10-25</date><percentStateTraffic>0.0089245872</percentStateTraffic><percentNationalTraffic>0.0000293827</percentNationalTraffic></trafficStat><trafficStat><date>2013-10-29</date><percentStateTraffic>0.0088707531</percentStateTraffic><percentNationalTraffic>0.0000263043</percentNationalTraffic></trafficStat><trafficStat><date>2013-10-31</date><percentStateTraffic>0.0321302346</percentStateTraffic><percentNationalTraffic>0.0000923206</percentNationalTraffic></trafficStat><trafficStat><date>2013-11-01</date><percentStateTraffic>0.0087351502</percentStateTraffic><percentNationalTraffic>0.0000289343</percentNationalTraffic></trafficStat><trafficStat><date>2013-11-02</date><percentStateTraffic>0.0086273833</percentStateTraffic><percentNationalTraffic>0.0000272698</percentNationalTraffic></trafficStat><trafficStat><date>2013-11-03</date><percentStateTraffic>0.0147852443</percentStateTraffic><percentNationalTraffic>0.0000482041</percentNationalTraffic></trafficStat><trafficStat><date>2013-11-04</date><percentStateTraffic>0.0152846771</percentStateTraffic><percentNationalTraffic>0.0000498191</percentNationalTraffic></trafficStat><trafficStat><date>2013-11-05</date><percentStateTraffic>0.0326290888</percentStateTraffic><percentNationalTraffic>0.0001027232</percentNationalTraffic></trafficStat><trafficStat><date>2013-11-07</date><percentStateTraffic>0.0090440445</percentStateTraffic><percentNationalTraffic>0.0000275906</percentNationalTraffic></trafficStat><trafficStat><date>2013-11-08</date><percentStateTraffic>0.0093257484</percentStateTraffic><percentNationalTraffic>0.0000289730</percentNationalTraffic></trafficStat><trafficStat><date>2013-11-09</date><percentStateTraffic>0.0092867756</percentStateTraffic><percentNationalTraffic>0.0000275447</percentNationalTraffic></trafficStat><trafficStat><date>2013-11-10</date><percentStateTraffic>0.0162219158</percentStateTraffic><percentNationalTraffic>0.0000496300</percentNationalTraffic></trafficStat><trafficStat><date>2013-11-14</date><percentStateTraffic>0.0286615076</percentStateTraffic><percentNationalTraffic>0.0000881371</percentNationalTraffic></trafficStat><trafficStat><date>2013-11-15</date><percentStateTraffic>0.0186828585</percentStateTraffic><percentNationalTraffic>0.0000606621</percentNationalTraffic></trafficStat><trafficStat><date>2013-11-17</date><percentStateTraffic>0.0155363940</percentStateTraffic><percentNationalTraffic>0.0000515225</percentNationalTraffic></trafficStat><trafficStat><date>2013-11-18</date><percentStateTraffic>0.0078715365</percentStateTraffic><percentNationalTraffic>0.0000265172</percentNationalTraffic></trafficStat><trafficStat><date>2013-11-20</date><percentStateTraffic>0.0087024628</percentStateTraffic><percentNationalTraffic>0.0000274679</percentNationalTraffic></trafficStat><trafficStat><date>2013-11-26</date><percentStateTraffic>0.0203479499</percentStateTraffic><percentNationalTraffic>0.0000622195</percentNationalTraffic></trafficStat><trafficStat><date>2013-11-28</date><percentStateTraffic>0.0181422351</percentStateTraffic><percentNationalTraffic>0.0000488500</percentNationalTraffic></trafficStat><trafficStat><date>2013-11-29</date><percentStateTraffic>0.0110815603</percentStateTraffic><percentNationalTraffic>0.0000353259</percentNationalTraffic></trafficStat><trafficStat><date>2013-12-02</date><percentStateTraffic>0.0190331176</percentStateTraffic><percentNationalTraffic>0.0000597361</percentNationalTraffic></trafficStat><trafficStat><date>2013-12-06</date><percentStateTraffic>0.0296706557</percentStateTraffic><percentNationalTraffic>0.0000929879</percentNationalTraffic></trafficStat><trafficStat><date>2013-12-08</date><percentStateTraffic>0.0083892617</percentStateTraffic><percentNationalTraffic>0.0000282484</percentNationalTraffic></trafficStat><trafficStat><date>2013-12-09</date><percentStateTraffic>0.0169764876</percentStateTraffic><percentNationalTraffic>0.0000579319</percentNationalTraffic></trafficStat><trafficStat><date>2013-12-10</date><percentStateTraffic>0.0181110206</percentStateTraffic><percentNationalTraffic>0.0000584584</percentNationalTraffic></trafficStat><trafficStat><date>2013-12-11</date><percentStateTraffic>0.0217533174</percentStateTraffic><percentNationalTraffic>0.0000618559</percentNationalTraffic></trafficStat><trafficStat><date>2013-12-12</date><percentStateTraffic>0.0106883283</percentStateTraffic><percentNationalTraffic>0.0000322789</percentNationalTraffic></trafficStat><trafficStat><date>2013-12-13</date><percentStateTraffic>0.0109373291</percentStateTraffic><percentNationalTraffic>0.0000353996</percentNationalTraffic></trafficStat><trafficStat><date>2013-12-14</date><percentStateTraffic>0.0102606197</percentStateTraffic><percentNationalTraffic>0.0000334927</percentNationalTraffic></trafficStat><trafficStat><date>2013-12-15</date><percentStateTraffic>0.0290219599</percentStateTraffic><percentNationalTraffic>0.0000982763</percentNationalTraffic></trafficStat><trafficStat><date>2013-12-24</date><percentStateTraffic>0.0164500740</percentStateTraffic><percentNationalTraffic>0.0000497331</percentNationalTraffic></trafficStat><trafficStat><date>2013-12-26</date><percentStateTraffic>0.0111000111</percentStateTraffic><percentNationalTraffic>0.0000289304</percentNationalTraffic></trafficStat><trafficStat><date>2013-12-27</date><percentStateTraffic>0.0210393436</percentStateTraffic><percentNationalTraffic>0.0000564003</percentNationalTraffic></trafficStat><trafficStat><date>2013-12-28</date><percentStateTraffic>0.0107573150</percentStateTraffic><percentNationalTraffic>0.0000278846</percentNationalTraffic></trafficStat><trafficStat><date>2014-01-01</date><percentStateTraffic>0.0097352025</percentStateTraffic><percentNationalTraffic>0.0000258998</percentNationalTraffic></trafficStat><trafficStat><date>2014-01-04</date><percentStateTraffic>0.0173310225</percentStateTraffic><percentNationalTraffic>0.0000465342</percentNationalTraffic></trafficStat><trafficStat><date>2014-01-06</date><percentStateTraffic>0.0681314938</percentStateTraffic><percentNationalTraffic>0.0001879290</percentNationalTraffic></trafficStat><trafficStat><date>2014-01-07</date><percentStateTraffic>0.0171924697</percentStateTraffic><percentNationalTraffic>0.0000451900</percentNationalTraffic></trafficStat><trafficStat><date>2014-01-08</date><percentStateTraffic>0.0178332590</percentStateTraffic><percentNationalTraffic>0.0000463840</percentNationalTraffic></trafficStat><trafficStat><date>2014-01-14</date><percentStateTraffic>0.0084788876</percentStateTraffic><percentNationalTraffic>0.0000228089</percentNationalTraffic></trafficStat><trafficStat><date>2014-01-15</date><percentStateTraffic>0.0082788310</percentStateTraffic><percentNationalTraffic>0.0000234272</percentNationalTraffic></trafficStat><trafficStat><date>2014-01-16</date><percentStateTraffic>0.0087244809</percentStateTraffic><percentNationalTraffic>0.0000239679</percentNationalTraffic></trafficStat><trafficStat><date>2014-01-18</date><percentStateTraffic>0.0078758762</percentStateTraffic><percentNationalTraffic>0.0000222608</percentNationalTraffic></trafficStat><trafficStat><date>2014-01-19</date><percentStateTraffic>0.0078131104</percentStateTraffic><percentNationalTraffic>0.0000207904</percentNationalTraffic></trafficStat><trafficStat><date>2014-01-22</date><percentStateTraffic>0.0166112957</percentStateTraffic><percentNationalTraffic>0.0000445235</percentNationalTraffic></trafficStat><trafficStat><date>2014-01-23</date><percentStateTraffic>0.0186723929</percentStateTraffic><percentNationalTraffic>0.0000465791</percentNationalTraffic></trafficStat><trafficStat><date>2014-01-25</date><percentStateTraffic>0.0076604872</percentStateTraffic><percentNationalTraffic>0.0000214133</percentNationalTraffic></trafficStat><trafficStat><date>2014-01-27</date><percentStateTraffic>0.0149198060</percentStateTraffic><percentNationalTraffic>0.0000431668</percentNationalTraffic></trafficStat><trafficStat><date>2014-01-28</date><percentStateTraffic>0.0079554495</percentStateTraffic><percentNationalTraffic>0.0000217380</percentNationalTraffic></trafficStat><trafficStat><date>2014-02-02</date><percentStateTraffic>0.0087858021</percentStateTraffic><percentNationalTraffic>0.0000244564</percentNationalTraffic></trafficStat><trafficStat><date>2014-02-05</date><percentStateTraffic>0.0275052718</percentStateTraffic><percentNationalTraffic>0.0000694685</percentNationalTraffic></trafficStat><trafficStat><date>2014-02-06</date><percentStateTraffic>0.0665778961</percentStateTraffic><percentNationalTraffic>0.0001923413</percentNationalTraffic></trafficStat><trafficStat><date>2014-02-07</date><percentStateTraffic>0.0263921879</percentStateTraffic><percentNationalTraffic>0.0000881230</percentNationalTraffic></trafficStat><trafficStat><date>2014-02-09</date><percentStateTraffic>0.0072796098</percentStateTraffic><percentNationalTraffic>0.0000207448</percentNationalTraffic></trafficStat><trafficStat><date>2014-02-10</date><percentStateTraffic>0.0076464291</percentStateTraffic><percentNationalTraffic>0.0000221216</percentNationalTraffic></trafficStat><trafficStat><date>2014-02-11</date><percentStateTraffic>0.0410913872</percentStateTraffic><percentNationalTraffic>0.0001162821</percentNationalTraffic></trafficStat><trafficStat><date>2014-02-13</date><percentStateTraffic>0.0082061382</percentStateTraffic><percentNationalTraffic>0.0000229232</percentNationalTraffic></trafficStat><trafficStat><date>2014-02-14</date><percentStateTraffic>0.0285171103</percentStateTraffic><percentNationalTraffic>0.0000845692</percentNationalTraffic></trafficStat><trafficStat><date>2014-02-16</date><percentStateTraffic>0.0691132767</percentStateTraffic><percentNationalTraffic>0.0001991173</percentNationalTraffic></trafficStat><trafficStat><date>2014-02-17</date><percentStateTraffic>0.0429031105</percentStateTraffic><percentNationalTraffic>0.0001205028</percentNationalTraffic></trafficStat><trafficStat><date>2014-02-18</date><percentStateTraffic>0.0242208946</percentStateTraffic><percentNationalTraffic>0.0000625115</percentNationalTraffic></trafficStat><trafficStat><date>2014-02-19</date><percentStateTraffic>0.0240172925</percentStateTraffic><percentNationalTraffic>0.0000646747</percentNationalTraffic></trafficStat><trafficStat><date>2014-02-21</date><percentStateTraffic>0.0080736315</percentStateTraffic><percentNationalTraffic>0.0000217915</percentNationalTraffic></trafficStat><trafficStat><date>2014-02-22</date><percentStateTraffic>0.0246163945</percentStateTraffic><percentNationalTraffic>0.0000662163</percentNationalTraffic></trafficStat><trafficStat><date>2014-02-25</date><percentStateTraffic>0.0658165364</percentStateTraffic><percentNationalTraffic>0.0001703284</percentNationalTraffic></trafficStat><trafficStat><date>2014-02-26</date><percentStateTraffic>0.0172191132</percentStateTraffic><percentNationalTraffic>0.0000439073</percentNationalTraffic></trafficStat><trafficStat><date>2014-02-28</date><percentStateTraffic>0.0089509488</percentStateTraffic><percentNationalTraffic>0.0000238570</percentNationalTraffic></trafficStat><trafficStat><date>2014-03-01</date><percentStateTraffic>0.0244279782</percentStateTraffic><percentNationalTraffic>0.0000661278</percentNationalTraffic></trafficStat><trafficStat><date>2014-03-04</date><percentStateTraffic>0.0425387102</percentStateTraffic><percentNationalTraffic>0.0001068372</percentNationalTraffic></trafficStat><trafficStat><date>2014-03-06</date><percentStateTraffic>0.0240076825</percentStateTraffic><percentNationalTraffic>0.0000652815</percentNationalTraffic></trafficStat><trafficStat><date>2014-03-09</date><percentStateTraffic>0.0153303695</percentStateTraffic><percentNationalTraffic>0.0000430247</percentNationalTraffic></trafficStat><trafficStat><date>2014-03-11</date><percentStateTraffic>0.0163385344</percentStateTraffic><percentNationalTraffic>0.0000451968</percentNationalTraffic></trafficStat><trafficStat><date>2014-03-12</date><percentStateTraffic>0.0078412922</percentStateTraffic><percentNationalTraffic>0.0000218242</percentNationalTraffic></trafficStat><trafficStat><date>2014-03-17</date><percentStateTraffic>0.0215610177</percentStateTraffic><percentNationalTraffic>0.0000622507</percentNationalTraffic></trafficStat><trafficStat><date>2014-03-18</date><percentStateTraffic>0.0075374991</percentStateTraffic><percentNationalTraffic>0.0000212575</percentNationalTraffic></trafficStat><trafficStat><date>2014-03-20</date><percentStateTraffic>0.0081759464</percentStateTraffic><percentNationalTraffic>0.0000224907</percentNationalTraffic></trafficStat><trafficStat><date>2014-03-21</date><percentStateTraffic>0.0168819110</percentStateTraffic><percentNationalTraffic>0.0000473933</percentNationalTraffic></trafficStat><trafficStat><date>2014-03-22</date><percentStateTraffic>0.0088944232</percentStateTraffic><percentNationalTraffic>0.0000225610</percentNationalTraffic></trafficStat><trafficStat><date>2014-03-23</date><percentStateTraffic>0.0363477755</percentStateTraffic><percentNationalTraffic>0.0000984315</percentNationalTraffic></trafficStat><trafficStat><date>2014-03-24</date><percentStateTraffic>0.0071403070</percentStateTraffic><percentNationalTraffic>0.0000199318</percentNationalTraffic></trafficStat><trafficStat><date>2014-03-31</date><percentStateTraffic>0.0084345479</percentStateTraffic><percentNationalTraffic>0.0000217354</percentNationalTraffic></trafficStat><trafficStat><date>2014-04-03</date><percentStateTraffic>0.0247770069</percentStateTraffic><percentNationalTraffic>0.0000670896</percentNationalTraffic></trafficStat><trafficStat><date>2014-04-05</date><percentStateTraffic>0.0157629256</percentStateTraffic><percentNationalTraffic>0.0000453354</percentNationalTraffic></trafficStat><trafficStat><date>2014-04-06</date><percentStateTraffic>0.0576078347</percentStateTraffic><percentNationalTraffic>0.0001705406</percentNationalTraffic></trafficStat><trafficStat><date>2014-04-07</date><percentStateTraffic>0.0197641478</percentStateTraffic><percentNationalTraffic>0.0000600478</percentNationalTraffic></trafficStat><trafficStat><date>2014-04-08</date><percentStateTraffic>0.0084402431</percentStateTraffic><percentNationalTraffic>0.0000221970</percentNationalTraffic></trafficStat><trafficStat><date>2014-04-10</date><percentStateTraffic>0.0183874230</percentStateTraffic><percentNationalTraffic>0.0000502996</percentNationalTraffic></trafficStat><trafficStat><date>2014-04-13</date><percentStateTraffic>0.3401360544</percentStateTraffic><percentNationalTraffic>0.0009274115</percentNationalTraffic></trafficStat><trafficStat><date>2014-04-14</date><percentStateTraffic>0.0144216902</percentStateTraffic><percentNationalTraffic>0.0000453765</percentNationalTraffic></trafficStat><trafficStat><date>2014-04-15</date><percentStateTraffic>0.0148787383</percentStateTraffic><percentNationalTraffic>0.0000450586</percentNationalTraffic></trafficStat><trafficStat><date>2014-04-18</date><percentStateTraffic>0.0162311313</percentStateTraffic><percentNationalTraffic>0.0000520621</percentNationalTraffic></trafficStat><trafficStat><date>2014-04-19</date><percentStateTraffic>0.0089277743</percentStateTraffic><percentNationalTraffic>0.0000267948</percentNationalTraffic></trafficStat><trafficStat><date>2014-04-21</date><percentStateTraffic>0.0070651406</percentStateTraffic><percentNationalTraffic>0.0000211475</percentNationalTraffic></trafficStat><trafficStat><date>2014-04-22</date><percentStateTraffic>0.0535782625</percentStateTraffic><percentNationalTraffic>0.0001533811</percentNationalTraffic></trafficStat><trafficStat><date>2014-04-23</date><percentStateTraffic>0.0074610162</percentStateTraffic><percentNationalTraffic>0.0000222038</percentNationalTraffic></trafficStat><trafficStat><date>2014-04-24</date><percentStateTraffic>0.0173641257</percentStateTraffic><percentNationalTraffic>0.0000483683</percentNationalTraffic></trafficStat><trafficStat><date>2014-04-28</date><percentStateTraffic>0.0138985407</percentStateTraffic><percentNationalTraffic>0.0000443788</percentNationalTraffic></trafficStat><trafficStat><date>2014-04-29</date><percentStateTraffic>0.0084495142</percentStateTraffic><percentNationalTraffic>0.0000246620</percentNationalTraffic></trafficStat><trafficStat><date>2014-04-30</date><percentStateTraffic>0.0447293872</percentStateTraffic><percentNationalTraffic>0.0001369669</percentNationalTraffic></trafficStat><trafficStat><date>2014-05-01</date><percentStateTraffic>0.0080821143</percentStateTraffic><percentNationalTraffic>0.0000233575</percentNationalTraffic></trafficStat><trafficStat><date>2014-05-03</date><percentStateTraffic>0.0176071837</percentStateTraffic><percentNationalTraffic>0.0000547991</percentNationalTraffic></trafficStat><trafficStat><date>2014-05-04</date><percentStateTraffic>0.0324701680</percentStateTraffic><percentNationalTraffic>0.0000950801</percentNationalTraffic></trafficStat><trafficStat><date>2014-05-05</date><percentStateTraffic>0.0206242266</percentStateTraffic><percentNationalTraffic>0.0000677914</percentNationalTraffic></trafficStat><trafficStat><date>2014-05-06</date><percentStateTraffic>0.0537469287</percentStateTraffic><percentNationalTraffic>0.0001672490</percentNationalTraffic></trafficStat><trafficStat><date>2014-05-07</date><percentStateTraffic>0.0157022847</percentStateTraffic><percentNationalTraffic>0.0000486105</percentNationalTraffic></trafficStat><trafficStat><date>2014-05-08</date><percentStateTraffic>0.0182116190</percentStateTraffic><percentNationalTraffic>0.0000507170</percentNationalTraffic></trafficStat><trafficStat><date>2014-05-09</date><percentStateTraffic>0.0273972603</percentStateTraffic><percentNationalTraffic>0.0000807545</percentNationalTraffic></trafficStat><trafficStat><date>2014-05-11</date><percentStateTraffic>0.0095803794</percentStateTraffic><percentNationalTraffic>0.0000294287</percentNationalTraffic></trafficStat><trafficStat><date>2014-05-12</date><percentStateTraffic>0.0480345849</percentStateTraffic><percentNationalTraffic>0.0001418598</percentNationalTraffic></trafficStat><trafficStat><date>2014-05-14</date><percentStateTraffic>0.0329760923</percentStateTraffic><percentNationalTraffic>0.0000962491</percentNationalTraffic></trafficStat><trafficStat><date>2014-05-16</date><percentStateTraffic>0.0081659317</percentStateTraffic><percentNationalTraffic>0.0000257390</percentNationalTraffic></trafficStat><trafficStat><date>2014-05-17</date><percentStateTraffic>0.0189232662</percentStateTraffic><percentNationalTraffic>0.0000562443</percentNationalTraffic></trafficStat><trafficStat><date>2014-05-19</date><percentStateTraffic>0.0081625990</percentStateTraffic><percentNationalTraffic>0.0000233989</percentNationalTraffic></trafficStat><trafficStat><date>2014-05-20</date><percentStateTraffic>0.0086482747</percentStateTraffic><percentNationalTraffic>0.0000242442</percentNationalTraffic></trafficStat><trafficStat><date>2014-05-21</date><percentStateTraffic>0.0345333679</percentStateTraffic><percentNationalTraffic>0.0000984621</percentNationalTraffic></trafficStat><trafficStat><date>2014-05-22</date><percentStateTraffic>0.0184212950</percentStateTraffic><percentNationalTraffic>0.0000512708</percentNationalTraffic></trafficStat><trafficStat><date>2014-05-23</date><percentStateTraffic>0.0209665583</percentStateTraffic><percentNationalTraffic>0.0000543211</percentNationalTraffic></trafficStat><trafficStat><date>2014-05-25</date><percentStateTraffic>0.0213287832</percentStateTraffic><percentNationalTraffic>0.0000554410</percentNationalTraffic></trafficStat><trafficStat><date>2014-05-26</date><percentStateTraffic>0.0206121818</percentStateTraffic><percentNationalTraffic>0.0000525300</percentNationalTraffic></trafficStat><trafficStat><date>2014-05-27</date><percentStateTraffic>0.0234925607</percentStateTraffic><percentNationalTraffic>0.0000674283</percentNationalTraffic></trafficStat><trafficStat><date>2014-05-29</date><percentStateTraffic>0.0085918034</percentStateTraffic><percentNationalTraffic>0.0000240484</percentNationalTraffic></trafficStat><trafficStat><date>2014-05-30</date><percentStateTraffic>0.0330523880</percentStateTraffic><percentNationalTraffic>0.0001022812</percentNationalTraffic></trafficStat><trafficStat><date>2014-06-05</date><percentStateTraffic>0.0849112677</percentStateTraffic><percentNationalTraffic>0.0002393429</percentNationalTraffic></trafficStat><trafficStat><date>2014-06-09</date><percentStateTraffic>0.0154095077</percentStateTraffic><percentNationalTraffic>0.0000449007</percentNationalTraffic></trafficStat><trafficStat><date>2014-06-11</date><percentStateTraffic>0.0080762397</percentStateTraffic><percentNationalTraffic>0.0000234447</percentNationalTraffic></trafficStat><trafficStat><date>2014-06-12</date><percentStateTraffic>0.0182215743</percentStateTraffic><percentNationalTraffic>0.0000499959</percentNationalTraffic></trafficStat><trafficStat><date>2014-06-13</date><percentStateTraffic>0.0188572506</percentStateTraffic><percentNationalTraffic>0.0000528169</percentNationalTraffic></trafficStat><trafficStat><date>2014-06-15</date><percentStateTraffic>0.0174565768</percentStateTraffic><percentNationalTraffic>0.0000577878</percentNationalTraffic></trafficStat><trafficStat><date>2014-06-18</date><percentStateTraffic>0.0620182511</percentStateTraffic><percentNationalTraffic>0.0001508212</percentNationalTraffic></trafficStat><trafficStat><date>2014-06-19</date><percentStateTraffic>0.0082338411</percentStateTraffic><percentNationalTraffic>0.0000224741</percentNationalTraffic></trafficStat><trafficStat><date>2014-06-23</date><percentStateTraffic>0.0158856235</percentStateTraffic><percentNationalTraffic>0.0000461595</percentNationalTraffic></trafficStat><trafficStat><date>2014-06-24</date><percentStateTraffic>0.0241643174</percentStateTraffic><percentNationalTraffic>0.0000714609</percentNationalTraffic></trafficStat><trafficStat><date>2014-06-25</date><percentStateTraffic>0.0179629962</percentStateTraffic><percentNationalTraffic>0.0000497888</percentNationalTraffic></trafficStat><trafficStat><date>2014-06-26</date><percentStateTraffic>0.0108483402</percentStateTraffic><percentNationalTraffic>0.0000283746</percentNationalTraffic></trafficStat><trafficStat><date>2014-06-27</date><percentStateTraffic>0.0191442519</percentStateTraffic><percentNationalTraffic>0.0000590626</percentNationalTraffic></trafficStat><trafficStat><date>2014-06-28</date><percentStateTraffic>0.0438260107</percentStateTraffic><percentNationalTraffic>0.0001264928</percentNationalTraffic></trafficStat><trafficStat><date>2014-06-29</date><percentStateTraffic>0.0376116596</percentStateTraffic><percentNationalTraffic>0.0001153641</percentNationalTraffic></trafficStat><trafficStat><date>2014-06-30</date><percentStateTraffic>0.0082318077</percentStateTraffic><percentNationalTraffic>0.0000262887</percentNationalTraffic></trafficStat><trafficStat><date>2014-07-05</date><percentStateTraffic>0.0134390539</percentStateTraffic><percentNationalTraffic>0.0000329128</percentNationalTraffic></trafficStat><trafficStat><date>2014-07-09</date><percentStateTraffic>0.0176647235</percentStateTraffic><percentNationalTraffic>0.0000540403</percentNationalTraffic></trafficStat><trafficStat><date>2014-07-10</date><percentStateTraffic>0.0192864031</percentStateTraffic><percentNationalTraffic>0.0000556208</percentNationalTraffic></trafficStat><trafficStat><date>2014-07-14</date><percentStateTraffic>0.0417606281</percentStateTraffic><percentNationalTraffic>0.0001252336</percentNationalTraffic></trafficStat><trafficStat><date>2014-07-15</date><percentStateTraffic>0.0178507676</percentStateTraffic><percentNationalTraffic>0.0000517728</percentNationalTraffic></trafficStat><trafficStat><date>2014-07-16</date><percentStateTraffic>0.0190512479</percentStateTraffic><percentNationalTraffic>0.0000531928</percentNationalTraffic></trafficStat><trafficStat><date>2014-07-19</date><percentStateTraffic>0.0104144970</percentStateTraffic><percentNationalTraffic>0.0000292773</percentNationalTraffic></trafficStat><trafficStat><date>2014-07-21</date><percentStateTraffic>0.0082358755</percentStateTraffic><percentNationalTraffic>0.0000247909</percentNationalTraffic></trafficStat><trafficStat><date>2014-07-22</date><percentStateTraffic>0.0183183733</percentStateTraffic><percentNationalTraffic>0.0000508991</percentNationalTraffic></trafficStat><trafficStat><date>2014-07-24</date><percentStateTraffic>0.0276931598</percentStateTraffic><percentNationalTraffic>0.0000812917</percentNationalTraffic></trafficStat><trafficStat><date>2014-07-25</date><percentStateTraffic>0.0101564087</percentStateTraffic><percentNationalTraffic>0.0000283181</percentNationalTraffic></trafficStat><trafficStat><date>2014-07-26</date><percentStateTraffic>0.0110680686</percentStateTraffic><percentNationalTraffic>0.0000296190</percentNationalTraffic></trafficStat><trafficStat><date>2014-07-29</date><percentStateTraffic>0.0092276460</percentStateTraffic><percentNationalTraffic>0.0000256844</percentNationalTraffic></trafficStat><trafficStat><date>2014-07-30</date><percentStateTraffic>0.0093214019</percentStateTraffic><percentNationalTraffic>0.0000269473</percentNationalTraffic></trafficStat><trafficStat><date>2014-08-01</date><percentStateTraffic>0.0215842866</percentStateTraffic><percentNationalTraffic>0.0000588603</percentNationalTraffic></trafficStat><trafficStat><date>2014-08-02</date><percentStateTraffic>0.0111632061</percentStateTraffic><percentNationalTraffic>0.0000302955</percentNationalTraffic></trafficStat><trafficStat><date>2014-08-03</date><percentStateTraffic>0.0098823994</percentStateTraffic><percentNationalTraffic>0.0000273678</percentNationalTraffic></trafficStat><trafficStat><date>2014-08-05</date><percentStateTraffic>0.0094670075</percentStateTraffic><percentNationalTraffic>0.0000265028</percentNationalTraffic></trafficStat><trafficStat><date>2014-08-06</date><percentStateTraffic>0.0104112441</percentStateTraffic><percentNationalTraffic>0.0000271522</percentNationalTraffic></trafficStat><trafficStat><date>2014-08-09</date><percentStateTraffic>0.0239549647</percentStateTraffic><percentNationalTraffic>0.0000616264</percentNationalTraffic></trafficStat><trafficStat><date>2014-08-12</date><percentStateTraffic>0.0097115665</percentStateTraffic><percentNationalTraffic>0.0000271970</percentNationalTraffic></trafficStat><trafficStat><date>2014-08-15</date><percentStateTraffic>0.0232910213</percentStateTraffic><percentNationalTraffic>0.0000612768</percentNationalTraffic></trafficStat><trafficStat><date>2014-08-16</date><percentStateTraffic>0.0116577291</percentStateTraffic><percentNationalTraffic>0.0000311735</percentNationalTraffic></trafficStat><trafficStat><date>2014-08-18</date><percentStateTraffic>0.0088191199</percentStateTraffic><percentNationalTraffic>0.0000263762</percentNationalTraffic></trafficStat><trafficStat><date>2014-08-19</date><percentStateTraffic>0.0192882631</percentStateTraffic><percentNationalTraffic>0.0000550722</percentNationalTraffic></trafficStat><trafficStat><date>2014-08-20</date><percentStateTraffic>0.0094312930</percentStateTraffic><percentNationalTraffic>0.0000285916</percentNationalTraffic></trafficStat><trafficStat><date>2014-08-22</date><percentStateTraffic>0.0105318589</percentStateTraffic><percentNationalTraffic>0.0000301442</percentNationalTraffic></trafficStat><trafficStat><date>2014-08-24</date><percentStateTraffic>0.0109974706</percentStateTraffic><percentNationalTraffic>0.0000298128</percentNationalTraffic></trafficStat><trafficStat><date>2014-08-25</date><percentStateTraffic>0.0189825361</percentStateTraffic><percentNationalTraffic>0.0000571754</percentNationalTraffic></trafficStat><trafficStat><date>2014-08-26</date><percentStateTraffic>0.0109027475</percentStateTraffic><percentNationalTraffic>0.0000295486</percentNationalTraffic></trafficStat><trafficStat><date>2014-08-29</date><percentStateTraffic>0.0120148985</percentStateTraffic><percentNationalTraffic>0.0000339304</percentNationalTraffic></trafficStat><trafficStat><date>2014-08-30</date><percentStateTraffic>0.0141502759</percentStateTraffic><percentNationalTraffic>0.0000342524</percentNationalTraffic></trafficStat><trafficStat><date>2014-08-31</date><percentStateTraffic>0.0252206810</percentStateTraffic><percentNationalTraffic>0.0000628181</percentNationalTraffic></trafficStat><trafficStat><date>2014-09-01</date><percentStateTraffic>0.0362669246</percentStateTraffic><percentNationalTraffic>0.0000900359</percentNationalTraffic></trafficStat><trafficStat><date>2014-09-02</date><percentStateTraffic>0.0309374033</percentStateTraffic><percentNationalTraffic>0.0000871277</percentNationalTraffic></trafficStat><trafficStat><date>2014-09-05</date><percentStateTraffic>0.0327582442</percentStateTraffic><percentNationalTraffic>0.0000962291</percentNationalTraffic></trafficStat><trafficStat><date>2014-09-07</date><percentStateTraffic>0.0201065648</percentStateTraffic><percentNationalTraffic>0.0000606340</percentNationalTraffic></trafficStat><trafficStat><date>2014-09-09</date><percentStateTraffic>0.0338638673</percentStateTraffic><percentNationalTraffic>0.0000938013</percentNationalTraffic></trafficStat><trafficStat><date>2014-09-10</date><percentStateTraffic>0.0108038029</percentStateTraffic><percentNationalTraffic>0.0000309888</percentNationalTraffic></trafficStat><trafficStat><date>2014-09-14</date><percentStateTraffic>0.0205803663</percentStateTraffic><percentNationalTraffic>0.0000645063</percentNationalTraffic></trafficStat><trafficStat><date>2014-09-15</date><percentStateTraffic>0.0093327112</percentStateTraffic><percentNationalTraffic>0.0000300086</percentNationalTraffic></trafficStat><trafficStat><date>2014-09-16</date><percentStateTraffic>0.0380228137</percentStateTraffic><percentNationalTraffic>0.0001236114</percentNationalTraffic></trafficStat><trafficStat><date>2014-09-18</date><percentStateTraffic>0.0113160575</percentStateTraffic><percentNationalTraffic>0.0000320205</percentNationalTraffic></trafficStat><trafficStat><date>2014-09-21</date><percentStateTraffic>0.0186741363</percentStateTraffic><percentNationalTraffic>0.0000645790</percentNationalTraffic></trafficStat><trafficStat><date>2014-09-22</date><percentStateTraffic>0.0092609743</percentStateTraffic><percentNationalTraffic>0.0000301108</percentNationalTraffic></trafficStat><trafficStat><date>2014-09-23</date><percentStateTraffic>0.0220970059</percentStateTraffic><percentNationalTraffic>0.0000630849</percentNationalTraffic></trafficStat><trafficStat><date>2014-09-27</date><percentStateTraffic>0.0116904372</percentStateTraffic><percentNationalTraffic>0.0000360603</percentNationalTraffic></trafficStat><trafficStat><date>2014-09-30</date><percentStateTraffic>0.0211148649</percentStateTraffic><percentNationalTraffic>0.0000636877</percentNationalTraffic></trafficStat><trafficStat><date>2014-10-01</date><percentStateTraffic>0.0097904836</percentStateTraffic><percentNationalTraffic>0.0000317770</percentNationalTraffic></trafficStat><trafficStat><date>2014-10-06</date><percentStateTraffic>0.0089581654</percentStateTraffic><percentNationalTraffic>0.0000301283</percentNationalTraffic></trafficStat><trafficStat><date>2014-10-08</date><percentStateTraffic>0.0554508151</percentStateTraffic><percentNationalTraffic>0.0001591924</percentNationalTraffic></trafficStat><trafficStat><date>2014-10-09</date><percentStateTraffic>0.0112943302</percentStateTraffic><percentNationalTraffic>0.0000332075</percentNationalTraffic></trafficStat><trafficStat><date>2014-10-10</date><percentStateTraffic>0.0105674733</percentStateTraffic><percentNationalTraffic>0.0000348383</percentNationalTraffic></trafficStat><trafficStat><date>2014-10-14</date><percentStateTraffic>0.0667365812</percentStateTraffic><percentNationalTraffic>0.0002311326</percentNationalTraffic></trafficStat><trafficStat><date>2014-10-16</date><percentStateTraffic>0.0115955473</percentStateTraffic><percentNationalTraffic>0.0000351677</percentNationalTraffic></trafficStat><trafficStat><date>2014-10-17</date><percentStateTraffic>0.0122234446</percentStateTraffic><percentNationalTraffic>0.0000375064</percentNationalTraffic></trafficStat><trafficStat><date>2014-10-20</date><percentStateTraffic>0.0089134504</percentStateTraffic><percentNationalTraffic>0.0000321951</percentNationalTraffic></trafficStat><trafficStat><date>2014-10-22</date><percentStateTraffic>0.0215889465</percentStateTraffic><percentNationalTraffic>0.0000689288</percentNationalTraffic></trafficStat><trafficStat><date>2014-10-23</date><percentStateTraffic>0.0628140704</percentStateTraffic><percentNationalTraffic>0.0002137974</percentNationalTraffic></trafficStat><trafficStat><date>2014-10-24</date><percentStateTraffic>0.0323032196</percentStateTraffic><percentNationalTraffic>0.0001103039</percentNationalTraffic></trafficStat><trafficStat><date>2014-10-26</date><percentStateTraffic>0.0214018192</percentStateTraffic><percentNationalTraffic>0.0000752244</percentNationalTraffic></trafficStat><trafficStat><date>2014-10-27</date><percentStateTraffic>0.0094732853</percentStateTraffic><percentNationalTraffic>0.0000326664</percentNationalTraffic></trafficStat><trafficStat><date>2014-11-03</date><percentStateTraffic>0.0103327134</percentStateTraffic><percentNationalTraffic>0.0000339138</percentNationalTraffic></trafficStat><trafficStat><date>2014-11-04</date><percentStateTraffic>0.0109289617</percentStateTraffic><percentNationalTraffic>0.0000355279</percentNationalTraffic></trafficStat><trafficStat><date>2014-11-09</date><percentStateTraffic>0.0113700966</percentStateTraffic><percentNationalTraffic>0.0000367295</percentNationalTraffic></trafficStat><trafficStat><date>2014-11-11</date><percentStateTraffic>0.0129349373</percentStateTraffic><percentNationalTraffic>0.0000371280</percentNationalTraffic></trafficStat><trafficStat><date>2014-11-13</date><percentStateTraffic>0.0111681930</percentStateTraffic><percentNationalTraffic>0.0000383302</percentNationalTraffic></trafficStat><trafficStat><date>2014-11-17</date><percentStateTraffic>0.0109685203</percentStateTraffic><percentNationalTraffic>0.0000367801</percentNationalTraffic></trafficStat><trafficStat><date>2014-11-18</date><percentStateTraffic>0.0386548125</percentStateTraffic><percentNationalTraffic>0.0001178635</percentNationalTraffic></trafficStat><trafficStat><date>2014-11-21</date><percentStateTraffic>0.0125928724</percentStateTraffic><percentNationalTraffic>0.0000424587</percentNationalTraffic></trafficStat><trafficStat><date>2014-11-24</date><percentStateTraffic>0.0369367151</percentStateTraffic><percentNationalTraffic>0.0001231846</percentNationalTraffic></trafficStat><trafficStat><date>2014-11-25</date><percentStateTraffic>0.0133529176</percentStateTraffic><percentNationalTraffic>0.0000453630</percentNationalTraffic></trafficStat><trafficStat><date>2014-11-27</date><percentStateTraffic>0.1525054466</percentStateTraffic><percentNationalTraffic>0.0004963902</percentNationalTraffic></trafficStat><trafficStat><date>2014-11-28</date><percentStateTraffic>0.0149857635</percentStateTraffic><percentNationalTraffic>0.0000505495</percentNationalTraffic></trafficStat><trafficStat><date>2014-12-02</date><percentStateTraffic>0.0710900474</percentStateTraffic><percentNationalTraffic>0.0002314318</percentNationalTraffic></trafficStat><trafficStat><date>2014-12-03</date><percentStateTraffic>0.0129299198</percentStateTraffic><percentNationalTraffic>0.0000386592</percentNationalTraffic></trafficStat><trafficStat><date>2014-12-04</date><percentStateTraffic>0.0120554551</percentStateTraffic><percentNationalTraffic>0.0000401510</percentNationalTraffic></trafficStat><trafficStat><date>2014-12-05</date><percentStateTraffic>0.0130958617</percentStateTraffic><percentNationalTraffic>0.0000416025</percentNationalTraffic></trafficStat><trafficStat><date>2014-12-06</date><percentStateTraffic>0.0128998968</percentStateTraffic><percentNationalTraffic>0.0000444902</percentNationalTraffic></trafficStat><trafficStat><date>2014-12-08</date><percentStateTraffic>0.0241050982</percentStateTraffic><percentNationalTraffic>0.0000760070</percentNationalTraffic></trafficStat><trafficStat><date>2014-12-17</date><percentStateTraffic>0.0537273338</percentStateTraffic><percentNationalTraffic>0.0001621839</percentNationalTraffic></trafficStat><trafficStat><date>2014-12-18</date><percentStateTraffic>0.0149476831</percentStateTraffic><percentNationalTraffic>0.0000439654</percentNationalTraffic></trafficStat><trafficStat><date>2014-12-20</date><percentStateTraffic>0.0476190476</percentStateTraffic><percentNationalTraffic>0.0001517612</percentNationalTraffic></trafficStat><trafficStat><date>2014-12-22</date><percentStateTraffic>0.0130599451</percentStateTraffic><percentNationalTraffic>0.0000433615</percentNationalTraffic></trafficStat><trafficStat><date>2014-12-26</date><percentStateTraffic>0.0345721694</percentStateTraffic><percentNationalTraffic>0.0000849987</percentNationalTraffic></trafficStat><trafficStat><date>2014-12-28</date><percentStateTraffic>0.0278202810</percentStateTraffic><percentNationalTraffic>0.0000738030</percentNationalTraffic></trafficStat><trafficStat><date>2014-12-29</date><percentStateTraffic>0.0119588615</percentStateTraffic><percentNationalTraffic>0.0000337677</percentNationalTraffic></trafficStat><trafficStat><date>2014-12-30</date><percentStateTraffic>0.0114534418</percentStateTraffic><percentNationalTraffic>0.0000350857</percentNationalTraffic></trafficStat><trafficStat><date>2015-01-04</date><percentStateTraffic>0.0065252855</percentStateTraffic><percentNationalTraffic>0.0000319268</percentNationalTraffic></trafficStat><trafficStat><date>2015-01-05</date><percentStateTraffic>0.0175623463</percentStateTraffic><percentNationalTraffic>0.0000642129</percentNationalTraffic></trafficStat><trafficStat><date>2015-01-06</date><percentStateTraffic>0.0104405930</percentStateTraffic><percentNationalTraffic>0.0000317865</percentNationalTraffic></trafficStat><trafficStat><date>2015-01-07</date><percentStateTraffic>0.0120525491</percentStateTraffic><percentNationalTraffic>0.0000319393</percentNationalTraffic></trafficStat><trafficStat><date>2015-01-08</date><percentStateTraffic>0.0114077116</percentStateTraffic><percentNationalTraffic>0.0000318274</percentNationalTraffic></trafficStat><trafficStat><date>2015-01-14</date><percentStateTraffic>0.0113468739</percentStateTraffic><percentNationalTraffic>0.0000311577</percentNationalTraffic></trafficStat><trafficStat><date>2015-01-15</date><percentStateTraffic>0.0571363273</percentStateTraffic><percentNationalTraffic>0.0001586607</percentNationalTraffic></trafficStat><trafficStat><date>2015-01-21</date><percentStateTraffic>0.0098154692</percentStateTraffic><percentNationalTraffic>0.0000296810</percentNationalTraffic></trafficStat><trafficStat><date>2015-01-23</date><percentStateTraffic>0.0111172874</percentStateTraffic><percentNationalTraffic>0.0000317922</percentNationalTraffic></trafficStat><trafficStat><date>2015-01-24</date><percentStateTraffic>0.0104405930</percentStateTraffic><percentNationalTraffic>0.0000310950</percentNationalTraffic></trafficStat><trafficStat><date>2015-01-25</date><percentStateTraffic>0.0109325462</percentStateTraffic><percentNationalTraffic>0.0000311961</percentNationalTraffic></trafficStat><trafficStat><date>2015-01-26</date><percentStateTraffic>0.0098010389</percentStateTraffic><percentNationalTraffic>0.0000297757</percentNationalTraffic></trafficStat><trafficStat><date>2015-01-28</date><percentStateTraffic>0.0226654578</percentStateTraffic><percentNationalTraffic>0.0000558667</percentNationalTraffic></trafficStat><trafficStat><date>2015-01-29</date><percentStateTraffic>0.0228232341</percentStateTraffic><percentNationalTraffic>0.0000516751</percentNationalTraffic></trafficStat><trafficStat><date>2015-02-02</date><percentStateTraffic>0.0307219662</percentStateTraffic><percentNationalTraffic>0.0000918244</percentNationalTraffic></trafficStat><trafficStat><date>2015-02-04</date><percentStateTraffic>0.0226757370</percentStateTraffic><percentNationalTraffic>0.0000624215</percentNationalTraffic></trafficStat><trafficStat><date>2015-02-05</date><percentStateTraffic>0.0124455507</percentStateTraffic><percentNationalTraffic>0.0000317656</percentNationalTraffic></trafficStat><trafficStat><date>2015-02-06</date><percentStateTraffic>0.0569281567</percentStateTraffic><percentNationalTraffic>0.0001671217</percentNationalTraffic></trafficStat><trafficStat><date>2015-02-08</date><percentStateTraffic>0.0225225225</percentStateTraffic><percentNationalTraffic>0.0000605387</percentNationalTraffic></trafficStat><trafficStat><date>2015-02-10</date><percentStateTraffic>0.0103680664</percentStateTraffic><percentNationalTraffic>0.0000313123</percentNationalTraffic></trafficStat><trafficStat><date>2015-02-11</date><percentStateTraffic>0.0122144864</percentStateTraffic><percentNationalTraffic>0.0000320621</percentNationalTraffic></trafficStat><trafficStat><date>2015-02-12</date><percentStateTraffic>0.0933924819</percentStateTraffic><percentNationalTraffic>0.0002669271</percentNationalTraffic></trafficStat><trafficStat><date>2015-02-13</date><percentStateTraffic>0.0285225328</percentStateTraffic><percentNationalTraffic>0.0000722814</percentNationalTraffic></trafficStat><trafficStat><date>2015-02-15</date><percentStateTraffic>0.0338906462</percentStateTraffic><percentNationalTraffic>0.0000972357</percentNationalTraffic></trafficStat><trafficStat><date>2015-02-16</date><percentStateTraffic>0.0365096751</percentStateTraffic><percentNationalTraffic>0.0000930117</percentNationalTraffic></trafficStat><trafficStat><date>2015-02-17</date><percentStateTraffic>0.1023308698</percentStateTraffic><percentNationalTraffic>0.0002791781</percentNationalTraffic></trafficStat><trafficStat><date>2015-02-18</date><percentStateTraffic>0.0117550253</percentStateTraffic><percentNationalTraffic>0.0000313720</percentNationalTraffic></trafficStat><trafficStat><date>2015-02-26</date><percentStateTraffic>0.0119047619</percentStateTraffic><percentNationalTraffic>0.0000315564</percentNationalTraffic></trafficStat><trafficStat><date>2015-02-28</date><percentStateTraffic>0.0119947223</percentStateTraffic><percentNationalTraffic>0.0000326894</percentNationalTraffic></trafficStat><trafficStat><date>2015-03-20</date><percentStateTraffic>0.0107909787</percentStateTraffic><percentNationalTraffic>0.0000333331</percentNationalTraffic></trafficStat><trafficStat><date>2015-03-24</date><percentStateTraffic>0.0101615689</percentStateTraffic><percentNationalTraffic>0.0000308970</percentNationalTraffic></trafficStat><trafficStat><date>2015-04-02</date><percentStateTraffic>0.0120004800</percentStateTraffic><percentNationalTraffic>0.0000341841</percentNationalTraffic></trafficStat><trafficStat><date>2015-04-04</date><percentStateTraffic>0.0255591054</percentStateTraffic><percentNationalTraffic>0.0000784476</percentNationalTraffic></trafficStat><trafficStat><date>2015-04-07</date><percentStateTraffic>0.0109433136</percentStateTraffic><percentNationalTraffic>0.0000303765</percentNationalTraffic></trafficStat><trafficStat><date>2015-04-09</date><percentStateTraffic>0.0208528829</percentStateTraffic><percentNationalTraffic>0.0000616426</percentNationalTraffic></trafficStat><trafficStat><date>2015-04-15</date><percentStateTraffic>0.0766367418</percentStateTraffic><percentNationalTraffic>0.0002244220</percentNationalTraffic></trafficStat><trafficStat><date>2015-04-16</date><percentStateTraffic>0.0116972745</percentStateTraffic><percentNationalTraffic>0.0000326740</percentNationalTraffic></trafficStat><trafficStat><date>2015-04-20</date><percentStateTraffic>0.0098677719</percentStateTraffic><percentNationalTraffic>0.0000297066</percentNationalTraffic></trafficStat><trafficStat><date>2015-04-21</date><percentStateTraffic>0.0463177397</percentStateTraffic><percentNationalTraffic>0.0001334710</percentNationalTraffic></trafficStat><trafficStat><date>2015-04-22</date><percentStateTraffic>0.0112854080</percentStateTraffic><percentNationalTraffic>0.0000307546</percentNationalTraffic></trafficStat><trafficStat><date>2015-04-26</date><percentStateTraffic>0.0117508813</percentStateTraffic><percentNationalTraffic>0.0000349749</percentNationalTraffic></trafficStat><trafficStat><date>2015-05-01</date><percentStateTraffic>0.0119674485</percentStateTraffic><percentNationalTraffic>0.0000368816</percentNationalTraffic></trafficStat><trafficStat><date>2015-05-03</date><percentStateTraffic>0.0132415254</percentStateTraffic><percentNationalTraffic>0.0000399153</percentNationalTraffic></trafficStat><trafficStat><date>2015-05-11</date><percentStateTraffic>0.0217959895</percentStateTraffic><percentNationalTraffic>0.0000659451</percentNationalTraffic></trafficStat><trafficStat><date>2015-05-12</date><percentStateTraffic>0.0368414589</percentStateTraffic><percentNationalTraffic>0.0001002434</percentNationalTraffic></trafficStat><trafficStat><date>2015-05-13</date><percentStateTraffic>0.0350959289</percentStateTraffic><percentNationalTraffic>0.0001039723</percentNationalTraffic></trafficStat><trafficStat><date>2015-05-18</date><percentStateTraffic>0.0207404335</percentStateTraffic><percentNationalTraffic>0.0000678236</percentNationalTraffic></trafficStat><trafficStat><date>2015-05-19</date><percentStateTraffic>0.0229016375</percentStateTraffic><percentNationalTraffic>0.0000671906</percentNationalTraffic></trafficStat><trafficStat><date>2015-05-20</date><percentStateTraffic>0.0650110519</percentStateTraffic><percentNationalTraffic>0.0001804002</percentNationalTraffic></trafficStat><trafficStat><date>2015-05-21</date><percentStateTraffic>0.0575175429</percentStateTraffic><percentNationalTraffic>0.0001815760</percentNationalTraffic></trafficStat><trafficStat><date>2015-05-23</date><percentStateTraffic>0.0177053824</percentStateTraffic><percentNationalTraffic>0.0000462066</percentNationalTraffic></trafficStat><trafficStat><date>2015-05-24</date><percentStateTraffic>0.0174611489</percentStateTraffic><percentNationalTraffic>0.0000452922</percentNationalTraffic></trafficStat><trafficStat><date>2015-05-27</date><percentStateTraffic>0.0121006776</percentStateTraffic><percentNationalTraffic>0.0000346935</percentNationalTraffic></trafficStat><trafficStat><date>2015-06-01</date><percentStateTraffic>0.0125140783</percentStateTraffic><percentNationalTraffic>0.0000344001</percentNationalTraffic></trafficStat><trafficStat><date>2015-06-05</date><percentStateTraffic>0.0286286859</percentStateTraffic><percentNationalTraffic>0.0000832925</percentNationalTraffic></trafficStat><trafficStat><date>2015-06-11</date><percentStateTraffic>0.0307503075</percentStateTraffic><percentNationalTraffic>0.0000776397</percentNationalTraffic></trafficStat><trafficStat><date>2015-06-15</date><percentStateTraffic>0.0235377192</percentStateTraffic><percentNationalTraffic>0.0000708279</percentNationalTraffic></trafficStat><trafficStat><date>2015-06-16</date><percentStateTraffic>0.0137892995</percentStateTraffic><percentNationalTraffic>0.0000374962</percentNationalTraffic></trafficStat><trafficStat><date>2015-06-27</date><percentStateTraffic>0.0306748466</percentStateTraffic><percentNationalTraffic>0.0000887871</percentNationalTraffic></trafficStat><trafficStat><date>2015-06-29</date><percentStateTraffic>0.0132996409</percentStateTraffic><percentNationalTraffic>0.0000367031</percentNationalTraffic></trafficStat><trafficStat><date>2015-07-22</date><percentStateTraffic>0.0133654103</percentStateTraffic><percentNationalTraffic>0.0000352356</percentNationalTraffic></trafficStat><trafficStat><date>2015-07-23</date><percentStateTraffic>0.0139899273</percentStateTraffic><percentNationalTraffic>0.0000363366</percentNationalTraffic></trafficStat><trafficStat><date>2015-07-26</date><percentStateTraffic>0.0155787506</percentStateTraffic><percentNationalTraffic>0.0000394197</percentNationalTraffic></trafficStat><trafficStat><date>2015-07-27</date><percentStateTraffic>0.0124890721</percentStateTraffic><percentNationalTraffic>0.0000334522</percentNationalTraffic></trafficStat><trafficStat><date>2015-07-28</date><percentStateTraffic>0.0132961042</percentStateTraffic><percentNationalTraffic>0.0000348232</percentNationalTraffic></trafficStat><trafficStat><date>2015-07-30</date><percentStateTraffic>0.0136761488</percentStateTraffic><percentNationalTraffic>0.0000358415</percentNationalTraffic></trafficStat><trafficStat><date>2015-07-31</date><percentStateTraffic>0.0151653018</percentStateTraffic><percentNationalTraffic>0.0000397289</percentNationalTraffic></trafficStat><trafficStat><date>2015-08-05</date><percentStateTraffic>0.0130684788</percentStateTraffic><percentNationalTraffic>0.0000358395</percentNationalTraffic></trafficStat><trafficStat><date>2015-08-10</date><percentStateTraffic>0.0237276071</percentStateTraffic><percentNationalTraffic>0.0000664163</percentNationalTraffic></trafficStat><trafficStat><date>2015-08-22</date><percentStateTraffic>0.0311429461</percentStateTraffic><percentNationalTraffic>0.0000830574</percentNationalTraffic></trafficStat><trafficStat><date>2015-08-25</date><percentStateTraffic>0.0140134529</percentStateTraffic><percentNationalTraffic>0.0000355843</percentNationalTraffic></trafficStat><trafficStat><date>2015-08-26</date><percentStateTraffic>0.0137457045</percentStateTraffic><percentNationalTraffic>0.0000376764</percentNationalTraffic></trafficStat><trafficStat><date>2015-08-29</date><percentStateTraffic>0.0168378515</percentStateTraffic><percentNationalTraffic>0.0000429442</percentNationalTraffic></trafficStat><trafficStat><date>2015-09-01</date><percentStateTraffic>0.0147841514</percentStateTraffic><percentNationalTraffic>0.0000377627</percentNationalTraffic></trafficStat><trafficStat><date>2015-09-10</date><percentStateTraffic>0.0130463144</percentStateTraffic><percentNationalTraffic>0.0000399450</percentNationalTraffic></trafficStat><trafficStat><date>2015-09-11</date><percentStateTraffic>0.0141003948</percentStateTraffic><percentNationalTraffic>0.0000428318</percentNationalTraffic></trafficStat><trafficStat><date>2015-09-12</date><percentStateTraffic>0.0141462725</percentStateTraffic><percentNationalTraffic>0.0000446120</percentNationalTraffic></trafficStat><trafficStat><date>2015-09-16</date><percentStateTraffic>0.0149700599</percentStateTraffic><percentNationalTraffic>0.0000418332</percentNationalTraffic></trafficStat><trafficStat><date>2015-09-30</date><percentStateTraffic>0.0132678785</percentStateTraffic><percentNationalTraffic>0.0000412670</percentNationalTraffic></trafficStat><trafficStat><date>2015-10-01</date><percentStateTraffic>0.0312793244</percentStateTraffic><percentNationalTraffic>0.0000953704</percentNationalTraffic></trafficStat><trafficStat><date>2015-10-03</date><percentStateTraffic>0.0173520736</percentStateTraffic><percentNationalTraffic>0.0000549474</percentNationalTraffic></trafficStat><trafficStat><date>2015-10-04</date><percentStateTraffic>0.0192418703</percentStateTraffic><percentNationalTraffic>0.0000545122</percentNationalTraffic></trafficStat><trafficStat><date>2015-10-05</date><percentStateTraffic>0.0276281254</percentStateTraffic><percentNationalTraffic>0.0000840389</percentNationalTraffic></trafficStat><trafficStat><date>2015-10-08</date><percentStateTraffic>0.0312548836</percentStateTraffic><percentNationalTraffic>0.0000874059</percentNationalTraffic></trafficStat><trafficStat><date>2015-10-09</date><percentStateTraffic>0.0428632662</percentStateTraffic><percentNationalTraffic>0.0001299251</percentNationalTraffic></trafficStat><trafficStat><date>2015-10-13</date><percentStateTraffic>0.0141342756</percentStateTraffic><percentNationalTraffic>0.0000399761</percentNationalTraffic></trafficStat><trafficStat><date>2015-10-19</date><percentStateTraffic>0.0132908028</percentStateTraffic><percentNationalTraffic>0.0000396795</percentNationalTraffic></trafficStat><trafficStat><date>2015-10-21</date><percentStateTraffic>0.0278318954</percentStateTraffic><percentNationalTraffic>0.0000822574</percentNationalTraffic></trafficStat><trafficStat><date>2015-10-22</date><percentStateTraffic>0.0136276915</percentStateTraffic><percentNationalTraffic>0.0000424265</percentNationalTraffic></trafficStat><trafficStat><date>2015-10-24</date><percentStateTraffic>0.0161603103</percentStateTraffic><percentNationalTraffic>0.0000482461</percentNationalTraffic></trafficStat><trafficStat><date>2015-10-29</date><percentStateTraffic>0.0146606069</percentStateTraffic><percentNationalTraffic>0.0000421581</percentNationalTraffic></trafficStat><trafficStat><date>2015-11-24</date><percentStateTraffic>0.0290528762</percentStateTraffic><percentNationalTraffic>0.0000878006</percentNationalTraffic></trafficStat><trafficStat><date>2015-12-09</date><percentStateTraffic>0.0136742787</percentStateTraffic><percentNationalTraffic>0.0000416228</percentNationalTraffic></trafficStat><trafficStat><date>2015-12-18</date><percentStateTraffic>0.0313676286</percentStateTraffic><percentNationalTraffic>0.0000967907</percentNationalTraffic></trafficStat><trafficStat><date>2015-12-21</date><percentStateTraffic>0.0133600534</percentStateTraffic><percentNationalTraffic>0.0000426052</percentNationalTraffic></trafficStat><trafficStat><date>2016-01-01</date><percentStateTraffic>0.0320975766</percentStateTraffic><percentNationalTraffic>0.0000817409</percentNationalTraffic></trafficStat><trafficStat><date>2016-01-02</date><percentStateTraffic>0.0149209191</percentStateTraffic><percentNationalTraffic>0.0000365062</percentNationalTraffic></trafficStat><trafficStat><date>2016-01-05</date><percentStateTraffic>0.0118934348</percentStateTraffic><percentNationalTraffic>0.0000324950</percentNationalTraffic></trafficStat><trafficStat><date>2016-01-09</date><percentStateTraffic>0.0228859137</percentStateTraffic><percentNationalTraffic>0.0000690628</percentNationalTraffic></trafficStat><trafficStat><date>2016-01-14</date><percentStateTraffic>0.0240789791</percentStateTraffic><percentNationalTraffic>0.0000661540</percentNationalTraffic></trafficStat><trafficStat><date>2016-01-18</date><percentStateTraffic>0.0338447653</percentStateTraffic><percentNationalTraffic>0.0000922803</percentNationalTraffic></trafficStat><trafficStat><date>2016-01-22</date><percentStateTraffic>0.0146735143</percentStateTraffic><percentNationalTraffic>0.0000337412</percentNationalTraffic></trafficStat><trafficStat><date>2016-02-01</date><percentStateTraffic>0.0119345984</percentStateTraffic><percentNationalTraffic>0.0000299639</percentNationalTraffic></trafficStat><trafficStat><date>2016-02-15</date><percentStateTraffic>0.0263782643</percentStateTraffic><percentNationalTraffic>0.0000651243</percentNationalTraffic></trafficStat><trafficStat><date>2016-02-16</date><percentStateTraffic>0.0132520541</percentStateTraffic><percentNationalTraffic>0.0000345282</percentNationalTraffic></trafficStat><trafficStat><date>2016-02-18</date><percentStateTraffic>0.0127113258</percentStateTraffic><percentNationalTraffic>0.0000354251</percentNationalTraffic></trafficStat><trafficStat><date>2016-02-24</date><percentStateTraffic>0.0131268049</percentStateTraffic><percentNationalTraffic>0.0000328874</percentNationalTraffic></trafficStat><trafficStat><date>2016-03-09</date><percentStateTraffic>0.0124285359</percentStateTraffic><percentNationalTraffic>0.0000307548</percentNationalTraffic></trafficStat><trafficStat><date>2016-03-11</date><percentStateTraffic>0.0121506683</percentStateTraffic><percentNationalTraffic>0.0000331241</percentNationalTraffic></trafficStat><trafficStat><date>2016-04-01</date><percentStateTraffic>0.0213196887</percentStateTraffic><percentNationalTraffic>0.0000612369</percentNationalTraffic></trafficStat><trafficStat><date>2016-04-08</date><percentStateTraffic>0.0113109377</percentStateTraffic><percentNationalTraffic>0.0000313164</percentNationalTraffic></trafficStat><trafficStat><date>2016-04-09</date><percentStateTraffic>0.0112145340</percentStateTraffic><percentNationalTraffic>0.0000322967</percentNationalTraffic></trafficStat><trafficStat><date>2016-04-11</date><percentStateTraffic>0.0185013876</percentStateTraffic><percentNationalTraffic>0.0000551037</percentNationalTraffic></trafficStat><trafficStat><date>2016-04-13</date><percentStateTraffic>0.0346780719</percentStateTraffic><percentNationalTraffic>0.0000902520</percentNationalTraffic></trafficStat><trafficStat><date>2016-04-14</date><percentStateTraffic>0.0116117046</percentStateTraffic><percentNationalTraffic>0.0000308755</percentNationalTraffic></trafficStat><trafficStat><date>2016-04-15</date><percentStateTraffic>0.0241516725</percentStateTraffic><percentNationalTraffic>0.0000661703</percentNationalTraffic></trafficStat><trafficStat><date>2016-04-16</date><percentStateTraffic>0.0137381508</percentStateTraffic><percentNationalTraffic>0.0000370568</percentNationalTraffic></trafficStat><trafficStat><date>2016-04-18</date><percentStateTraffic>0.0103284445</percentStateTraffic><percentNationalTraffic>0.0000296539</percentNationalTraffic></trafficStat><trafficStat><date>2016-04-21</date><percentStateTraffic>0.0335570470</percentStateTraffic><percentNationalTraffic>0.0000967822</percentNationalTraffic></trafficStat><trafficStat><date>2016-04-22</date><percentStateTraffic>0.0126103405</percentStateTraffic><percentNationalTraffic>0.0000338180</percentNationalTraffic></trafficStat><trafficStat><date>2016-04-23</date><percentStateTraffic>0.0680179567</percentStateTraffic><percentNationalTraffic>0.0001915022</percentNationalTraffic></trafficStat><trafficStat><date>2016-04-28</date><percentStateTraffic>0.0221043324</percentStateTraffic><percentNationalTraffic>0.0000632656</percentNationalTraffic></trafficStat><trafficStat><date>2016-04-29</date><percentStateTraffic>0.0113921167</percentStateTraffic><percentNationalTraffic>0.0000343231</percentNationalTraffic></trafficStat><trafficStat><date>2016-05-02</date><percentStateTraffic>0.0112841345</percentStateTraffic><percentNationalTraffic>0.0000302657</percentNationalTraffic></trafficStat><trafficStat><date>2016-05-06</date><percentStateTraffic>0.0126726651</percentStateTraffic><percentNationalTraffic>0.0000356538</percentNationalTraffic></trafficStat><trafficStat><date>2016-05-07</date><percentStateTraffic>0.0154202005</percentStateTraffic><percentNationalTraffic>0.0000420919</percentNationalTraffic></trafficStat><trafficStat><date>2016-05-10</date><percentStateTraffic>0.0192789666</percentStateTraffic><percentNationalTraffic>0.0000611131</percentNationalTraffic></trafficStat><trafficStat><date>2016-05-12</date><percentStateTraffic>0.0416536499</percentStateTraffic><percentNationalTraffic>0.0001292635</percentNationalTraffic></trafficStat><trafficStat><date>2016-05-18</date><percentStateTraffic>0.0104876770</percentStateTraffic><percentNationalTraffic>0.0000319015</percentNationalTraffic></trafficStat><trafficStat><date>2016-05-23</date><percentStateTraffic>0.0106382979</percentStateTraffic><percentNationalTraffic>0.0000313858</percentNationalTraffic></trafficStat><trafficStat><date>2016-05-24</date><percentStateTraffic>0.0196328654</percentStateTraffic><percentNationalTraffic>0.0000639535</percentNationalTraffic></trafficStat><trafficStat><date>2016-05-25</date><percentStateTraffic>0.0188040617</percentStateTraffic><percentNationalTraffic>0.0000686943</percentNationalTraffic></trafficStat><trafficStat><date>2016-05-27</date><percentStateTraffic>0.0139508929</percentStateTraffic><percentNationalTraffic>0.0000393219</percentNationalTraffic></trafficStat><trafficStat><date>2016-05-28</date><percentStateTraffic>0.0361271676</percentStateTraffic><percentNationalTraffic>0.0000926879</percentNationalTraffic></trafficStat><trafficStat><date>2016-05-31</date><percentStateTraffic>0.0116918040</percentStateTraffic><percentNationalTraffic>0.0000324492</percentNationalTraffic></trafficStat><trafficStat><date>2016-06-03</date><percentStateTraffic>0.0238435861</percentStateTraffic><percentNationalTraffic>0.0000737396</percentNationalTraffic></trafficStat><trafficStat><date>2016-06-08</date><percentStateTraffic>0.0287246266</percentStateTraffic><percentNationalTraffic>0.0001000832</percentNationalTraffic></trafficStat><trafficStat><date>2016-06-20</date><percentStateTraffic>0.0115713955</percentStateTraffic><percentNationalTraffic>0.0000330183</percentNationalTraffic></trafficStat><trafficStat><date>2016-06-22</date><percentStateTraffic>0.0126935771</percentStateTraffic><percentNationalTraffic>0.0000340137</percentNationalTraffic></trafficStat><trafficStat><date>2016-06-26</date><percentStateTraffic>0.0159489633</percentStateTraffic><percentNationalTraffic>0.0000422700</percentNationalTraffic></trafficStat><trafficStat><date>2016-06-30</date><percentStateTraffic>0.0146198830</percentStateTraffic><percentNationalTraffic>0.0000381786</percentNationalTraffic></trafficStat><trafficStat><date>2016-07-02</date><percentStateTraffic>0.0210039908</percentStateTraffic><percentNationalTraffic>0.0000474366</percentNationalTraffic></trafficStat><trafficStat><date>2016-07-05</date><percentStateTraffic>0.0257997936</percentStateTraffic><percentNationalTraffic>0.0000665412</percentNationalTraffic></trafficStat><trafficStat><date>2016-07-06</date><percentStateTraffic>0.0125533517</percentStateTraffic><percentNationalTraffic>0.0000341794</percentNationalTraffic></trafficStat><trafficStat><date>2016-07-09</date><percentStateTraffic>0.0336530372</percentStateTraffic><percentNationalTraffic>0.0000843372</percentNationalTraffic></trafficStat><trafficStat><date>2016-07-12</date><percentStateTraffic>0.0832639467</percentStateTraffic><percentNationalTraffic>0.0002133578</percentNationalTraffic></trafficStat><trafficStat><date>2016-07-15</date><percentStateTraffic>0.0153491942</percentStateTraffic><percentNationalTraffic>0.0000404519</percentNationalTraffic></trafficStat><trafficStat><date>2016-07-21</date><percentStateTraffic>0.0560616678</percentStateTraffic><percentNationalTraffic>0.0001453440</percentNationalTraffic></trafficStat><trafficStat><date>2016-07-25</date><percentStateTraffic>0.0241808729</percentStateTraffic><percentNationalTraffic>0.0000667333</percentNationalTraffic></trafficStat><trafficStat><date>2016-08-06</date><percentStateTraffic>0.0177777778</percentStateTraffic><percentNationalTraffic>0.0000434609</percentNationalTraffic></trafficStat><trafficStat><date>2016-08-09</date><percentStateTraffic>0.0150060024</percentStateTraffic><percentNationalTraffic>0.0000357481</percentNationalTraffic></trafficStat><trafficStat><date>2016-08-15</date><percentStateTraffic>0.0142470437</percentStateTraffic><percentNationalTraffic>0.0000344372</percentNationalTraffic></trafficStat><trafficStat><date>2016-08-22</date><percentStateTraffic>0.0283889283</percentStateTraffic><percentNationalTraffic>0.0000682537</percentNationalTraffic></trafficStat><trafficStat><date>2016-08-24</date><percentStateTraffic>0.0296208531</percentStateTraffic><percentNationalTraffic>0.0000731885</percentNationalTraffic></trafficStat><trafficStat><date>2016-08-30</date><percentStateTraffic>0.0140232786</percentStateTraffic><percentNationalTraffic>0.0000346238</percentNationalTraffic></trafficStat><trafficStat><date>2016-09-01</date><percentStateTraffic>0.0164311535</percentStateTraffic><percentNationalTraffic>0.0000382823</percentNationalTraffic></trafficStat><trafficStat><date>2016-09-03</date><percentStateTraffic>0.1115448968</percentStateTraffic><percentNationalTraffic>0.0002844903</percentNationalTraffic></trafficStat><trafficStat><date>2016-09-05</date><percentStateTraffic>0.0907441016</percentStateTraffic><percentNationalTraffic>0.0002050702</percentNationalTraffic></trafficStat><trafficStat><date>2016-09-06</date><percentStateTraffic>0.0138465799</percentStateTraffic><percentNationalTraffic>0.0000347717</percentNationalTraffic></trafficStat><trafficStat><date>2016-09-07</date><percentStateTraffic>0.0447427293</percentStateTraffic><percentNationalTraffic>0.0001089308</percentNationalTraffic></trafficStat></trafficStats><listingStats/></TruliaStats></response></TruliaWebServices>
