<?xml version="1.0"?>
<TruliaWebServices><request><Parameter><index>1</index><name>library</name><value>TruliaStats</value></Parameter><Parameter><index>2</index><name>function</name><value>getZipCodeStats</value></Parameter><Parameter><index>3</index><name>zipCode</name><value>20022</value></Parameter><Parameter><index>4</index><name>startDate</name><value>2001-01-01</value></Parameter><Parameter><index>5</index><name>endDate</name><value>2016-09-28</value></Parameter><Parameter><index>6</index><name>statType</name><value>all</value></Parameter><Parameter><index>7</index><name>apikey</name><value>p94v2fd3d88ybpanhayfynqe</value></Parameter><Parameter><index>8</index><name>source</name><value>Webservice</value></Parameter></request><response><TruliaStats><location><zipCode>20022</zipCode><state>DC</state><searchResultsURL>http://www.trulia.com/DC/Washington/20022/</searchResultsURL><heatMapURL>http://www.trulia.com/home_prices/District_Of_Columbia/District_of_Columbia_County-heat_map/</heatMapURL></location><trafficStats><trafficStat><date>2008-04-03</date><percentStateTraffic>0.0556483027</percentStateTraffic><percentNationalTraffic>0.0001765546</percentNationalTraffic></trafficStat><trafficStat><date>2008-04-11</date><percentStateTraffic>0.0559597090</percentStateTraffic><percentNationalTraffic>0.0001810941</percentNationalTraffic></trafficStat><trafficStat><date>2008-05-13</date><percentStateTraffic>0.0578703704</percentStateTraffic><percentNationalTraffic>0.0001595344</percentNationalTraffic></trafficStat><trafficStat><date>2008-06-20</date><percentStateTraffic>0.0744601638</percentStateTraffic><percentNationalTraffic>0.0001989088</percentNationalTraffic></trafficStat><trafficStat><date>2008-07-12</date><percentStateTraffic>0.0783699060</percentStateTraffic><percentNationalTraffic>0.0002040966</percentNationalTraffic></trafficStat><trafficStat><date>2008-11-24</date><percentStateTraffic>0.0492853622</percentStateTraffic><percentNationalTraffic>0.0002149682</percentNationalTraffic></trafficStat><trafficStat><date>2008-12-22</date><percentStateTraffic>0.0387146729</percentStateTraffic><percentNationalTraffic>0.0001964266</percentNationalTraffic></trafficStat><trafficStat><date>2009-01-23</date><percentStateTraffic>0.0431778929</percentStateTraffic><percentNationalTraffic>0.0001326068</percentNationalTraffic></trafficStat><trafficStat><date>2009-02-01</date><percentStateTraffic>0.0457038391</percentStateTraffic><percentNationalTraffic>0.0001292324</percentNationalTraffic></trafficStat><trafficStat><date>2009-02-02</date><percentStateTraffic>0.0363768643</percentStateTraffic><percentNationalTraffic>0.0001291037</percentNationalTraffic></trafficStat><trafficStat><date>2009-02-13</date><percentStateTraffic>0.0460405157</percentStateTraffic><percentNationalTraffic>0.0001359562</percentNationalTraffic></trafficStat><trafficStat><date>2009-02-18</date><percentStateTraffic>0.0201653559</percentStateTraffic><percentNationalTraffic>0.0000906382</percentNationalTraffic></trafficStat><trafficStat><date>2009-03-05</date><percentStateTraffic>0.0301477238</percentStateTraffic><percentNationalTraffic>0.0001156076</percentNationalTraffic></trafficStat><trafficStat><date>2009-03-11</date><percentStateTraffic>0.0652528548</percentStateTraffic><percentNationalTraffic>0.0002233317</percentNationalTraffic></trafficStat><trafficStat><date>2009-03-15</date><percentStateTraffic>0.0249314385</percentStateTraffic><percentNationalTraffic>0.0000978268</percentNationalTraffic></trafficStat><trafficStat><date>2009-03-20</date><percentStateTraffic>0.0284010224</percentStateTraffic><percentNationalTraffic>0.0001115113</percentNationalTraffic></trafficStat><trafficStat><date>2009-04-15</date><percentStateTraffic>0.0182215743</percentStateTraffic><percentNationalTraffic>0.0000919663</percentNationalTraffic></trafficStat><trafficStat><date>2009-04-17</date><percentStateTraffic>0.0153491942</percentStateTraffic><percentNationalTraffic>0.0000992578</percentNationalTraffic></trafficStat><trafficStat><date>2009-04-20</date><percentStateTraffic>0.0109974706</percentStateTraffic><percentNationalTraffic>0.0000803960</percentNationalTraffic></trafficStat><trafficStat><date>2009-04-25</date><percentStateTraffic>0.0137835975</percentStateTraffic><percentNationalTraffic>0.0000996635</percentNationalTraffic></trafficStat><trafficStat><date>2009-04-26</date><percentStateTraffic>0.0105741779</percentStateTraffic><percentNationalTraffic>0.0000842591</percentNationalTraffic></trafficStat><trafficStat><date>2009-05-05</date><percentStateTraffic>0.0107342207</percentStateTraffic><percentNationalTraffic>0.0000839675</percentNationalTraffic></trafficStat><trafficStat><date>2009-05-24</date><percentStateTraffic>0.0113830393</percentStateTraffic><percentNationalTraffic>0.0000730230</percentNationalTraffic></trafficStat><trafficStat><date>2009-05-27</date><percentStateTraffic>0.0102732690</percentStateTraffic><percentNationalTraffic>0.0000617175</percentNationalTraffic></trafficStat><trafficStat><date>2009-06-05</date><percentStateTraffic>0.0097895252</percentStateTraffic><percentNationalTraffic>0.0000676681</percentNationalTraffic></trafficStat><trafficStat><date>2009-06-10</date><percentStateTraffic>0.0116918040</percentStateTraffic><percentNationalTraffic>0.0000641948</percentNationalTraffic></trafficStat><trafficStat><date>2009-07-15</date><percentStateTraffic>0.0123946455</percentStateTraffic><percentNationalTraffic>0.0000633681</percentNationalTraffic></trafficStat><trafficStat><date>2009-08-11</date><percentStateTraffic>0.0106134579</percentStateTraffic><percentNationalTraffic>0.0000625236</percentNationalTraffic></trafficStat><trafficStat><date>2009-08-23</date><percentStateTraffic>0.0092319055</percentStateTraffic><percentNationalTraffic>0.0000598013</percentNationalTraffic></trafficStat><trafficStat><date>2009-08-26</date><percentStateTraffic>0.6583278473</percentStateTraffic><percentNationalTraffic>0.0037670530</percentNationalTraffic></trafficStat><trafficStat><date>2009-09-01</date><percentStateTraffic>0.0121891760</percentStateTraffic><percentNationalTraffic>0.0000671560</percentNationalTraffic></trafficStat><trafficStat><date>2009-09-20</date><percentStateTraffic>0.0395381939</percentStateTraffic><percentNationalTraffic>0.0003279499</percentNationalTraffic></trafficStat><trafficStat><date>2009-10-10</date><percentStateTraffic>0.0239923225</percentStateTraffic><percentNationalTraffic>0.0001535162</percentNationalTraffic></trafficStat><trafficStat><date>2009-10-18</date><percentStateTraffic>0.0084681175</percentStateTraffic><percentNationalTraffic>0.0000674439</percentNationalTraffic></trafficStat><trafficStat><date>2009-10-20</date><percentStateTraffic>0.0220167327</percentStateTraffic><percentNationalTraffic>0.0001397276</percentNationalTraffic></trafficStat><trafficStat><date>2009-11-05</date><percentStateTraffic>0.0204750205</percentStateTraffic><percentNationalTraffic>0.0001444643</percentNationalTraffic></trafficStat><trafficStat><date>2009-11-15</date><percentStateTraffic>0.0082142270</percentStateTraffic><percentNationalTraffic>0.0000651992</percentNationalTraffic></trafficStat><trafficStat><date>2009-12-16</date><percentStateTraffic>0.0119402985</percentStateTraffic><percentNationalTraffic>0.0000837519</percentNationalTraffic></trafficStat><trafficStat><date>2009-12-19</date><percentStateTraffic>0.0119047619</percentStateTraffic><percentNationalTraffic>0.0000960047</percentNationalTraffic></trafficStat><trafficStat><date>2009-12-21</date><percentStateTraffic>0.0145032632</percentStateTraffic><percentNationalTraffic>0.0000891027</percentNationalTraffic></trafficStat><trafficStat><date>2009-12-26</date><percentStateTraffic>0.0130753138</percentStateTraffic><percentNationalTraffic>0.0000846680</percentNationalTraffic></trafficStat><trafficStat><date>2010-01-14</date><percentStateTraffic>0.0126454224</percentStateTraffic><percentNationalTraffic>0.0000660946</percentNationalTraffic></trafficStat><trafficStat><date>2010-01-23</date><percentStateTraffic>0.0120627262</percentStateTraffic><percentNationalTraffic>0.0000698559</percentNationalTraffic></trafficStat><trafficStat><date>2010-02-12</date><percentStateTraffic>0.0477707006</percentStateTraffic><percentNationalTraffic>0.0002180752</percentNationalTraffic></trafficStat><trafficStat><date>2010-02-15</date><percentStateTraffic>0.0103960911</percentStateTraffic><percentNationalTraffic>0.0000554078</percentNationalTraffic></trafficStat><trafficStat><date>2010-03-15</date><percentStateTraffic>0.0104155817</percentStateTraffic><percentNationalTraffic>0.0000543887</percentNationalTraffic></trafficStat><trafficStat><date>2013-08-30</date><percentStateTraffic>0.0112790435</percentStateTraffic><percentNationalTraffic>0.0000272215</percentNationalTraffic></trafficStat><trafficStat><date>2013-09-05</date><percentStateTraffic>0.0089573630</percentStateTraffic><percentNationalTraffic>0.0000251804</percentNationalTraffic></trafficStat><trafficStat><date>2013-09-06</date><percentStateTraffic>0.0169822535</percentStateTraffic><percentNationalTraffic>0.0000522914</percentNationalTraffic></trafficStat><trafficStat><date>2013-09-15</date><percentStateTraffic>0.0073942621</percentStateTraffic><percentNationalTraffic>0.0000241091</percentNationalTraffic></trafficStat><trafficStat><date>2013-09-28</date><percentStateTraffic>0.0100140196</percentStateTraffic><percentNationalTraffic>0.0000285244</percentNationalTraffic></trafficStat><trafficStat><date>2013-10-23</date><percentStateTraffic>0.0082788310</percentStateTraffic><percentNationalTraffic>0.0000260554</percentNationalTraffic></trafficStat><trafficStat><date>2013-10-31</date><percentStateTraffic>0.0107100782</percentStateTraffic><percentNationalTraffic>0.0000307735</percentNationalTraffic></trafficStat><trafficStat><date>2013-11-02</date><percentStateTraffic>0.0086273833</percentStateTraffic><percentNationalTraffic>0.0000272698</percentNationalTraffic></trafficStat><trafficStat><date>2013-11-15</date><percentStateTraffic>0.0093414292</percentStateTraffic><percentNationalTraffic>0.0000303310</percentNationalTraffic></trafficStat><trafficStat><date>2013-11-27</date><percentStateTraffic>0.0125281884</percentStateTraffic><percentNationalTraffic>0.0000365523</percentNationalTraffic></trafficStat><trafficStat><date>2013-12-12</date><percentStateTraffic>0.0106883283</percentStateTraffic><percentNationalTraffic>0.0000322789</percentNationalTraffic></trafficStat><trafficStat><date>2013-12-21</date><percentStateTraffic>0.0128452152</percentStateTraffic><percentNationalTraffic>0.0000379057</percentNationalTraffic></trafficStat><trafficStat><date>2013-12-26</date><percentStateTraffic>0.0222000222</percentStateTraffic><percentNationalTraffic>0.0000578608</percentNationalTraffic></trafficStat><trafficStat><date>2013-12-30</date><percentStateTraffic>0.0085287846</percentStateTraffic><percentNationalTraffic>0.0000251384</percentNationalTraffic></trafficStat><trafficStat><date>2014-01-04</date><percentStateTraffic>0.0086655113</percentStateTraffic><percentNationalTraffic>0.0000232671</percentNationalTraffic></trafficStat><trafficStat><date>2014-01-05</date><percentStateTraffic>0.0085631101</percentStateTraffic><percentNationalTraffic>0.0000235912</percentNationalTraffic></trafficStat><trafficStat><date>2014-01-06</date><percentStateTraffic>0.0085164367</percentStateTraffic><percentNationalTraffic>0.0000234911</percentNationalTraffic></trafficStat><trafficStat><date>2014-01-08</date><percentStateTraffic>0.0178332590</percentStateTraffic><percentNationalTraffic>0.0000463840</percentNationalTraffic></trafficStat><trafficStat><date>2014-01-10</date><percentStateTraffic>0.0250312891</percentStateTraffic><percentNationalTraffic>0.0000732309</percentNationalTraffic></trafficStat><trafficStat><date>2014-01-27</date><percentStateTraffic>0.0074599030</percentStateTraffic><percentNationalTraffic>0.0000215834</percentNationalTraffic></trafficStat><trafficStat><date>2014-01-31</date><percentStateTraffic>0.0086370703</percentStateTraffic><percentNationalTraffic>0.0000262630</percentNationalTraffic></trafficStat><trafficStat><date>2014-02-02</date><percentStateTraffic>0.0175716043</percentStateTraffic><percentNationalTraffic>0.0000489127</percentNationalTraffic></trafficStat><trafficStat><date>2014-02-06</date><percentStateTraffic>0.0133155792</percentStateTraffic><percentNationalTraffic>0.0000384683</percentNationalTraffic></trafficStat><trafficStat><date>2014-02-09</date><percentStateTraffic>0.0218388294</percentStateTraffic><percentNationalTraffic>0.0000622344</percentNationalTraffic></trafficStat><trafficStat><date>2014-02-10</date><percentStateTraffic>0.0076464291</percentStateTraffic><percentNationalTraffic>0.0000221216</percentNationalTraffic></trafficStat><trafficStat><date>2014-02-18</date><percentStateTraffic>0.0080736315</percentStateTraffic><percentNationalTraffic>0.0000208372</percentNationalTraffic></trafficStat><trafficStat><date>2014-02-19</date><percentStateTraffic>0.0080057642</percentStateTraffic><percentNationalTraffic>0.0000215582</percentNationalTraffic></trafficStat><trafficStat><date>2014-02-21</date><percentStateTraffic>0.0161472630</percentStateTraffic><percentNationalTraffic>0.0000435830</percentNationalTraffic></trafficStat><trafficStat><date>2014-02-25</date><percentStateTraffic>0.0082270671</percentStateTraffic><percentNationalTraffic>0.0000212911</percentNationalTraffic></trafficStat><trafficStat><date>2014-02-26</date><percentStateTraffic>0.0516573396</percentStateTraffic><percentNationalTraffic>0.0001317218</percentNationalTraffic></trafficStat><trafficStat><date>2014-03-08</date><percentStateTraffic>0.0087404947</percentStateTraffic><percentNationalTraffic>0.0000231624</percentNationalTraffic></trafficStat><trafficStat><date>2014-03-09</date><percentStateTraffic>0.0076651847</percentStateTraffic><percentNationalTraffic>0.0000215124</percentNationalTraffic></trafficStat><trafficStat><date>2014-03-12</date><percentStateTraffic>0.0156825845</percentStateTraffic><percentNationalTraffic>0.0000436484</percentNationalTraffic></trafficStat><trafficStat><date>2014-03-14</date><percentStateTraffic>0.0091844232</percentStateTraffic><percentNationalTraffic>0.0000229763</percentNationalTraffic></trafficStat><trafficStat><date>2014-03-18</date><percentStateTraffic>0.0150749981</percentStateTraffic><percentNationalTraffic>0.0000425150</percentNationalTraffic></trafficStat><trafficStat><date>2014-03-19</date><percentStateTraffic>0.0080301935</percentStateTraffic><percentNationalTraffic>0.0000213989</percentNationalTraffic></trafficStat><trafficStat><date>2014-03-21</date><percentStateTraffic>0.0168819110</percentStateTraffic><percentNationalTraffic>0.0000473933</percentNationalTraffic></trafficStat><trafficStat><date>2014-03-28</date><percentStateTraffic>0.0171880371</percentStateTraffic><percentNationalTraffic>0.0000478622</percentNationalTraffic></trafficStat><trafficStat><date>2014-04-04</date><percentStateTraffic>0.0164636154</percentStateTraffic><percentNationalTraffic>0.0000462401</percentNationalTraffic></trafficStat><trafficStat><date>2014-04-06</date><percentStateTraffic>0.0288039173</percentStateTraffic><percentNationalTraffic>0.0000852703</percentNationalTraffic></trafficStat><trafficStat><date>2014-04-10</date><percentStateTraffic>0.0091937115</percentStateTraffic><percentNationalTraffic>0.0000251498</percentNationalTraffic></trafficStat><trafficStat><date>2014-04-12</date><percentStateTraffic>0.0208116545</percentStateTraffic><percentNationalTraffic>0.0000543232</percentNationalTraffic></trafficStat><trafficStat><date>2014-04-13</date><percentStateTraffic>0.0087214373</percentStateTraffic><percentNationalTraffic>0.0000237798</percentNationalTraffic></trafficStat><trafficStat><date>2014-04-14</date><percentStateTraffic>0.0144216902</percentStateTraffic><percentNationalTraffic>0.0000453765</percentNationalTraffic></trafficStat><trafficStat><date>2014-04-15</date><percentStateTraffic>0.0074393691</percentStateTraffic><percentNationalTraffic>0.0000225293</percentNationalTraffic></trafficStat><trafficStat><date>2014-04-20</date><percentStateTraffic>0.0086542622</percentStateTraffic><percentNationalTraffic>0.0000262210</percentNationalTraffic></trafficStat><trafficStat><date>2014-04-21</date><percentStateTraffic>0.0070651406</percentStateTraffic><percentNationalTraffic>0.0000211475</percentNationalTraffic></trafficStat><trafficStat><date>2014-04-30</date><percentStateTraffic>0.0223646936</percentStateTraffic><percentNationalTraffic>0.0000684835</percentNationalTraffic></trafficStat><trafficStat><date>2014-05-03</date><percentStateTraffic>0.0088035919</percentStateTraffic><percentNationalTraffic>0.0000273996</percentNationalTraffic></trafficStat><trafficStat><date>2014-05-07</date><percentStateTraffic>0.0078511423</percentStateTraffic><percentNationalTraffic>0.0000243052</percentNationalTraffic></trafficStat><trafficStat><date>2014-05-09</date><percentStateTraffic>0.0091324201</percentStateTraffic><percentNationalTraffic>0.0000269182</percentNationalTraffic></trafficStat><trafficStat><date>2014-05-13</date><percentStateTraffic>0.0087450809</percentStateTraffic><percentNationalTraffic>0.0000241850</percentNationalTraffic></trafficStat><trafficStat><date>2014-05-14</date><percentStateTraffic>0.0082440231</percentStateTraffic><percentNationalTraffic>0.0000240623</percentNationalTraffic></trafficStat><trafficStat><date>2014-05-17</date><percentStateTraffic>0.0094616331</percentStateTraffic><percentNationalTraffic>0.0000281221</percentNationalTraffic></trafficStat><trafficStat><date>2014-05-18</date><percentStateTraffic>0.0086184607</percentStateTraffic><percentNationalTraffic>0.0000252576</percentNationalTraffic></trafficStat><trafficStat><date>2014-05-22</date><percentStateTraffic>0.0092106475</percentStateTraffic><percentNationalTraffic>0.0000256354</percentNationalTraffic></trafficStat><trafficStat><date>2014-05-23</date><percentStateTraffic>0.0104832792</percentStateTraffic><percentNationalTraffic>0.0000271606</percentNationalTraffic></trafficStat><trafficStat><date>2014-06-03</date><percentStateTraffic>0.0163692912</percentStateTraffic><percentNationalTraffic>0.0000471246</percentNationalTraffic></trafficStat><trafficStat><date>2014-06-10</date><percentStateTraffic>0.0257665550</percentStateTraffic><percentNationalTraffic>0.0000708097</percentNationalTraffic></trafficStat><trafficStat><date>2014-06-11</date><percentStateTraffic>0.0323049588</percentStateTraffic><percentNationalTraffic>0.0000937789</percentNationalTraffic></trafficStat><trafficStat><date>2014-06-16</date><percentStateTraffic>0.0084253096</percentStateTraffic><percentNationalTraffic>0.0000242979</percentNationalTraffic></trafficStat><trafficStat><date>2014-06-21</date><percentStateTraffic>0.0100030009</percentStateTraffic><percentNationalTraffic>0.0000279132</percentNationalTraffic></trafficStat><trafficStat><date>2014-06-27</date><percentStateTraffic>0.0287163779</percentStateTraffic><percentNationalTraffic>0.0000885940</percentNationalTraffic></trafficStat><trafficStat><date>2014-07-07</date><percentStateTraffic>0.0082678793</percentStateTraffic><percentNationalTraffic>0.0000249983</percentNationalTraffic></trafficStat><trafficStat><date>2014-07-08</date><percentStateTraffic>0.0181537624</percentStateTraffic><percentNationalTraffic>0.0000526118</percentNationalTraffic></trafficStat><trafficStat><date>2014-07-09</date><percentStateTraffic>0.0088323618</percentStateTraffic><percentNationalTraffic>0.0000270201</percentNationalTraffic></trafficStat><trafficStat><date>2014-07-20</date><percentStateTraffic>0.0096237128</percentStateTraffic><percentNationalTraffic>0.0000270200</percentNationalTraffic></trafficStat><trafficStat><date>2014-07-24</date><percentStateTraffic>0.0092310533</percentStateTraffic><percentNationalTraffic>0.0000270972</percentNationalTraffic></trafficStat><trafficStat><date>2014-07-27</date><percentStateTraffic>0.0087627059</percentStateTraffic><percentNationalTraffic>0.0000261967</percentNationalTraffic></trafficStat><trafficStat><date>2014-07-29</date><percentStateTraffic>0.0369105841</percentStateTraffic><percentNationalTraffic>0.0001027376</percentNationalTraffic></trafficStat><trafficStat><date>2014-08-01</date><percentStateTraffic>0.0107921433</percentStateTraffic><percentNationalTraffic>0.0000294301</percentNationalTraffic></trafficStat><trafficStat><date>2014-08-02</date><percentStateTraffic>0.0111632061</percentStateTraffic><percentNationalTraffic>0.0000302955</percentNationalTraffic></trafficStat><trafficStat><date>2014-08-03</date><percentStateTraffic>0.0889415950</percentStateTraffic><percentNationalTraffic>0.0002463104</percentNationalTraffic></trafficStat><trafficStat><date>2014-08-04</date><percentStateTraffic>0.0714668572</percentStateTraffic><percentNationalTraffic>0.0002061477</percentNationalTraffic></trafficStat><trafficStat><date>2014-08-07</date><percentStateTraffic>0.0107319167</percentStateTraffic><percentNationalTraffic>0.0000280735</percentNationalTraffic></trafficStat><trafficStat><date>2014-08-08</date><percentStateTraffic>0.0108518719</percentStateTraffic><percentNationalTraffic>0.0000297817</percentNationalTraffic></trafficStat><trafficStat><date>2014-08-20</date><percentStateTraffic>0.0188625861</percentStateTraffic><percentNationalTraffic>0.0000571832</percentNationalTraffic></trafficStat><trafficStat><date>2014-08-23</date><percentStateTraffic>0.0107181136</percentStateTraffic><percentNationalTraffic>0.0000317475</percentNationalTraffic></trafficStat><trafficStat><date>2014-08-25</date><percentStateTraffic>0.0284738041</percentStateTraffic><percentNationalTraffic>0.0000857631</percentNationalTraffic></trafficStat><trafficStat><date>2014-08-29</date><percentStateTraffic>0.0120148985</percentStateTraffic><percentNationalTraffic>0.0000339304</percentNationalTraffic></trafficStat><trafficStat><date>2014-09-07</date><percentStateTraffic>0.0301598472</percentStateTraffic><percentNationalTraffic>0.0000909509</percentNationalTraffic></trafficStat><trafficStat><date>2014-09-10</date><percentStateTraffic>0.0108038029</percentStateTraffic><percentNationalTraffic>0.0000309888</percentNationalTraffic></trafficStat><trafficStat><date>2014-09-14</date><percentStateTraffic>0.0102901832</percentStateTraffic><percentNationalTraffic>0.0000322532</percentNationalTraffic></trafficStat><trafficStat><date>2014-09-19</date><percentStateTraffic>0.0216029380</percentStateTraffic><percentNationalTraffic>0.0000687016</percentNationalTraffic></trafficStat><trafficStat><date>2014-09-20</date><percentStateTraffic>0.0261985853</percentStateTraffic><percentNationalTraffic>0.0000714299</percentNationalTraffic></trafficStat><trafficStat><date>2014-09-24</date><percentStateTraffic>0.0104210088</percentStateTraffic><percentNationalTraffic>0.0000307279</percentNationalTraffic></trafficStat><trafficStat><date>2014-10-03</date><percentStateTraffic>0.0111894372</percentStateTraffic><percentNationalTraffic>0.0000350436</percentNationalTraffic></trafficStat><trafficStat><date>2014-10-08</date><percentStateTraffic>0.0443606521</percentStateTraffic><percentNationalTraffic>0.0001273539</percentNationalTraffic></trafficStat><trafficStat><date>2014-10-10</date><percentStateTraffic>0.0105674733</percentStateTraffic><percentNationalTraffic>0.0000348383</percentNationalTraffic></trafficStat><trafficStat><date>2014-10-12</date><percentStateTraffic>0.0109950522</percentStateTraffic><percentNationalTraffic>0.0000346130</percentNationalTraffic></trafficStat><trafficStat><date>2014-10-23</date><percentStateTraffic>0.0104690117</percentStateTraffic><percentNationalTraffic>0.0000356329</percentNationalTraffic></trafficStat><trafficStat><date>2014-11-04</date><percentStateTraffic>0.0109289617</percentStateTraffic><percentNationalTraffic>0.0000355279</percentNationalTraffic></trafficStat><trafficStat><date>2014-11-09</date><percentStateTraffic>0.0113700966</percentStateTraffic><percentNationalTraffic>0.0000367295</percentNationalTraffic></trafficStat><trafficStat><date>2014-11-10</date><percentStateTraffic>0.0101347927</percentStateTraffic><percentNationalTraffic>0.0000345809</percentNationalTraffic></trafficStat><trafficStat><date>2014-11-13</date><percentStateTraffic>0.0111681930</percentStateTraffic><percentNationalTraffic>0.0000383302</percentNationalTraffic></trafficStat><trafficStat><date>2014-11-19</date><percentStateTraffic>0.0130992926</percentStateTraffic><percentNationalTraffic>0.0000404068</percentNationalTraffic></trafficStat><trafficStat><date>2014-11-25</date><percentStateTraffic>0.0267058352</percentStateTraffic><percentNationalTraffic>0.0000907259</percentNationalTraffic></trafficStat><trafficStat><date>2014-11-27</date><percentStateTraffic>0.0217864924</percentStateTraffic><percentNationalTraffic>0.0000709129</percentNationalTraffic></trafficStat><trafficStat><date>2014-12-05</date><percentStateTraffic>0.0130958617</percentStateTraffic><percentNationalTraffic>0.0000416025</percentNationalTraffic></trafficStat><trafficStat><date>2014-12-16</date><percentStateTraffic>0.0233154581</percentStateTraffic><percentNationalTraffic>0.0000800910</percentNationalTraffic></trafficStat><trafficStat><date>2014-12-20</date><percentStateTraffic>0.0158730159</percentStateTraffic><percentNationalTraffic>0.0000505871</percentNationalTraffic></trafficStat><trafficStat><date>2014-12-21</date><percentStateTraffic>0.0332889481</percentStateTraffic><percentNationalTraffic>0.0000961994</percentNationalTraffic></trafficStat><trafficStat><date>2014-12-23</date><percentStateTraffic>0.0298998356</percentStateTraffic><percentNationalTraffic>0.0000956690</percentNationalTraffic></trafficStat><trafficStat><date>2015-01-09</date><percentStateTraffic>0.0116306118</percentStateTraffic><percentNationalTraffic>0.0000342549</percentNationalTraffic></trafficStat><trafficStat><date>2015-01-18</date><percentStateTraffic>0.0108601216</percentStateTraffic><percentNationalTraffic>0.0000304210</percentNationalTraffic></trafficStat><trafficStat><date>2015-01-21</date><percentStateTraffic>0.0294464075</percentStateTraffic><percentNationalTraffic>0.0000890429</percentNationalTraffic></trafficStat><trafficStat><date>2015-01-24</date><percentStateTraffic>0.0104405930</percentStateTraffic><percentNationalTraffic>0.0000310950</percentNationalTraffic></trafficStat><trafficStat><date>2015-01-25</date><percentStateTraffic>0.0109325462</percentStateTraffic><percentNationalTraffic>0.0000311961</percentNationalTraffic></trafficStat><trafficStat><date>2015-01-26</date><percentStateTraffic>0.0098010389</percentStateTraffic><percentNationalTraffic>0.0000297757</percentNationalTraffic></trafficStat><trafficStat><date>2015-02-05</date><percentStateTraffic>0.0124455507</percentStateTraffic><percentNationalTraffic>0.0000317656</percentNationalTraffic></trafficStat><trafficStat><date>2015-02-28</date><percentStateTraffic>0.0359841670</percentStateTraffic><percentNationalTraffic>0.0000980681</percentNationalTraffic></trafficStat><trafficStat><date>2015-04-04</date><percentStateTraffic>0.0127795527</percentStateTraffic><percentNationalTraffic>0.0000392238</percentNationalTraffic></trafficStat><trafficStat><date>2015-04-07</date><percentStateTraffic>0.0218866273</percentStateTraffic><percentNationalTraffic>0.0000607530</percentNationalTraffic></trafficStat><trafficStat><date>2015-05-10</date><percentStateTraffic>0.0148411992</percentStateTraffic><percentNationalTraffic>0.0000444825</percentNationalTraffic></trafficStat><trafficStat><date>2015-05-16</date><percentStateTraffic>0.0156079288</percentStateTraffic><percentNationalTraffic>0.0000432930</percentNationalTraffic></trafficStat><trafficStat><date>2015-05-18</date><percentStateTraffic>0.0207404335</percentStateTraffic><percentNationalTraffic>0.0000678236</percentNationalTraffic></trafficStat><trafficStat><date>2015-05-21</date><percentStateTraffic>0.0115035086</percentStateTraffic><percentNationalTraffic>0.0000363152</percentNationalTraffic></trafficStat><trafficStat><date>2015-05-27</date><percentStateTraffic>0.0121006776</percentStateTraffic><percentNationalTraffic>0.0000346935</percentNationalTraffic></trafficStat><trafficStat><date>2015-06-04</date><percentStateTraffic>0.0129148909</percentStateTraffic><percentNationalTraffic>0.0000376162</percentNationalTraffic></trafficStat><trafficStat><date>2015-06-12</date><percentStateTraffic>0.0302663438</percentStateTraffic><percentNationalTraffic>0.0000824517</percentNationalTraffic></trafficStat><trafficStat><date>2015-06-13</date><percentStateTraffic>0.0325150382</percentStateTraffic><percentNationalTraffic>0.0000907278</percentNationalTraffic></trafficStat><trafficStat><date>2015-06-15</date><percentStateTraffic>0.0353065788</percentStateTraffic><percentNationalTraffic>0.0001062419</percentNationalTraffic></trafficStat><trafficStat><date>2015-06-26</date><percentStateTraffic>0.0168976005</percentStateTraffic><percentNationalTraffic>0.0000422077</percentNationalTraffic></trafficStat><trafficStat><date>2015-07-12</date><percentStateTraffic>0.0144529556</percentStateTraffic><percentNationalTraffic>0.0000403541</percentNationalTraffic></trafficStat><trafficStat><date>2015-07-18</date><percentStateTraffic>0.0154894672</percentStateTraffic><percentNationalTraffic>0.0000440147</percentNationalTraffic></trafficStat><trafficStat><date>2015-07-22</date><percentStateTraffic>0.0133654103</percentStateTraffic><percentNationalTraffic>0.0000352356</percentNationalTraffic></trafficStat><trafficStat><date>2015-07-24</date><percentStateTraffic>0.0142633005</percentStateTraffic><percentNationalTraffic>0.0000376932</percentNationalTraffic></trafficStat><trafficStat><date>2015-08-03</date><percentStateTraffic>0.0129349373</percentStateTraffic><percentNationalTraffic>0.0000334479</percentNationalTraffic></trafficStat><trafficStat><date>2015-08-11</date><percentStateTraffic>0.0135943448</percentStateTraffic><percentNationalTraffic>0.0000345423</percentNationalTraffic></trafficStat><trafficStat><date>2015-09-08</date><percentStateTraffic>0.0290065265</percentStateTraffic><percentNationalTraffic>0.0000749003</percentNationalTraffic></trafficStat><trafficStat><date>2015-09-10</date><percentStateTraffic>0.0260926288</percentStateTraffic><percentNationalTraffic>0.0000798899</percentNationalTraffic></trafficStat><trafficStat><date>2015-09-12</date><percentStateTraffic>0.0565850898</percentStateTraffic><percentNationalTraffic>0.0001784479</percentNationalTraffic></trafficStat><trafficStat><date>2015-09-25</date><percentStateTraffic>0.0141183114</percentStateTraffic><percentNationalTraffic>0.0000446479</percentNationalTraffic></trafficStat><trafficStat><date>2015-09-30</date><percentStateTraffic>0.0132678785</percentStateTraffic><percentNationalTraffic>0.0000412670</percentNationalTraffic></trafficStat><trafficStat><date>2015-10-06</date><percentStateTraffic>0.0156396622</percentStateTraffic><percentNationalTraffic>0.0000417298</percentNationalTraffic></trafficStat><trafficStat><date>2015-10-13</date><percentStateTraffic>0.0141342756</percentStateTraffic><percentNationalTraffic>0.0000399761</percentNationalTraffic></trafficStat><trafficStat><date>2015-10-22</date><percentStateTraffic>0.0136276915</percentStateTraffic><percentNationalTraffic>0.0000424265</percentNationalTraffic></trafficStat><trafficStat><date>2015-12-06</date><percentStateTraffic>0.0168435237</percentStateTraffic><percentNationalTraffic>0.0000559184</percentNationalTraffic></trafficStat><trafficStat><date>2015-12-07</date><percentStateTraffic>0.0149276011</percentStateTraffic><percentNationalTraffic>0.0000441241</percentNationalTraffic></trafficStat><trafficStat><date>2015-12-12</date><percentStateTraffic>0.0159667891</percentStateTraffic><percentNationalTraffic>0.0000502036</percentNationalTraffic></trafficStat><trafficStat><date>2015-12-16</date><percentStateTraffic>0.0144196107</percentStateTraffic><percentNationalTraffic>0.0000425332</percentNationalTraffic></trafficStat><trafficStat><date>2015-12-30</date><percentStateTraffic>0.0124750499</percentStateTraffic><percentNationalTraffic>0.0000361143</percentNationalTraffic></trafficStat><trafficStat><date>2016-01-29</date><percentStateTraffic>0.0631552356</percentStateTraffic><percentNationalTraffic>0.0001656957</percentNationalTraffic></trafficStat><trafficStat><date>2016-02-08</date><percentStateTraffic>0.0128982329</percentStateTraffic><percentNationalTraffic>0.0000297282</percentNationalTraffic></trafficStat><trafficStat><date>2016-02-12</date><percentStateTraffic>0.0137854977</percentStateTraffic><percentNationalTraffic>0.0000343754</percentNationalTraffic></trafficStat><trafficStat><date>2016-02-24</date><percentStateTraffic>0.0131268049</percentStateTraffic><percentNationalTraffic>0.0000328874</percentNationalTraffic></trafficStat><trafficStat><date>2016-03-12</date><percentStateTraffic>0.0120467414</percentStateTraffic><percentNationalTraffic>0.0000350231</percentNationalTraffic></trafficStat><trafficStat><date>2016-05-01</date><percentStateTraffic>0.0115807759</percentStateTraffic><percentNationalTraffic>0.0000342792</percentNationalTraffic></trafficStat><trafficStat><date>2016-05-17</date><percentStateTraffic>0.0107158165</percentStateTraffic><percentNationalTraffic>0.0000300898</percentNationalTraffic></trafficStat><trafficStat><date>2016-05-26</date><percentStateTraffic>0.0422119038</percentStateTraffic><percentNationalTraffic>0.0001429530</percentNationalTraffic></trafficStat><trafficStat><date>2016-05-29</date><percentStateTraffic>0.0838082467</percentStateTraffic><percentNationalTraffic>0.0002264150</percentNationalTraffic></trafficStat><trafficStat><date>2016-05-31</date><percentStateTraffic>0.0116918040</percentStateTraffic><percentNationalTraffic>0.0000324492</percentNationalTraffic></trafficStat><trafficStat><date>2016-06-20</date><percentStateTraffic>0.0115713955</percentStateTraffic><percentNationalTraffic>0.0000330183</percentNationalTraffic></trafficStat><trafficStat><date>2016-07-12</date><percentStateTraffic>0.0277546489</percentStateTraffic><percentNationalTraffic>0.0000711193</percentNationalTraffic></trafficStat><trafficStat><date>2016-07-22</date><percentStateTraffic>0.0147297098</percentStateTraffic><percentNationalTraffic>0.0000390431</percentNationalTraffic></trafficStat><trafficStat><date>2016-08-10</date><percentStateTraffic>0.0142612664</percentStateTraffic><percentNationalTraffic>0.0000357755</percentNationalTraffic></trafficStat><trafficStat><date>2016-08-23</date><percentStateTraffic>0.0141023833</percentStateTraffic><percentNationalTraffic>0.0000349699</percentNationalTraffic></trafficStat><trafficStat><date>2016-08-24</date><percentStateTraffic>0.0148104265</percentStateTraffic><percentNationalTraffic>0.0000365943</percentNationalTraffic></trafficStat><trafficStat><date>2016-08-30</date><percentStateTraffic>0.0140232786</percentStateTraffic><percentNationalTraffic>0.0000346238</percentNationalTraffic></trafficStat><trafficStat><date>2016-09-01</date><percentStateTraffic>0.0164311535</percentStateTraffic><percentNationalTraffic>0.0000382823</percentNationalTraffic></trafficStat><trafficStat><date>2016-09-04</date><percentStateTraffic>0.0559805934</percentStateTraffic><percentNationalTraffic>0.0001274673</percentNationalTraffic></trafficStat><trafficStat><date>2016-09-07</date><percentStateTraffic>0.0298284862</percentStateTraffic><percentNationalTraffic>0.0000726205</percentNationalTraffic></trafficStat></trafficStats><listingStats><listingStat><weekEndingDate>2010-12-11</weekEndingDate><listingPrice><subcategory><type>All Properties</type><numberOfProperties>2</numberOfProperties><medianListingPrice>144900</medianListingPrice><averageListingPrice>144900</averageListingPrice></subcategory><subcategory><type>3 Bedroom Properties</type><numberOfProperties>2</numberOfProperties><medianListingPrice>144900</medianListingPrice><averageListingPrice>144900</averageListingPrice></subcategory></listingPrice></listingStat></listingStats></TruliaStats></response></TruliaWebServices>
