<?xml version="1.0"?>
<TruliaWebServices><request><Parameter><index>1</index><name>library</name><value>TruliaStats</value></Parameter><Parameter><index>2</index><name>function</name><value>getZipCodeStats</value></Parameter><Parameter><index>3</index><name>zipCode</name><value>20026</value></Parameter><Parameter><index>4</index><name>startDate</name><value>2001-01-01</value></Parameter><Parameter><index>5</index><name>endDate</name><value>2016-09-28</value></Parameter><Parameter><index>6</index><name>statType</name><value>all</value></Parameter><Parameter><index>7</index><name>apikey</name><value>p94v2fd3d88ybpanhayfynqe</value></Parameter><Parameter><index>8</index><name>source</name><value>Webservice</value></Parameter></request><response><TruliaStats><location><zipCode>20026</zipCode><state>DC</state><searchResultsURL>http://www.trulia.com/DC/Washington/20026/</searchResultsURL><heatMapURL>http://www.trulia.com/home_prices/District_Of_Columbia/District_of_Columbia_County-heat_map/</heatMapURL></location><trafficStats><trafficStat><date>2008-04-04</date><percentStateTraffic>0.0766283525</percentStateTraffic><percentNationalTraffic>0.0001756457</percentNationalTraffic></trafficStat><trafficStat><date>2008-04-11</date><percentStateTraffic>0.0559597090</percentStateTraffic><percentNationalTraffic>0.0001810941</percentNationalTraffic></trafficStat><trafficStat><date>2008-04-29</date><percentStateTraffic>0.0487804878</percentStateTraffic><percentNationalTraffic>0.0001551612</percentNationalTraffic></trafficStat><trafficStat><date>2008-05-13</date><percentStateTraffic>0.1157407407</percentStateTraffic><percentNationalTraffic>0.0003190688</percentNationalTraffic></trafficStat><trafficStat><date>2008-06-16</date><percentStateTraffic>0.0590667454</percentStateTraffic><percentNationalTraffic>0.0001534846</percentNationalTraffic></trafficStat><trafficStat><date>2008-07-01</date><percentStateTraffic>0.0563380282</percentStateTraffic><percentNationalTraffic>0.0001765583</percentNationalTraffic></trafficStat><trafficStat><date>2008-07-10</date><percentStateTraffic>0.0743494424</percentStateTraffic><percentNationalTraffic>0.0001743524</percentNationalTraffic></trafficStat><trafficStat><date>2008-07-11</date><percentStateTraffic>0.1712328767</percentStateTraffic><percentNationalTraffic>0.0003736872</percentNationalTraffic></trafficStat><trafficStat><date>2008-08-18</date><percentStateTraffic>0.0620347395</percentStateTraffic><percentNationalTraffic>0.0001611928</percentNationalTraffic></trafficStat><trafficStat><date>2008-08-19</date><percentStateTraffic>0.1030927835</percentStateTraffic><percentNationalTraffic>0.0003162970</percentNationalTraffic></trafficStat><trafficStat><date>2008-08-28</date><percentStateTraffic>0.1299545159</percentStateTraffic><percentNationalTraffic>0.0003786932</percentNationalTraffic></trafficStat><trafficStat><date>2008-09-16</date><percentStateTraffic>0.1592356688</percentStateTraffic><percentNationalTraffic>0.0005366314</percentNationalTraffic></trafficStat><trafficStat><date>2008-10-21</date><percentStateTraffic>0.0431778929</percentStateTraffic><percentNationalTraffic>0.0001774390</percentNationalTraffic></trafficStat><trafficStat><date>2008-11-13</date><percentStateTraffic>0.0386996904</percentStateTraffic><percentNationalTraffic>0.0001902736</percentNationalTraffic></trafficStat><trafficStat><date>2008-12-04</date><percentStateTraffic>0.0499251123</percentStateTraffic><percentNationalTraffic>0.0002073403</percentNationalTraffic></trafficStat><trafficStat><date>2008-12-22</date><percentStateTraffic>0.0774293457</percentStateTraffic><percentNationalTraffic>0.0003928532</percentNationalTraffic></trafficStat><trafficStat><date>2008-12-28</date><percentStateTraffic>0.0505305710</percentStateTraffic><percentNationalTraffic>0.0001437781</percentNationalTraffic></trafficStat><trafficStat><date>2009-01-04</date><percentStateTraffic>0.0374812594</percentStateTraffic><percentNationalTraffic>0.0001211396</percentNationalTraffic></trafficStat><trafficStat><date>2009-01-23</date><percentStateTraffic>0.0431778929</percentStateTraffic><percentNationalTraffic>0.0001326068</percentNationalTraffic></trafficStat><trafficStat><date>2009-02-04</date><percentStateTraffic>0.0362056481</percentStateTraffic><percentNationalTraffic>0.0001426413</percentNationalTraffic></trafficStat><trafficStat><date>2009-02-12</date><percentStateTraffic>0.1086956522</percentStateTraffic><percentNationalTraffic>0.0003777148</percentNationalTraffic></trafficStat><trafficStat><date>2009-03-04</date><percentStateTraffic>0.0308356460</percentStateTraffic><percentNationalTraffic>0.0001143688</percentNationalTraffic></trafficStat><trafficStat><date>2009-04-01</date><percentStateTraffic>0.0705218618</percentStateTraffic><percentNationalTraffic>0.0003116035</percentNationalTraffic></trafficStat><trafficStat><date>2009-04-08</date><percentStateTraffic>0.0259201659</percentStateTraffic><percentNationalTraffic>0.0000975704</percentNationalTraffic></trafficStat><trafficStat><date>2009-04-12</date><percentStateTraffic>0.0250752257</percentStateTraffic><percentNationalTraffic>0.0000977056</percentNationalTraffic></trafficStat><trafficStat><date>2009-04-15</date><percentStateTraffic>0.0182215743</percentStateTraffic><percentNationalTraffic>0.0000919663</percentNationalTraffic></trafficStat><trafficStat><date>2009-05-15</date><percentStateTraffic>0.0103082156</percentStateTraffic><percentNationalTraffic>0.0000678725</percentNationalTraffic></trafficStat><trafficStat><date>2009-05-17</date><percentStateTraffic>0.0078198311</percentStateTraffic><percentNationalTraffic>0.0000580464</percentNationalTraffic></trafficStat><trafficStat><date>2009-05-18</date><percentStateTraffic>0.0094286253</percentStateTraffic><percentNationalTraffic>0.0000560325</percentNationalTraffic></trafficStat><trafficStat><date>2009-05-22</date><percentStateTraffic>0.0141582897</percentStateTraffic><percentNationalTraffic>0.0000788956</percentNationalTraffic></trafficStat><trafficStat><date>2009-06-02</date><percentStateTraffic>0.0096918007</percentStateTraffic><percentNationalTraffic>0.0000622829</percentNationalTraffic></trafficStat><trafficStat><date>2009-06-10</date><percentStateTraffic>0.0116918040</percentStateTraffic><percentNationalTraffic>0.0000641948</percentNationalTraffic></trafficStat><trafficStat><date>2009-06-23</date><percentStateTraffic>0.0106860440</percentStateTraffic><percentNationalTraffic>0.0000630136</percentNationalTraffic></trafficStat><trafficStat><date>2009-06-27</date><percentStateTraffic>0.0108365843</percentStateTraffic><percentNationalTraffic>0.0000791734</percentNationalTraffic></trafficStat><trafficStat><date>2009-07-05</date><percentStateTraffic>0.0091058095</percentStateTraffic><percentNationalTraffic>0.0000636372</percentNationalTraffic></trafficStat><trafficStat><date>2009-07-06</date><percentStateTraffic>0.0265816055</percentStateTraffic><percentNationalTraffic>0.0001729524</percentNationalTraffic></trafficStat><trafficStat><date>2009-07-08</date><percentStateTraffic>0.0106292517</percentStateTraffic><percentNationalTraffic>0.0000631280</percentNationalTraffic></trafficStat><trafficStat><date>2009-08-17</date><percentStateTraffic>0.0094948728</percentStateTraffic><percentNationalTraffic>0.0000594801</percentNationalTraffic></trafficStat><trafficStat><date>2009-08-18</date><percentStateTraffic>0.0101822625</percentStateTraffic><percentNationalTraffic>0.0000623491</percentNationalTraffic></trafficStat><trafficStat><date>2009-08-20</date><percentStateTraffic>0.0120062432</percentStateTraffic><percentNationalTraffic>0.0000662386</percentNationalTraffic></trafficStat><trafficStat><date>2009-08-21</date><percentStateTraffic>0.0112599932</percentStateTraffic><percentNationalTraffic>0.0000674620</percentNationalTraffic></trafficStat><trafficStat><date>2009-08-23</date><percentStateTraffic>0.0092319055</percentStateTraffic><percentNationalTraffic>0.0000598013</percentNationalTraffic></trafficStat><trafficStat><date>2009-09-12</date><percentStateTraffic>0.0109075044</percentStateTraffic><percentNationalTraffic>0.0000704808</percentNationalTraffic></trafficStat><trafficStat><date>2009-09-21</date><percentStateTraffic>0.0094304036</percentStateTraffic><percentNationalTraffic>0.0000655563</percentNationalTraffic></trafficStat><trafficStat><date>2009-10-18</date><percentStateTraffic>0.0084681175</percentStateTraffic><percentNationalTraffic>0.0000674439</percentNationalTraffic></trafficStat><trafficStat><date>2009-11-18</date><percentStateTraffic>0.0115233925</percentStateTraffic><percentNationalTraffic>0.0000739120</percentNationalTraffic></trafficStat><trafficStat><date>2009-12-03</date><percentStateTraffic>0.0119631535</percentStateTraffic><percentNationalTraffic>0.0000805002</percentNationalTraffic></trafficStat><trafficStat><date>2009-12-10</date><percentStateTraffic>0.0255787185</percentStateTraffic><percentNationalTraffic>0.0001714703</percentNationalTraffic></trafficStat><trafficStat><date>2009-12-20</date><percentStateTraffic>0.0203811271</percentStateTraffic><percentNationalTraffic>0.0001697106</percentNationalTraffic></trafficStat><trafficStat><date>2009-12-21</date><percentStateTraffic>0.0145032632</percentStateTraffic><percentNationalTraffic>0.0000891027</percentNationalTraffic></trafficStat><trafficStat><date>2010-01-06</date><percentStateTraffic>0.0115035086</percentStateTraffic><percentNationalTraffic>0.0000677080</percentNationalTraffic></trafficStat><trafficStat><date>2010-01-20</date><percentStateTraffic>0.0114416476</percentStateTraffic><percentNationalTraffic>0.0000685202</percentNationalTraffic></trafficStat><trafficStat><date>2010-01-23</date><percentStateTraffic>0.0241254524</percentStateTraffic><percentNationalTraffic>0.0001397117</percentNationalTraffic></trafficStat><trafficStat><date>2010-02-01</date><percentStateTraffic>0.0119260584</percentStateTraffic><percentNationalTraffic>0.0000610423</percentNationalTraffic></trafficStat><trafficStat><date>2010-02-28</date><percentStateTraffic>0.0081063554</percentStateTraffic><percentNationalTraffic>0.0000504517</percentNationalTraffic></trafficStat><trafficStat><date>2013-08-29</date><percentStateTraffic>0.0093896714</percentStateTraffic><percentNationalTraffic>0.0000243825</percentNationalTraffic></trafficStat><trafficStat><date>2013-08-30</date><percentStateTraffic>0.0112790435</percentStateTraffic><percentNationalTraffic>0.0000272215</percentNationalTraffic></trafficStat><trafficStat><date>2013-10-09</date><percentStateTraffic>0.0083899656</percentStateTraffic><percentNationalTraffic>0.0000266417</percentNationalTraffic></trafficStat><trafficStat><date>2013-10-29</date><percentStateTraffic>0.0088707531</percentStateTraffic><percentNationalTraffic>0.0000263043</percentNationalTraffic></trafficStat><trafficStat><date>2013-11-04</date><percentStateTraffic>0.0076423386</percentStateTraffic><percentNationalTraffic>0.0000249095</percentNationalTraffic></trafficStat><trafficStat><date>2013-11-05</date><percentStateTraffic>0.0163145444</percentStateTraffic><percentNationalTraffic>0.0000513616</percentNationalTraffic></trafficStat><trafficStat><date>2013-12-30</date><percentStateTraffic>0.0085287846</percentStateTraffic><percentNationalTraffic>0.0000251384</percentNationalTraffic></trafficStat><trafficStat><date>2014-01-08</date><percentStateTraffic>0.0445831476</percentStateTraffic><percentNationalTraffic>0.0001159599</percentNationalTraffic></trafficStat><trafficStat><date>2014-01-09</date><percentStateTraffic>0.0086610081</percentStateTraffic><percentNationalTraffic>0.0000240998</percentNationalTraffic></trafficStat><trafficStat><date>2014-01-20</date><percentStateTraffic>0.0077675936</percentStateTraffic><percentNationalTraffic>0.0000207318</percentNationalTraffic></trafficStat><trafficStat><date>2014-01-26</date><percentStateTraffic>0.0071341942</percentStateTraffic><percentNationalTraffic>0.0000201662</percentNationalTraffic></trafficStat><trafficStat><date>2014-02-01</date><percentStateTraffic>0.0084309923</percentStateTraffic><percentNationalTraffic>0.0000237590</percentNationalTraffic></trafficStat><trafficStat><date>2014-02-05</date><percentStateTraffic>0.0091684239</percentStateTraffic><percentNationalTraffic>0.0000231562</percentNationalTraffic></trafficStat><trafficStat><date>2014-02-11</date><percentStateTraffic>0.0082182774</percentStateTraffic><percentNationalTraffic>0.0000232564</percentNationalTraffic></trafficStat><trafficStat><date>2014-02-12</date><percentStateTraffic>0.0098318749</percentStateTraffic><percentNationalTraffic>0.0000249337</percentNationalTraffic></trafficStat><trafficStat><date>2014-02-16</date><percentStateTraffic>0.0069113277</percentStateTraffic><percentNationalTraffic>0.0000199117</percentNationalTraffic></trafficStat><trafficStat><date>2014-02-18</date><percentStateTraffic>0.0242208946</percentStateTraffic><percentNationalTraffic>0.0000625115</percentNationalTraffic></trafficStat><trafficStat><date>2014-02-19</date><percentStateTraffic>0.0240172925</percentStateTraffic><percentNationalTraffic>0.0000646747</percentNationalTraffic></trafficStat><trafficStat><date>2014-02-25</date><percentStateTraffic>0.0164541341</percentStateTraffic><percentNationalTraffic>0.0000425821</percentNationalTraffic></trafficStat><trafficStat><date>2014-03-22</date><percentStateTraffic>0.0088944232</percentStateTraffic><percentNationalTraffic>0.0000225610</percentNationalTraffic></trafficStat><trafficStat><date>2014-03-25</date><percentStateTraffic>0.0076190476</percentStateTraffic><percentNationalTraffic>0.0000197981</percentNationalTraffic></trafficStat><trafficStat><date>2014-03-27</date><percentStateTraffic>0.0082555932</percentStateTraffic><percentNationalTraffic>0.0000224721</percentNationalTraffic></trafficStat><trafficStat><date>2014-04-01</date><percentStateTraffic>0.0085711837</percentStateTraffic><percentNationalTraffic>0.0000225642</percentNationalTraffic></trafficStat><trafficStat><date>2014-04-03</date><percentStateTraffic>0.0082590023</percentStateTraffic><percentNationalTraffic>0.0000223632</percentNationalTraffic></trafficStat><trafficStat><date>2014-04-10</date><percentStateTraffic>0.0091937115</percentStateTraffic><percentNationalTraffic>0.0000251498</percentNationalTraffic></trafficStat><trafficStat><date>2014-04-14</date><percentStateTraffic>0.0072108451</percentStateTraffic><percentNationalTraffic>0.0000226883</percentNationalTraffic></trafficStat><trafficStat><date>2014-04-27</date><percentStateTraffic>0.0156617071</percentStateTraffic><percentNationalTraffic>0.0000470928</percentNationalTraffic></trafficStat><trafficStat><date>2014-04-30</date><percentStateTraffic>0.0074548979</percentStateTraffic><percentNationalTraffic>0.0000228278</percentNationalTraffic></trafficStat><trafficStat><date>2014-05-02</date><percentStateTraffic>0.0086512674</percentStateTraffic><percentNationalTraffic>0.0000259763</percentNationalTraffic></trafficStat><trafficStat><date>2014-05-05</date><percentStateTraffic>0.0068747422</percentStateTraffic><percentNationalTraffic>0.0000225971</percentNationalTraffic></trafficStat><trafficStat><date>2014-05-17</date><percentStateTraffic>0.0189232662</percentStateTraffic><percentNationalTraffic>0.0000562443</percentNationalTraffic></trafficStat><trafficStat><date>2014-05-21</date><percentStateTraffic>0.0086333420</percentStateTraffic><percentNationalTraffic>0.0000246155</percentNationalTraffic></trafficStat><trafficStat><date>2014-06-11</date><percentStateTraffic>0.0080762397</percentStateTraffic><percentNationalTraffic>0.0000234447</percentNationalTraffic></trafficStat><trafficStat><date>2014-06-20</date><percentStateTraffic>0.0089214024</percentStateTraffic><percentNationalTraffic>0.0000251091</percentNationalTraffic></trafficStat><trafficStat><date>2014-06-21</date><percentStateTraffic>0.0100030009</percentStateTraffic><percentNationalTraffic>0.0000279132</percentNationalTraffic></trafficStat><trafficStat><date>2014-06-22</date><percentStateTraffic>0.0183385292</percentStateTraffic><percentNationalTraffic>0.0000512757</percentNationalTraffic></trafficStat><trafficStat><date>2014-06-25</date><percentStateTraffic>0.0089814981</percentStateTraffic><percentNationalTraffic>0.0000248944</percentNationalTraffic></trafficStat><trafficStat><date>2014-06-29</date><percentStateTraffic>0.0094029149</percentStateTraffic><percentNationalTraffic>0.0000288410</percentNationalTraffic></trafficStat><trafficStat><date>2014-07-14</date><percentStateTraffic>0.0083521256</percentStateTraffic><percentNationalTraffic>0.0000250467</percentNationalTraffic></trafficStat><trafficStat><date>2014-07-17</date><percentStateTraffic>0.0293743268</percentStateTraffic><percentNationalTraffic>0.0000836849</percentNationalTraffic></trafficStat><trafficStat><date>2014-07-20</date><percentStateTraffic>0.0192474257</percentStateTraffic><percentNationalTraffic>0.0000540400</percentNationalTraffic></trafficStat><trafficStat><date>2014-07-24</date><percentStateTraffic>0.0092310533</percentStateTraffic><percentNationalTraffic>0.0000270972</percentNationalTraffic></trafficStat><trafficStat><date>2014-08-01</date><percentStateTraffic>0.0107921433</percentStateTraffic><percentNationalTraffic>0.0000294301</percentNationalTraffic></trafficStat><trafficStat><date>2014-08-21</date><percentStateTraffic>0.0107043460</percentStateTraffic><percentNationalTraffic>0.0000294503</percentNationalTraffic></trafficStat><trafficStat><date>2014-08-25</date><percentStateTraffic>0.0189825361</percentStateTraffic><percentNationalTraffic>0.0000571754</percentNationalTraffic></trafficStat><trafficStat><date>2014-08-26</date><percentStateTraffic>0.0109027475</percentStateTraffic><percentNationalTraffic>0.0000295486</percentNationalTraffic></trafficStat><trafficStat><date>2014-08-29</date><percentStateTraffic>0.0720893908</percentStateTraffic><percentNationalTraffic>0.0002035826</percentNationalTraffic></trafficStat><trafficStat><date>2014-09-01</date><percentStateTraffic>0.0120889749</percentStateTraffic><percentNationalTraffic>0.0000300120</percentNationalTraffic></trafficStat><trafficStat><date>2014-09-06</date><percentStateTraffic>0.0105685902</percentStateTraffic><percentNationalTraffic>0.0000316031</percentNationalTraffic></trafficStat><trafficStat><date>2014-09-07</date><percentStateTraffic>0.0301598472</percentStateTraffic><percentNationalTraffic>0.0000909509</percentNationalTraffic></trafficStat><trafficStat><date>2014-09-10</date><percentStateTraffic>0.0108038029</percentStateTraffic><percentNationalTraffic>0.0000309888</percentNationalTraffic></trafficStat><trafficStat><date>2014-09-22</date><percentStateTraffic>0.0092609743</percentStateTraffic><percentNationalTraffic>0.0000301108</percentNationalTraffic></trafficStat><trafficStat><date>2014-10-01</date><percentStateTraffic>0.0097904836</percentStateTraffic><percentNationalTraffic>0.0000317770</percentNationalTraffic></trafficStat><trafficStat><date>2014-10-08</date><percentStateTraffic>0.0554508151</percentStateTraffic><percentNationalTraffic>0.0001591924</percentNationalTraffic></trafficStat><trafficStat><date>2014-10-12</date><percentStateTraffic>0.0109950522</percentStateTraffic><percentNationalTraffic>0.0000346130</percentNationalTraffic></trafficStat><trafficStat><date>2014-10-13</date><percentStateTraffic>0.0099820323</percentStateTraffic><percentNationalTraffic>0.0000313962</percentNationalTraffic></trafficStat><trafficStat><date>2014-12-15</date><percentStateTraffic>0.0106963312</percentStateTraffic><percentNationalTraffic>0.0000383771</percentNationalTraffic></trafficStat><trafficStat><date>2014-12-16</date><percentStateTraffic>0.0116577291</percentStateTraffic><percentNationalTraffic>0.0000400455</percentNationalTraffic></trafficStat><trafficStat><date>2014-12-23</date><percentStateTraffic>0.0149499178</percentStateTraffic><percentNationalTraffic>0.0000478345</percentNationalTraffic></trafficStat><trafficStat><date>2014-12-29</date><percentStateTraffic>0.0239177230</percentStateTraffic><percentNationalTraffic>0.0000675353</percentNationalTraffic></trafficStat><trafficStat><date>2015-01-02</date><percentStateTraffic>0.0359496705</percentStateTraffic><percentNationalTraffic>0.0000981787</percentNationalTraffic></trafficStat><trafficStat><date>2015-01-11</date><percentStateTraffic>0.0463392030</percentStateTraffic><percentNationalTraffic>0.0001343851</percentNationalTraffic></trafficStat><trafficStat><date>2015-01-16</date><percentStateTraffic>0.0121876904</percentStateTraffic><percentNationalTraffic>0.0000327442</percentNationalTraffic></trafficStat><trafficStat><date>2015-01-27</date><percentStateTraffic>0.0108014690</percentStateTraffic><percentNationalTraffic>0.0000298186</percentNationalTraffic></trafficStat><trafficStat><date>2015-01-30</date><percentStateTraffic>0.0912200684</percentStateTraffic><percentNationalTraffic>0.0002259355</percentNationalTraffic></trafficStat><trafficStat><date>2015-02-08</date><percentStateTraffic>0.0225225225</percentStateTraffic><percentNationalTraffic>0.0000605387</percentNationalTraffic></trafficStat><trafficStat><date>2015-02-09</date><percentStateTraffic>0.0199900050</percentStateTraffic><percentNationalTraffic>0.0000580284</percentNationalTraffic></trafficStat><trafficStat><date>2015-02-14</date><percentStateTraffic>0.0147253718</percentStateTraffic><percentNationalTraffic>0.0000379453</percentNationalTraffic></trafficStat><trafficStat><date>2015-02-16</date><percentStateTraffic>0.0243397834</percentStateTraffic><percentNationalTraffic>0.0000620078</percentNationalTraffic></trafficStat><trafficStat><date>2015-03-01</date><percentStateTraffic>0.0103220479</percentStateTraffic><percentNationalTraffic>0.0000305665</percentNationalTraffic></trafficStat><trafficStat><date>2015-03-04</date><percentStateTraffic>0.0115821172</percentStateTraffic><percentNationalTraffic>0.0000308108</percentNationalTraffic></trafficStat><trafficStat><date>2015-04-04</date><percentStateTraffic>0.0127795527</percentStateTraffic><percentNationalTraffic>0.0000392238</percentNationalTraffic></trafficStat><trafficStat><date>2015-04-10</date><percentStateTraffic>0.0221043324</percentStateTraffic><percentNationalTraffic>0.0000663546</percentNationalTraffic></trafficStat><trafficStat><date>2015-05-10</date><percentStateTraffic>0.0148411992</percentStateTraffic><percentNationalTraffic>0.0000444825</percentNationalTraffic></trafficStat><trafficStat><date>2015-05-21</date><percentStateTraffic>0.0345105257</percentStateTraffic><percentNationalTraffic>0.0001089456</percentNationalTraffic></trafficStat><trafficStat><date>2015-06-15</date><percentStateTraffic>0.0117688596</percentStateTraffic><percentNationalTraffic>0.0000354140</percentNationalTraffic></trafficStat><trafficStat><date>2015-07-01</date><percentStateTraffic>0.0139450565</percentStateTraffic><percentNationalTraffic>0.0000391349</percentNationalTraffic></trafficStat><trafficStat><date>2015-07-25</date><percentStateTraffic>0.0163853842</percentStateTraffic><percentNationalTraffic>0.0000424178</percentNationalTraffic></trafficStat><trafficStat><date>2015-08-02</date><percentStateTraffic>0.0141904356</percentStateTraffic><percentNationalTraffic>0.0000404741</percentNationalTraffic></trafficStat><trafficStat><date>2015-08-07</date><percentStateTraffic>0.0289603244</percentStateTraffic><percentNationalTraffic>0.0000803456</percentNationalTraffic></trafficStat><trafficStat><date>2015-09-03</date><percentStateTraffic>0.0157678966</percentStateTraffic><percentNationalTraffic>0.0000395827</percentNationalTraffic></trafficStat><trafficStat><date>2015-09-07</date><percentStateTraffic>0.0178507676</percentStateTraffic><percentNationalTraffic>0.0000412588</percentNationalTraffic></trafficStat><trafficStat><date>2015-09-14</date><percentStateTraffic>0.0126486213</percentStateTraffic><percentNationalTraffic>0.0000389344</percentNationalTraffic></trafficStat><trafficStat><date>2015-10-05</date><percentStateTraffic>0.0138140627</percentStateTraffic><percentNationalTraffic>0.0000420195</percentNationalTraffic></trafficStat><trafficStat><date>2015-10-22</date><percentStateTraffic>0.0136276915</percentStateTraffic><percentNationalTraffic>0.0000424265</percentNationalTraffic></trafficStat><trafficStat><date>2015-11-12</date><percentStateTraffic>0.0275671950</percentStateTraffic><percentNationalTraffic>0.0000812666</percentNationalTraffic></trafficStat><trafficStat><date>2015-11-17</date><percentStateTraffic>0.0139508929</percentStateTraffic><percentNationalTraffic>0.0000416006</percentNationalTraffic></trafficStat><trafficStat><date>2015-11-19</date><percentStateTraffic>0.0252016129</percentStateTraffic><percentNationalTraffic>0.0000832358</percentNationalTraffic></trafficStat><trafficStat><date>2015-12-28</date><percentStateTraffic>0.0118835413</percentStateTraffic><percentNationalTraffic>0.0000338660</percentNationalTraffic></trafficStat><trafficStat><date>2016-01-03</date><percentStateTraffic>0.0139918847</percentStateTraffic><percentNationalTraffic>0.0000353798</percentNationalTraffic></trafficStat><trafficStat><date>2016-01-25</date><percentStateTraffic>0.0133636242</percentStateTraffic><percentNationalTraffic>0.0000304508</percentNationalTraffic></trafficStat><trafficStat><date>2016-01-31</date><percentStateTraffic>0.0126710593</percentStateTraffic><percentNationalTraffic>0.0000318100</percentNationalTraffic></trafficStat><trafficStat><date>2016-02-12</date><percentStateTraffic>0.0137854977</percentStateTraffic><percentNationalTraffic>0.0000343754</percentNationalTraffic></trafficStat><trafficStat><date>2016-02-16</date><percentStateTraffic>0.0132520541</percentStateTraffic><percentNationalTraffic>0.0000345282</percentNationalTraffic></trafficStat><trafficStat><date>2016-04-03</date><percentStateTraffic>0.0419507079</percentStateTraffic><percentNationalTraffic>0.0001229330</percentNationalTraffic></trafficStat><trafficStat><date>2016-04-17</date><percentStateTraffic>0.0127942682</percentStateTraffic><percentNationalTraffic>0.0000351944</percentNationalTraffic></trafficStat><trafficStat><date>2016-04-22</date><percentStateTraffic>0.0126103405</percentStateTraffic><percentNationalTraffic>0.0000338180</percentNationalTraffic></trafficStat><trafficStat><date>2016-05-06</date><percentStateTraffic>0.0126726651</percentStateTraffic><percentNationalTraffic>0.0000356538</percentNationalTraffic></trafficStat><trafficStat><date>2016-05-07</date><percentStateTraffic>0.0154202005</percentStateTraffic><percentNationalTraffic>0.0000420919</percentNationalTraffic></trafficStat><trafficStat><date>2016-06-02</date><percentStateTraffic>0.0124703828</percentStateTraffic><percentNationalTraffic>0.0000339759</percentNationalTraffic></trafficStat><trafficStat><date>2016-06-06</date><percentStateTraffic>0.0115500116</percentStateTraffic><percentNationalTraffic>0.0000330002</percentNationalTraffic></trafficStat><trafficStat><date>2016-06-20</date><percentStateTraffic>0.0115713955</percentStateTraffic><percentNationalTraffic>0.0000330183</percentNationalTraffic></trafficStat><trafficStat><date>2016-07-09</date><percentStateTraffic>0.0336530372</percentStateTraffic><percentNationalTraffic>0.0000843372</percentNationalTraffic></trafficStat><trafficStat><date>2016-07-27</date><percentStateTraffic>0.0145433392</percentStateTraffic><percentNationalTraffic>0.0000356605</percentNationalTraffic></trafficStat><trafficStat><date>2016-07-31</date><percentStateTraffic>0.0163425396</percentStateTraffic><percentNationalTraffic>0.0000397804</percentNationalTraffic></trafficStat><trafficStat><date>2016-08-07</date><percentStateTraffic>0.0343819838</percentStateTraffic><percentNationalTraffic>0.0000847471</percentNationalTraffic></trafficStat><trafficStat><date>2016-08-31</date><percentStateTraffic>0.0445169907</percentStateTraffic><percentNationalTraffic>0.0001076859</percentNationalTraffic></trafficStat></trafficStats><listingStats/></TruliaStats></response></TruliaWebServices>
