<?xml version="1.0"?>
<TruliaWebServices><request><Parameter><index>1</index><name>library</name><value>TruliaStats</value></Parameter><Parameter><index>2</index><name>function</name><value>getZipCodeStats</value></Parameter><Parameter><index>3</index><name>zipCode</name><value>20057</value></Parameter><Parameter><index>4</index><name>startDate</name><value>2001-01-01</value></Parameter><Parameter><index>5</index><name>endDate</name><value>2016-09-28</value></Parameter><Parameter><index>6</index><name>statType</name><value>all</value></Parameter><Parameter><index>7</index><name>apikey</name><value>p94v2fd3d88ybpanhayfynqe</value></Parameter><Parameter><index>8</index><name>source</name><value>Webservice</value></Parameter></request><response><TruliaStats><location><zipCode>20057</zipCode><state>DC</state><searchResultsURL>http://www.trulia.com/DC/Washington/20057/</searchResultsURL><heatMapURL>http://www.trulia.com/home_prices/District_Of_Columbia/District_of_Columbia_County-heat_map/</heatMapURL></location><trafficStats><trafficStat><date>2013-08-31</date><percentStateTraffic>0.0113843352</percentStateTraffic><percentNationalTraffic>0.0000272285</percentNationalTraffic></trafficStat><trafficStat><date>2013-09-02</date><percentStateTraffic>0.0096814793</percentStateTraffic><percentNationalTraffic>0.0000222190</percentNationalTraffic></trafficStat><trafficStat><date>2013-09-05</date><percentStateTraffic>0.0179147259</percentStateTraffic><percentNationalTraffic>0.0000503609</percentNationalTraffic></trafficStat><trafficStat><date>2013-09-08</date><percentStateTraffic>0.0081063554</percentStateTraffic><percentNationalTraffic>0.0000234543</percentNationalTraffic></trafficStat><trafficStat><date>2013-09-10</date><percentStateTraffic>0.0178571429</percentStateTraffic><percentNationalTraffic>0.0000503152</percentNationalTraffic></trafficStat><trafficStat><date>2013-09-12</date><percentStateTraffic>0.0878966336</percentStateTraffic><percentNationalTraffic>0.0002594863</percentNationalTraffic></trafficStat><trafficStat><date>2013-09-13</date><percentStateTraffic>0.0090892565</percentStateTraffic><percentNationalTraffic>0.0000275093</percentNationalTraffic></trafficStat><trafficStat><date>2013-09-15</date><percentStateTraffic>0.0073942621</percentStateTraffic><percentNationalTraffic>0.0000241091</percentNationalTraffic></trafficStat><trafficStat><date>2013-09-18</date><percentStateTraffic>0.0087183958</percentStateTraffic><percentNationalTraffic>0.0000261956</percentNationalTraffic></trafficStat><trafficStat><date>2013-09-19</date><percentStateTraffic>0.0092652645</percentStateTraffic><percentNationalTraffic>0.0000260878</percentNationalTraffic></trafficStat><trafficStat><date>2013-09-24</date><percentStateTraffic>0.0088401697</percentStateTraffic><percentNationalTraffic>0.0000252379</percentNationalTraffic></trafficStat><trafficStat><date>2013-09-28</date><percentStateTraffic>0.0100140196</percentStateTraffic><percentNationalTraffic>0.0000285244</percentNationalTraffic></trafficStat><trafficStat><date>2013-09-29</date><percentStateTraffic>0.0317007450</percentStateTraffic><percentNationalTraffic>0.0000943020</percentNationalTraffic></trafficStat><trafficStat><date>2013-10-06</date><percentStateTraffic>0.0079744817</percentStateTraffic><percentNationalTraffic>0.0000246285</percentNationalTraffic></trafficStat><trafficStat><date>2013-10-07</date><percentStateTraffic>0.0077954475</percentStateTraffic><percentNationalTraffic>0.0000241306</percentNationalTraffic></trafficStat><trafficStat><date>2013-10-08</date><percentStateTraffic>0.0085084659</percentStateTraffic><percentNationalTraffic>0.0000261480</percentNationalTraffic></trafficStat><trafficStat><date>2013-10-09</date><percentStateTraffic>0.1929692088</percentStateTraffic><percentNationalTraffic>0.0006127600</percentNationalTraffic></trafficStat><trafficStat><date>2013-10-11</date><percentStateTraffic>0.0093545370</percentStateTraffic><percentNationalTraffic>0.0000279244</percentNationalTraffic></trafficStat><trafficStat><date>2013-10-13</date><percentStateTraffic>0.0169937973</percentStateTraffic><percentNationalTraffic>0.0000507938</percentNationalTraffic></trafficStat><trafficStat><date>2013-10-15</date><percentStateTraffic>0.0085873766</percentStateTraffic><percentNationalTraffic>0.0000261362</percentNationalTraffic></trafficStat><trafficStat><date>2013-10-16</date><percentStateTraffic>0.0522921387</percentStateTraffic><percentNationalTraffic>0.0001601614</percentNationalTraffic></trafficStat><trafficStat><date>2013-10-18</date><percentStateTraffic>0.0090917356</percentStateTraffic><percentNationalTraffic>0.0000286916</percentNationalTraffic></trafficStat><trafficStat><date>2013-10-21</date><percentStateTraffic>0.0148203038</percentStateTraffic><percentNationalTraffic>0.0000489625</percentNationalTraffic></trafficStat><trafficStat><date>2013-10-24</date><percentStateTraffic>0.0091066387</percentStateTraffic><percentNationalTraffic>0.0000278847</percentNationalTraffic></trafficStat><trafficStat><date>2013-10-31</date><percentStateTraffic>0.0214201564</percentStateTraffic><percentNationalTraffic>0.0000615471</percentNationalTraffic></trafficStat><trafficStat><date>2013-11-05</date><percentStateTraffic>0.0081572722</percentStateTraffic><percentNationalTraffic>0.0000256808</percentNationalTraffic></trafficStat><trafficStat><date>2013-11-07</date><percentStateTraffic>0.0090440445</percentStateTraffic><percentNationalTraffic>0.0000275906</percentNationalTraffic></trafficStat><trafficStat><date>2013-11-15</date><percentStateTraffic>0.0653900047</percentStateTraffic><percentNationalTraffic>0.0002123172</percentNationalTraffic></trafficStat><trafficStat><date>2013-11-18</date><percentStateTraffic>0.0078715365</percentStateTraffic><percentNationalTraffic>0.0000265172</percentNationalTraffic></trafficStat><trafficStat><date>2013-11-19</date><percentStateTraffic>0.0182698456</percentStateTraffic><percentNationalTraffic>0.0000555555</percentNationalTraffic></trafficStat><trafficStat><date>2013-11-20</date><percentStateTraffic>0.0087024628</percentStateTraffic><percentNationalTraffic>0.0000274679</percentNationalTraffic></trafficStat><trafficStat><date>2013-11-23</date><percentStateTraffic>0.0285442436</percentStateTraffic><percentNationalTraffic>0.0000882866</percentNationalTraffic></trafficStat><trafficStat><date>2013-11-24</date><percentStateTraffic>0.0082569565</percentStateTraffic><percentNationalTraffic>0.0000271141</percentNationalTraffic></trafficStat><trafficStat><date>2013-11-27</date><percentStateTraffic>0.0250563768</percentStateTraffic><percentNationalTraffic>0.0000731046</percentNationalTraffic></trafficStat><trafficStat><date>2013-12-02</date><percentStateTraffic>0.0095165588</percentStateTraffic><percentNationalTraffic>0.0000298680</percentNationalTraffic></trafficStat><trafficStat><date>2013-12-05</date><percentStateTraffic>0.0080664677</percentStateTraffic><percentNationalTraffic>0.0000288037</percentNationalTraffic></trafficStat><trafficStat><date>2013-12-06</date><percentStateTraffic>0.0296706557</percentStateTraffic><percentNationalTraffic>0.0000929879</percentNationalTraffic></trafficStat><trafficStat><date>2013-12-07</date><percentStateTraffic>0.0101781170</percentStateTraffic><percentNationalTraffic>0.0000309253</percentNationalTraffic></trafficStat><trafficStat><date>2013-12-08</date><percentStateTraffic>0.0335570470</percentStateTraffic><percentNationalTraffic>0.0001129935</percentNationalTraffic></trafficStat><trafficStat><date>2013-12-09</date><percentStateTraffic>0.0084882438</percentStateTraffic><percentNationalTraffic>0.0000289660</percentNationalTraffic></trafficStat><trafficStat><date>2013-12-14</date><percentStateTraffic>0.0205212395</percentStateTraffic><percentNationalTraffic>0.0000669854</percentNationalTraffic></trafficStat><trafficStat><date>2013-12-20</date><percentStateTraffic>0.0125423304</percentStateTraffic><percentNationalTraffic>0.0000395468</percentNationalTraffic></trafficStat><trafficStat><date>2013-12-21</date><percentStateTraffic>0.0385356455</percentStateTraffic><percentNationalTraffic>0.0001137170</percentNationalTraffic></trafficStat><trafficStat><date>2013-12-25</date><percentStateTraffic>0.0534473544</percentStateTraffic><percentNationalTraffic>0.0001311086</percentNationalTraffic></trafficStat><trafficStat><date>2013-12-26</date><percentStateTraffic>0.0111000111</percentStateTraffic><percentNationalTraffic>0.0000289304</percentNationalTraffic></trafficStat><trafficStat><date>2013-12-27</date><percentStateTraffic>0.0105196718</percentStateTraffic><percentNationalTraffic>0.0000282002</percentNationalTraffic></trafficStat><trafficStat><date>2013-12-30</date><percentStateTraffic>0.0085287846</percentStateTraffic><percentNationalTraffic>0.0000251384</percentNationalTraffic></trafficStat><trafficStat><date>2014-01-07</date><percentStateTraffic>0.0085962348</percentStateTraffic><percentNationalTraffic>0.0000225950</percentNationalTraffic></trafficStat><trafficStat><date>2014-01-08</date><percentStateTraffic>0.0178332590</percentStateTraffic><percentNationalTraffic>0.0000463840</percentNationalTraffic></trafficStat><trafficStat><date>2014-01-10</date><percentStateTraffic>0.0166875261</percentStateTraffic><percentNationalTraffic>0.0000488206</percentNationalTraffic></trafficStat><trafficStat><date>2014-01-11</date><percentStateTraffic>0.0076911244</percentStateTraffic><percentNationalTraffic>0.0000222601</percentNationalTraffic></trafficStat><trafficStat><date>2014-01-12</date><percentStateTraffic>0.0079170295</percentStateTraffic><percentNationalTraffic>0.0000217963</percentNationalTraffic></trafficStat><trafficStat><date>2014-01-13</date><percentStateTraffic>0.0085829543</percentStateTraffic><percentNationalTraffic>0.0000223174</percentNationalTraffic></trafficStat><trafficStat><date>2014-01-14</date><percentStateTraffic>0.0084788876</percentStateTraffic><percentNationalTraffic>0.0000228089</percentNationalTraffic></trafficStat><trafficStat><date>2014-01-15</date><percentStateTraffic>0.0248364931</percentStateTraffic><percentNationalTraffic>0.0000702815</percentNationalTraffic></trafficStat><trafficStat><date>2014-01-19</date><percentStateTraffic>0.0156262208</percentStateTraffic><percentNationalTraffic>0.0000415808</percentNationalTraffic></trafficStat><trafficStat><date>2014-01-22</date><percentStateTraffic>0.0083056478</percentStateTraffic><percentNationalTraffic>0.0000222618</percentNationalTraffic></trafficStat><trafficStat><date>2014-01-23</date><percentStateTraffic>0.0186723929</percentStateTraffic><percentNationalTraffic>0.0000465791</percentNationalTraffic></trafficStat><trafficStat><date>2014-01-24</date><percentStateTraffic>0.0086184607</percentStateTraffic><percentNationalTraffic>0.0000239586</percentNationalTraffic></trafficStat><trafficStat><date>2014-01-28</date><percentStateTraffic>0.0079554495</percentStateTraffic><percentNationalTraffic>0.0000217380</percentNationalTraffic></trafficStat><trafficStat><date>2014-01-30</date><percentStateTraffic>0.0090293454</percentStateTraffic><percentNationalTraffic>0.0000243789</percentNationalTraffic></trafficStat><trafficStat><date>2014-01-31</date><percentStateTraffic>0.1209189843</percentStateTraffic><percentNationalTraffic>0.0003676820</percentNationalTraffic></trafficStat><trafficStat><date>2014-02-01</date><percentStateTraffic>0.0084309923</percentStateTraffic><percentNationalTraffic>0.0000237590</percentNationalTraffic></trafficStat><trafficStat><date>2014-02-06</date><percentStateTraffic>0.0133155792</percentStateTraffic><percentNationalTraffic>0.0000384683</percentNationalTraffic></trafficStat><trafficStat><date>2014-02-10</date><percentStateTraffic>0.0076464291</percentStateTraffic><percentNationalTraffic>0.0000221216</percentNationalTraffic></trafficStat><trafficStat><date>2014-02-12</date><percentStateTraffic>0.0098318749</percentStateTraffic><percentNationalTraffic>0.0000249337</percentNationalTraffic></trafficStat><trafficStat><date>2014-02-14</date><percentStateTraffic>0.0665399240</percentStateTraffic><percentNationalTraffic>0.0001973282</percentNationalTraffic></trafficStat><trafficStat><date>2014-02-16</date><percentStateTraffic>0.0207339830</percentStateTraffic><percentNationalTraffic>0.0000597352</percentNationalTraffic></trafficStat><trafficStat><date>2014-02-17</date><percentStateTraffic>0.0071505184</percentStateTraffic><percentNationalTraffic>0.0000200838</percentNationalTraffic></trafficStat><trafficStat><date>2014-02-18</date><percentStateTraffic>0.0242208946</percentStateTraffic><percentNationalTraffic>0.0000625115</percentNationalTraffic></trafficStat><trafficStat><date>2014-02-19</date><percentStateTraffic>0.0400288208</percentStateTraffic><percentNationalTraffic>0.0001077911</percentNationalTraffic></trafficStat><trafficStat><date>2014-02-21</date><percentStateTraffic>0.0080736315</percentStateTraffic><percentNationalTraffic>0.0000217915</percentNationalTraffic></trafficStat><trafficStat><date>2014-02-23</date><percentStateTraffic>0.0078027466</percentStateTraffic><percentNationalTraffic>0.0000200500</percentNationalTraffic></trafficStat><trafficStat><date>2014-02-25</date><percentStateTraffic>0.0658165364</percentStateTraffic><percentNationalTraffic>0.0001703284</percentNationalTraffic></trafficStat><trafficStat><date>2014-03-01</date><percentStateTraffic>0.0488559564</percentStateTraffic><percentNationalTraffic>0.0001322557</percentNationalTraffic></trafficStat><trafficStat><date>2014-03-02</date><percentStateTraffic>0.0148378960</percentStateTraffic><percentNationalTraffic>0.0000406572</percentNationalTraffic></trafficStat><trafficStat><date>2014-03-03</date><percentStateTraffic>0.0073475386</percentStateTraffic><percentNationalTraffic>0.0000202300</percentNationalTraffic></trafficStat><trafficStat><date>2014-03-05</date><percentStateTraffic>0.0243506494</percentStateTraffic><percentNationalTraffic>0.0000648554</percentNationalTraffic></trafficStat><trafficStat><date>2014-03-06</date><percentStateTraffic>0.0080025608</percentStateTraffic><percentNationalTraffic>0.0000217605</percentNationalTraffic></trafficStat><trafficStat><date>2014-03-07</date><percentStateTraffic>0.0084659668</percentStateTraffic><percentNationalTraffic>0.0000236855</percentNationalTraffic></trafficStat><trafficStat><date>2014-03-08</date><percentStateTraffic>0.0437024736</percentStateTraffic><percentNationalTraffic>0.0001158119</percentNationalTraffic></trafficStat><trafficStat><date>2014-03-11</date><percentStateTraffic>0.0245078017</percentStateTraffic><percentNationalTraffic>0.0000677952</percentNationalTraffic></trafficStat><trafficStat><date>2014-03-13</date><percentStateTraffic>0.0082596845</percentStateTraffic><percentNationalTraffic>0.0000224484</percentNationalTraffic></trafficStat><trafficStat><date>2014-03-14</date><percentStateTraffic>0.0091844232</percentStateTraffic><percentNationalTraffic>0.0000229763</percentNationalTraffic></trafficStat><trafficStat><date>2014-03-15</date><percentStateTraffic>0.0192159877</percentStateTraffic><percentNationalTraffic>0.0000516459</percentNationalTraffic></trafficStat><trafficStat><date>2014-03-17</date><percentStateTraffic>0.0934310766</percentStateTraffic><percentNationalTraffic>0.0002697531</percentNationalTraffic></trafficStat><trafficStat><date>2014-03-18</date><percentStateTraffic>0.0075374991</percentStateTraffic><percentNationalTraffic>0.0000212575</percentNationalTraffic></trafficStat><trafficStat><date>2014-03-19</date><percentStateTraffic>0.0080301935</percentStateTraffic><percentNationalTraffic>0.0000213989</percentNationalTraffic></trafficStat><trafficStat><date>2014-03-20</date><percentStateTraffic>0.0081759464</percentStateTraffic><percentNationalTraffic>0.0000224907</percentNationalTraffic></trafficStat><trafficStat><date>2014-03-21</date><percentStateTraffic>0.0253228665</percentStateTraffic><percentNationalTraffic>0.0000710899</percentNationalTraffic></trafficStat><trafficStat><date>2014-03-23</date><percentStateTraffic>0.0218086653</percentStateTraffic><percentNationalTraffic>0.0000590589</percentNationalTraffic></trafficStat><trafficStat><date>2014-03-24</date><percentStateTraffic>0.0214209211</percentStateTraffic><percentNationalTraffic>0.0000597955</percentNationalTraffic></trafficStat><trafficStat><date>2014-03-25</date><percentStateTraffic>0.0228571429</percentStateTraffic><percentNationalTraffic>0.0000593944</percentNationalTraffic></trafficStat><trafficStat><date>2014-03-26</date><percentStateTraffic>0.0412984224</percentStateTraffic><percentNationalTraffic>0.0000965097</percentNationalTraffic></trafficStat><trafficStat><date>2014-03-27</date><percentStateTraffic>0.0165111863</percentStateTraffic><percentNationalTraffic>0.0000449441</percentNationalTraffic></trafficStat><trafficStat><date>2014-03-28</date><percentStateTraffic>0.0171880371</percentStateTraffic><percentNationalTraffic>0.0000478622</percentNationalTraffic></trafficStat><trafficStat><date>2014-03-30</date><percentStateTraffic>0.0067930168</percentStateTraffic><percentNationalTraffic>0.0000209113</percentNationalTraffic></trafficStat><trafficStat><date>2014-03-31</date><percentStateTraffic>0.0253036437</percentStateTraffic><percentNationalTraffic>0.0000652063</percentNationalTraffic></trafficStat><trafficStat><date>2014-04-02</date><percentStateTraffic>0.0080160321</percentStateTraffic><percentNationalTraffic>0.0000221591</percentNationalTraffic></trafficStat><trafficStat><date>2014-04-03</date><percentStateTraffic>0.0082590023</percentStateTraffic><percentNationalTraffic>0.0000223632</percentNationalTraffic></trafficStat><trafficStat><date>2014-04-04</date><percentStateTraffic>0.0246954231</percentStateTraffic><percentNationalTraffic>0.0000693602</percentNationalTraffic></trafficStat><trafficStat><date>2014-04-05</date><percentStateTraffic>0.0236443884</percentStateTraffic><percentNationalTraffic>0.0000680030</percentNationalTraffic></trafficStat><trafficStat><date>2014-04-06</date><percentStateTraffic>0.0072009793</percentStateTraffic><percentNationalTraffic>0.0000213176</percentNationalTraffic></trafficStat><trafficStat><date>2014-04-07</date><percentStateTraffic>0.0329402464</percentStateTraffic><percentNationalTraffic>0.0001000797</percentNationalTraffic></trafficStat><trafficStat><date>2014-04-08</date><percentStateTraffic>0.0422012154</percentStateTraffic><percentNationalTraffic>0.0001109852</percentNationalTraffic></trafficStat><trafficStat><date>2014-04-09</date><percentStateTraffic>0.0168194433</percentStateTraffic><percentNationalTraffic>0.0000470323</percentNationalTraffic></trafficStat><trafficStat><date>2014-04-10</date><percentStateTraffic>0.0275811345</percentStateTraffic><percentNationalTraffic>0.0000754494</percentNationalTraffic></trafficStat><trafficStat><date>2014-04-12</date><percentStateTraffic>0.0104058273</percentStateTraffic><percentNationalTraffic>0.0000271616</percentNationalTraffic></trafficStat><trafficStat><date>2014-04-14</date><percentStateTraffic>0.0072108451</percentStateTraffic><percentNationalTraffic>0.0000226883</percentNationalTraffic></trafficStat><trafficStat><date>2014-04-15</date><percentStateTraffic>0.0074393691</percentStateTraffic><percentNationalTraffic>0.0000225293</percentNationalTraffic></trafficStat><trafficStat><date>2014-04-17</date><percentStateTraffic>0.0086266391</percentStateTraffic><percentNationalTraffic>0.0000256300</percentNationalTraffic></trafficStat><trafficStat><date>2014-04-18</date><percentStateTraffic>0.0649245252</percentStateTraffic><percentNationalTraffic>0.0002082484</percentNationalTraffic></trafficStat><trafficStat><date>2014-04-20</date><percentStateTraffic>0.0173085244</percentStateTraffic><percentNationalTraffic>0.0000524419</percentNationalTraffic></trafficStat><trafficStat><date>2014-04-21</date><percentStateTraffic>0.0211954218</percentStateTraffic><percentNationalTraffic>0.0000634425</percentNationalTraffic></trafficStat><trafficStat><date>2014-04-22</date><percentStateTraffic>0.0229621125</percentStateTraffic><percentNationalTraffic>0.0000657348</percentNationalTraffic></trafficStat><trafficStat><date>2014-04-25</date><percentStateTraffic>0.0161969550</percentStateTraffic><percentNationalTraffic>0.0000508409</percentNationalTraffic></trafficStat><trafficStat><date>2014-04-26</date><percentStateTraffic>0.0287935502</percentStateTraffic><percentNationalTraffic>0.0000789332</percentNationalTraffic></trafficStat><trafficStat><date>2014-04-27</date><percentStateTraffic>0.0234925607</percentStateTraffic><percentNationalTraffic>0.0000706392</percentNationalTraffic></trafficStat><trafficStat><date>2014-04-28</date><percentStateTraffic>0.0486448923</percentStateTraffic><percentNationalTraffic>0.0001553256</percentNationalTraffic></trafficStat><trafficStat><date>2014-04-29</date><percentStateTraffic>0.0168990283</percentStateTraffic><percentNationalTraffic>0.0000493240</percentNationalTraffic></trafficStat><trafficStat><date>2014-04-30</date><percentStateTraffic>0.0372744893</percentStateTraffic><percentNationalTraffic>0.0001141391</percentNationalTraffic></trafficStat><trafficStat><date>2014-05-03</date><percentStateTraffic>0.0088035919</percentStateTraffic><percentNationalTraffic>0.0000273996</percentNationalTraffic></trafficStat><trafficStat><date>2014-05-04</date><percentStateTraffic>0.0081175420</percentStateTraffic><percentNationalTraffic>0.0000237700</percentNationalTraffic></trafficStat><trafficStat><date>2014-05-05</date><percentStateTraffic>0.0412484532</percentStateTraffic><percentNationalTraffic>0.0001355829</percentNationalTraffic></trafficStat><trafficStat><date>2014-05-06</date><percentStateTraffic>0.0076781327</percentStateTraffic><percentNationalTraffic>0.0000238927</percentNationalTraffic></trafficStat><trafficStat><date>2014-05-07</date><percentStateTraffic>0.1020648504</percentStateTraffic><percentNationalTraffic>0.0003159682</percentNationalTraffic></trafficStat><trafficStat><date>2014-05-11</date><percentStateTraffic>0.0479018969</percentStateTraffic><percentNationalTraffic>0.0001471434</percentNationalTraffic></trafficStat><trafficStat><date>2014-05-13</date><percentStateTraffic>0.0262352427</percentStateTraffic><percentNationalTraffic>0.0000725551</percentNationalTraffic></trafficStat><trafficStat><date>2014-05-14</date><percentStateTraffic>0.0164880462</percentStateTraffic><percentNationalTraffic>0.0000481246</percentNationalTraffic></trafficStat><trafficStat><date>2014-05-15</date><percentStateTraffic>0.0088269044</percentStateTraffic><percentNationalTraffic>0.0000246695</percentNationalTraffic></trafficStat><trafficStat><date>2014-05-16</date><percentStateTraffic>0.0244977952</percentStateTraffic><percentNationalTraffic>0.0000772169</percentNationalTraffic></trafficStat><trafficStat><date>2014-05-17</date><percentStateTraffic>0.1135395969</percentStateTraffic><percentNationalTraffic>0.0003374657</percentNationalTraffic></trafficStat><trafficStat><date>2014-05-18</date><percentStateTraffic>0.0172369215</percentStateTraffic><percentNationalTraffic>0.0000505152</percentNationalTraffic></trafficStat><trafficStat><date>2014-05-19</date><percentStateTraffic>0.0734633907</percentStateTraffic><percentNationalTraffic>0.0002105903</percentNationalTraffic></trafficStat><trafficStat><date>2014-05-20</date><percentStateTraffic>0.0259448240</percentStateTraffic><percentNationalTraffic>0.0000727326</percentNationalTraffic></trafficStat><trafficStat><date>2014-05-21</date><percentStateTraffic>0.0345333679</percentStateTraffic><percentNationalTraffic>0.0000984621</percentNationalTraffic></trafficStat><trafficStat><date>2014-05-22</date><percentStateTraffic>0.0092106475</percentStateTraffic><percentNationalTraffic>0.0000256354</percentNationalTraffic></trafficStat><trafficStat><date>2014-05-23</date><percentStateTraffic>0.0524163958</percentStateTraffic><percentNationalTraffic>0.0001358028</percentNationalTraffic></trafficStat><trafficStat><date>2014-05-25</date><percentStateTraffic>0.0106643916</percentStateTraffic><percentNationalTraffic>0.0000277205</percentNationalTraffic></trafficStat><trafficStat><date>2014-05-26</date><percentStateTraffic>0.0515304545</percentStateTraffic><percentNationalTraffic>0.0001313251</percentNationalTraffic></trafficStat><trafficStat><date>2014-05-27</date><percentStateTraffic>0.0078308536</percentStateTraffic><percentNationalTraffic>0.0000224761</percentNationalTraffic></trafficStat><trafficStat><date>2014-05-28</date><percentStateTraffic>0.0263574064</percentStateTraffic><percentNationalTraffic>0.0000707187</percentNationalTraffic></trafficStat><trafficStat><date>2014-05-29</date><percentStateTraffic>0.0085918034</percentStateTraffic><percentNationalTraffic>0.0000240484</percentNationalTraffic></trafficStat><trafficStat><date>2014-05-30</date><percentStateTraffic>0.0165261940</percentStateTraffic><percentNationalTraffic>0.0000511406</percentNationalTraffic></trafficStat><trafficStat><date>2014-06-01</date><percentStateTraffic>0.0169262018</percentStateTraffic><percentNationalTraffic>0.0000494242</percentNationalTraffic></trafficStat><trafficStat><date>2014-06-02</date><percentStateTraffic>0.0608087565</percentStateTraffic><percentNationalTraffic>0.0001792543</percentNationalTraffic></trafficStat><trafficStat><date>2014-06-03</date><percentStateTraffic>0.0163692912</percentStateTraffic><percentNationalTraffic>0.0000471246</percentNationalTraffic></trafficStat><trafficStat><date>2014-06-04</date><percentStateTraffic>0.0234210321</percentStateTraffic><percentNationalTraffic>0.0000697445</percentNationalTraffic></trafficStat><trafficStat><date>2014-06-05</date><percentStateTraffic>0.0084911268</percentStateTraffic><percentNationalTraffic>0.0000239343</percentNationalTraffic></trafficStat><trafficStat><date>2014-06-06</date><percentStateTraffic>0.0090587916</percentStateTraffic><percentNationalTraffic>0.0000263545</percentNationalTraffic></trafficStat><trafficStat><date>2014-06-07</date><percentStateTraffic>0.0592124741</percentStateTraffic><percentNationalTraffic>0.0001697736</percentNationalTraffic></trafficStat><trafficStat><date>2014-06-08</date><percentStateTraffic>0.0083180835</percentStateTraffic><percentNationalTraffic>0.0000247656</percentNationalTraffic></trafficStat><trafficStat><date>2014-06-09</date><percentStateTraffic>0.0308190153</percentStateTraffic><percentNationalTraffic>0.0000898013</percentNationalTraffic></trafficStat><trafficStat><date>2014-06-10</date><percentStateTraffic>0.0257665550</percentStateTraffic><percentNationalTraffic>0.0000708097</percentNationalTraffic></trafficStat><trafficStat><date>2014-06-11</date><percentStateTraffic>0.0161524794</percentStateTraffic><percentNationalTraffic>0.0000468894</percentNationalTraffic></trafficStat><trafficStat><date>2014-06-12</date><percentStateTraffic>0.0455539359</percentStateTraffic><percentNationalTraffic>0.0001249898</percentNationalTraffic></trafficStat><trafficStat><date>2014-06-13</date><percentStateTraffic>0.0188572506</percentStateTraffic><percentNationalTraffic>0.0000528169</percentNationalTraffic></trafficStat><trafficStat><date>2014-06-15</date><percentStateTraffic>0.0087282884</percentStateTraffic><percentNationalTraffic>0.0000288939</percentNationalTraffic></trafficStat><trafficStat><date>2014-06-17</date><percentStateTraffic>0.0173716668</percentStateTraffic><percentNationalTraffic>0.0000461335</percentNationalTraffic></trafficStat><trafficStat><date>2014-06-18</date><percentStateTraffic>0.0265792505</percentStateTraffic><percentNationalTraffic>0.0000646377</percentNationalTraffic></trafficStat><trafficStat><date>2014-06-19</date><percentStateTraffic>0.0247015233</percentStateTraffic><percentNationalTraffic>0.0000674222</percentNationalTraffic></trafficStat><trafficStat><date>2014-06-20</date><percentStateTraffic>0.0178428049</percentStateTraffic><percentNationalTraffic>0.0000502181</percentNationalTraffic></trafficStat><trafficStat><date>2014-06-21</date><percentStateTraffic>0.0300090027</percentStateTraffic><percentNationalTraffic>0.0000837395</percentNationalTraffic></trafficStat><trafficStat><date>2014-06-24</date><percentStateTraffic>0.0322190898</percentStateTraffic><percentNationalTraffic>0.0000952812</percentNationalTraffic></trafficStat><trafficStat><date>2014-06-29</date><percentStateTraffic>0.0094029149</percentStateTraffic><percentNationalTraffic>0.0000288410</percentNationalTraffic></trafficStat><trafficStat><date>2014-06-30</date><percentStateTraffic>0.0329272308</percentStateTraffic><percentNationalTraffic>0.0001051549</percentNationalTraffic></trafficStat><trafficStat><date>2014-07-02</date><percentStateTraffic>0.0281690141</percentStateTraffic><percentNationalTraffic>0.0000840852</percentNationalTraffic></trafficStat><trafficStat><date>2014-07-04</date><percentStateTraffic>0.0454545455</percentStateTraffic><percentNationalTraffic>0.0001121324</percentNationalTraffic></trafficStat><trafficStat><date>2014-07-06</date><percentStateTraffic>0.0431965443</percentStateTraffic><percentNationalTraffic>0.0001138489</percentNationalTraffic></trafficStat><trafficStat><date>2014-07-07</date><percentStateTraffic>0.0661430343</percentStateTraffic><percentNationalTraffic>0.0001999863</percentNationalTraffic></trafficStat><trafficStat><date>2014-07-08</date><percentStateTraffic>0.0181537624</percentStateTraffic><percentNationalTraffic>0.0000526118</percentNationalTraffic></trafficStat><trafficStat><date>2014-07-10</date><percentStateTraffic>0.0096432015</percentStateTraffic><percentNationalTraffic>0.0000278104</percentNationalTraffic></trafficStat><trafficStat><date>2014-07-16</date><percentStateTraffic>0.0571537436</percentStateTraffic><percentNationalTraffic>0.0001595783</percentNationalTraffic></trafficStat><trafficStat><date>2014-07-18</date><percentStateTraffic>0.0094144229</percentStateTraffic><percentNationalTraffic>0.0000287818</percentNationalTraffic></trafficStat><trafficStat><date>2014-07-19</date><percentStateTraffic>0.0104144970</percentStateTraffic><percentNationalTraffic>0.0000292773</percentNationalTraffic></trafficStat><trafficStat><date>2014-07-21</date><percentStateTraffic>0.0494152528</percentStateTraffic><percentNationalTraffic>0.0001487453</percentNationalTraffic></trafficStat><trafficStat><date>2014-07-22</date><percentStateTraffic>0.0183183733</percentStateTraffic><percentNationalTraffic>0.0000508991</percentNationalTraffic></trafficStat><trafficStat><date>2014-07-23</date><percentStateTraffic>0.0088628911</percentStateTraffic><percentNationalTraffic>0.0000257893</percentNationalTraffic></trafficStat><trafficStat><date>2014-07-24</date><percentStateTraffic>0.0369242131</percentStateTraffic><percentNationalTraffic>0.0001083889</percentNationalTraffic></trafficStat><trafficStat><date>2014-07-25</date><percentStateTraffic>0.0507820435</percentStateTraffic><percentNationalTraffic>0.0001415903</percentNationalTraffic></trafficStat><trafficStat><date>2014-07-27</date><percentStateTraffic>0.0175254118</percentStateTraffic><percentNationalTraffic>0.0000523934</percentNationalTraffic></trafficStat><trafficStat><date>2014-07-28</date><percentStateTraffic>0.0248262165</percentStateTraffic><percentNationalTraffic>0.0000702378</percentNationalTraffic></trafficStat><trafficStat><date>2014-07-29</date><percentStateTraffic>0.0184552921</percentStateTraffic><percentNationalTraffic>0.0000513688</percentNationalTraffic></trafficStat><trafficStat><date>2014-07-30</date><percentStateTraffic>0.0186428039</percentStateTraffic><percentNationalTraffic>0.0000538947</percentNationalTraffic></trafficStat><trafficStat><date>2014-07-31</date><percentStateTraffic>0.0094768764</percentStateTraffic><percentNationalTraffic>0.0000269457</percentNationalTraffic></trafficStat><trafficStat><date>2014-08-01</date><percentStateTraffic>0.0107921433</percentStateTraffic><percentNationalTraffic>0.0000294301</percentNationalTraffic></trafficStat><trafficStat><date>2014-08-05</date><percentStateTraffic>0.0189340150</percentStateTraffic><percentNationalTraffic>0.0000530056</percentNationalTraffic></trafficStat><trafficStat><date>2014-08-06</date><percentStateTraffic>0.0104112441</percentStateTraffic><percentNationalTraffic>0.0000271522</percentNationalTraffic></trafficStat><trafficStat><date>2014-08-09</date><percentStateTraffic>0.0239549647</percentStateTraffic><percentNationalTraffic>0.0000616264</percentNationalTraffic></trafficStat><trafficStat><date>2014-08-10</date><percentStateTraffic>0.0220337116</percentStateTraffic><percentNationalTraffic>0.0000561979</percentNationalTraffic></trafficStat><trafficStat><date>2014-08-11</date><percentStateTraffic>0.0286560321</percentStateTraffic><percentNationalTraffic>0.0000770876</percentNationalTraffic></trafficStat><trafficStat><date>2014-08-17</date><percentStateTraffic>0.0193685842</percentStateTraffic><percentNationalTraffic>0.0000546045</percentNationalTraffic></trafficStat><trafficStat><date>2014-08-19</date><percentStateTraffic>0.0096441315</percentStateTraffic><percentNationalTraffic>0.0000275361</percentNationalTraffic></trafficStat><trafficStat><date>2014-08-21</date><percentStateTraffic>0.0856347677</percentStateTraffic><percentNationalTraffic>0.0002356023</percentNationalTraffic></trafficStat><trafficStat><date>2014-08-24</date><percentStateTraffic>0.0769822941</percentStateTraffic><percentNationalTraffic>0.0002086894</percentNationalTraffic></trafficStat><trafficStat><date>2014-08-25</date><percentStateTraffic>0.0474563402</percentStateTraffic><percentNationalTraffic>0.0001429385</percentNationalTraffic></trafficStat><trafficStat><date>2014-08-26</date><percentStateTraffic>0.0218054950</percentStateTraffic><percentNationalTraffic>0.0000590971</percentNationalTraffic></trafficStat><trafficStat><date>2014-08-27</date><percentStateTraffic>0.0103993344</percentStateTraffic><percentNationalTraffic>0.0000298494</percentNationalTraffic></trafficStat><trafficStat><date>2014-08-28</date><percentStateTraffic>0.0357824427</percentStateTraffic><percentNationalTraffic>0.0000991113</percentNationalTraffic></trafficStat><trafficStat><date>2014-08-31</date><percentStateTraffic>0.0126103405</percentStateTraffic><percentNationalTraffic>0.0000314091</percentNationalTraffic></trafficStat><trafficStat><date>2014-09-01</date><percentStateTraffic>0.0362669246</percentStateTraffic><percentNationalTraffic>0.0000900359</percentNationalTraffic></trafficStat><trafficStat><date>2014-09-03</date><percentStateTraffic>0.0316622691</percentStateTraffic><percentNationalTraffic>0.0000919170</percentNationalTraffic></trafficStat><trafficStat><date>2014-09-04</date><percentStateTraffic>0.0106917567</percentStateTraffic><percentNationalTraffic>0.0000304667</percentNationalTraffic></trafficStat><trafficStat><date>2014-09-07</date><percentStateTraffic>0.0301598472</percentStateTraffic><percentNationalTraffic>0.0000909509</percentNationalTraffic></trafficStat><trafficStat><date>2014-09-08</date><percentStateTraffic>0.0404653515</percentStateTraffic><percentNationalTraffic>0.0001196392</percentNationalTraffic></trafficStat><trafficStat><date>2014-09-12</date><percentStateTraffic>0.0116252034</percentStateTraffic><percentNationalTraffic>0.0000338990</percentNationalTraffic></trafficStat><trafficStat><date>2014-09-14</date><percentStateTraffic>0.0102901832</percentStateTraffic><percentNationalTraffic>0.0000322532</percentNationalTraffic></trafficStat><trafficStat><date>2014-09-16</date><percentStateTraffic>0.0475285171</percentStateTraffic><percentNationalTraffic>0.0001545142</percentNationalTraffic></trafficStat><trafficStat><date>2014-09-17</date><percentStateTraffic>0.0195140989</percentStateTraffic><percentNationalTraffic>0.0000614979</percentNationalTraffic></trafficStat><trafficStat><date>2014-09-18</date><percentStateTraffic>0.0226321150</percentStateTraffic><percentNationalTraffic>0.0000640409</percentNationalTraffic></trafficStat><trafficStat><date>2014-09-19</date><percentStateTraffic>0.0108014690</percentStateTraffic><percentNationalTraffic>0.0000343508</percentNationalTraffic></trafficStat><trafficStat><date>2014-09-23</date><percentStateTraffic>0.0110485029</percentStateTraffic><percentNationalTraffic>0.0000315424</percentNationalTraffic></trafficStat><trafficStat><date>2014-09-27</date><percentStateTraffic>0.0116904372</percentStateTraffic><percentNationalTraffic>0.0000360603</percentNationalTraffic></trafficStat><trafficStat><date>2014-09-28</date><percentStateTraffic>0.0105685902</percentStateTraffic><percentNationalTraffic>0.0000326134</percentNationalTraffic></trafficStat><trafficStat><date>2014-09-30</date><percentStateTraffic>0.0527871622</percentStateTraffic><percentNationalTraffic>0.0001592193</percentNationalTraffic></trafficStat><trafficStat><date>2014-10-03</date><percentStateTraffic>0.0111894372</percentStateTraffic><percentNationalTraffic>0.0000350436</percentNationalTraffic></trafficStat><trafficStat><date>2014-10-04</date><percentStateTraffic>0.0124828361</percentStateTraffic><percentNationalTraffic>0.0000375195</percentNationalTraffic></trafficStat><trafficStat><date>2014-10-06</date><percentStateTraffic>0.0089581654</percentStateTraffic><percentNationalTraffic>0.0000301283</percentNationalTraffic></trafficStat><trafficStat><date>2014-10-07</date><percentStateTraffic>0.0102543068</percentStateTraffic><percentNationalTraffic>0.0000305122</percentNationalTraffic></trafficStat><trafficStat><date>2014-10-08</date><percentStateTraffic>0.0221803261</percentStateTraffic><percentNationalTraffic>0.0000636769</percentNationalTraffic></trafficStat><trafficStat><date>2014-10-09</date><percentStateTraffic>0.0338829907</percentStateTraffic><percentNationalTraffic>0.0000996224</percentNationalTraffic></trafficStat><trafficStat><date>2014-10-10</date><percentStateTraffic>0.0105674733</percentStateTraffic><percentNationalTraffic>0.0000348383</percentNationalTraffic></trafficStat><trafficStat><date>2014-10-12</date><percentStateTraffic>0.0659703134</percentStateTraffic><percentNationalTraffic>0.0002076780</percentNationalTraffic></trafficStat><trafficStat><date>2014-10-13</date><percentStateTraffic>0.0299460970</percentStateTraffic><percentNationalTraffic>0.0000941885</percentNationalTraffic></trafficStat><trafficStat><date>2014-10-14</date><percentStateTraffic>0.1144055677</percentStateTraffic><percentNationalTraffic>0.0003962273</percentNationalTraffic></trafficStat><trafficStat><date>2014-10-15</date><percentStateTraffic>0.0426530177</percentStateTraffic><percentNationalTraffic>0.0001295773</percentNationalTraffic></trafficStat><trafficStat><date>2014-10-16</date><percentStateTraffic>0.0115955473</percentStateTraffic><percentNationalTraffic>0.0000351677</percentNationalTraffic></trafficStat><trafficStat><date>2014-10-17</date><percentStateTraffic>0.0733406674</percentStateTraffic><percentNationalTraffic>0.0002250383</percentNationalTraffic></trafficStat><trafficStat><date>2014-10-18</date><percentStateTraffic>0.0125219133</percentStateTraffic><percentNationalTraffic>0.0000394364</percentNationalTraffic></trafficStat><trafficStat><date>2014-10-19</date><percentStateTraffic>0.0104058273</percentStateTraffic><percentNationalTraffic>0.0000361181</percentNationalTraffic></trafficStat><trafficStat><date>2014-10-21</date><percentStateTraffic>0.0319148936</percentStateTraffic><percentNationalTraffic>0.0001010173</percentNationalTraffic></trafficStat><trafficStat><date>2014-10-22</date><percentStateTraffic>0.0215889465</percentStateTraffic><percentNationalTraffic>0.0000689288</percentNationalTraffic></trafficStat><trafficStat><date>2014-10-24</date><percentStateTraffic>0.0215354797</percentStateTraffic><percentNationalTraffic>0.0000735359</percentNationalTraffic></trafficStat><trafficStat><date>2014-10-26</date><percentStateTraffic>0.0107009096</percentStateTraffic><percentNationalTraffic>0.0000376122</percentNationalTraffic></trafficStat><trafficStat><date>2014-10-27</date><percentStateTraffic>0.0094732853</percentStateTraffic><percentNationalTraffic>0.0000326664</percentNationalTraffic></trafficStat><trafficStat><date>2014-10-29</date><percentStateTraffic>0.0330069315</percentStateTraffic><percentNationalTraffic>0.0001040904</percentNationalTraffic></trafficStat><trafficStat><date>2014-10-31</date><percentStateTraffic>0.0127080951</percentStateTraffic><percentNationalTraffic>0.0000427996</percentNationalTraffic></trafficStat><trafficStat><date>2014-11-02</date><percentStateTraffic>0.0222444667</percentStateTraffic><percentNationalTraffic>0.0000695192</percentNationalTraffic></trafficStat><trafficStat><date>2014-11-04</date><percentStateTraffic>0.0218579235</percentStateTraffic><percentNationalTraffic>0.0000710558</percentNationalTraffic></trafficStat><trafficStat><date>2014-11-05</date><percentStateTraffic>0.0425215265</percentStateTraffic><percentNationalTraffic>0.0001395799</percentNationalTraffic></trafficStat><trafficStat><date>2014-11-06</date><percentStateTraffic>0.0115273775</percentStateTraffic><percentNationalTraffic>0.0000354701</percentNationalTraffic></trafficStat><trafficStat><date>2014-11-07</date><percentStateTraffic>0.0109601052</percentStateTraffic><percentNationalTraffic>0.0000377191</percentNationalTraffic></trafficStat><trafficStat><date>2014-11-08</date><percentStateTraffic>0.0122518990</percentStateTraffic><percentNationalTraffic>0.0000398235</percentNationalTraffic></trafficStat><trafficStat><date>2014-11-09</date><percentStateTraffic>0.0113700966</percentStateTraffic><percentNationalTraffic>0.0000367295</percentNationalTraffic></trafficStat><trafficStat><date>2014-11-11</date><percentStateTraffic>0.0258698745</percentStateTraffic><percentNationalTraffic>0.0000742561</percentNationalTraffic></trafficStat><trafficStat><date>2014-11-14</date><percentStateTraffic>0.0364741641</percentStateTraffic><percentNationalTraffic>0.0001222307</percentNationalTraffic></trafficStat><trafficStat><date>2014-11-17</date><percentStateTraffic>0.1754963255</percentStateTraffic><percentNationalTraffic>0.0005884815</percentNationalTraffic></trafficStat><trafficStat><date>2014-11-18</date><percentStateTraffic>0.0386548125</percentStateTraffic><percentNationalTraffic>0.0001178635</percentNationalTraffic></trafficStat><trafficStat><date>2014-11-21</date><percentStateTraffic>0.0125928724</percentStateTraffic><percentNationalTraffic>0.0000424587</percentNationalTraffic></trafficStat><trafficStat><date>2014-11-22</date><percentStateTraffic>0.0129718511</percentStateTraffic><percentNationalTraffic>0.0000448421</percentNationalTraffic></trafficStat><trafficStat><date>2014-11-23</date><percentStateTraffic>0.0246153846</percentStateTraffic><percentNationalTraffic>0.0000857038</percentNationalTraffic></trafficStat><trafficStat><date>2014-11-24</date><percentStateTraffic>0.0246244767</percentStateTraffic><percentNationalTraffic>0.0000821230</percentNationalTraffic></trafficStat><trafficStat><date>2014-11-25</date><percentStateTraffic>0.0133529176</percentStateTraffic><percentNationalTraffic>0.0000453630</percentNationalTraffic></trafficStat><trafficStat><date>2014-11-26</date><percentStateTraffic>0.0143184422</percentStateTraffic><percentNationalTraffic>0.0000489971</percentNationalTraffic></trafficStat><trafficStat><date>2014-11-27</date><percentStateTraffic>0.0435729847</percentStateTraffic><percentNationalTraffic>0.0001418258</percentNationalTraffic></trafficStat><trafficStat><date>2014-11-30</date><percentStateTraffic>0.0128567755</percentStateTraffic><percentNationalTraffic>0.0000422925</percentNationalTraffic></trafficStat><trafficStat><date>2014-12-03</date><percentStateTraffic>0.0258598397</percentStateTraffic><percentNationalTraffic>0.0000773184</percentNationalTraffic></trafficStat><trafficStat><date>2014-12-05</date><percentStateTraffic>0.0261917234</percentStateTraffic><percentNationalTraffic>0.0000832050</percentNationalTraffic></trafficStat><trafficStat><date>2014-12-07</date><percentStateTraffic>0.0120583625</percentStateTraffic><percentNationalTraffic>0.0000423212</percentNationalTraffic></trafficStat><trafficStat><date>2014-12-08</date><percentStateTraffic>0.0120525491</percentStateTraffic><percentNationalTraffic>0.0000380035</percentNationalTraffic></trafficStat><trafficStat><date>2014-12-09</date><percentStateTraffic>0.0253324889</percentStateTraffic><percentNationalTraffic>0.0000787514</percentNationalTraffic></trafficStat><trafficStat><date>2014-12-10</date><percentStateTraffic>0.0729749453</percentStateTraffic><percentNationalTraffic>0.0002378515</percentNationalTraffic></trafficStat><trafficStat><date>2014-12-11</date><percentStateTraffic>0.0123152709</percentStateTraffic><percentNationalTraffic>0.0000412075</percentNationalTraffic></trafficStat><trafficStat><date>2014-12-14</date><percentStateTraffic>0.0503714897</percentStateTraffic><percentNationalTraffic>0.0001689955</percentNationalTraffic></trafficStat><trafficStat><date>2014-12-15</date><percentStateTraffic>0.0106963312</percentStateTraffic><percentNationalTraffic>0.0000383771</percentNationalTraffic></trafficStat><trafficStat><date>2014-12-16</date><percentStateTraffic>0.0349731872</percentStateTraffic><percentNationalTraffic>0.0001201364</percentNationalTraffic></trafficStat><trafficStat><date>2014-12-17</date><percentStateTraffic>0.0134318334</percentStateTraffic><percentNationalTraffic>0.0000405460</percentNationalTraffic></trafficStat><trafficStat><date>2014-12-18</date><percentStateTraffic>0.0149476831</percentStateTraffic><percentNationalTraffic>0.0000439654</percentNationalTraffic></trafficStat><trafficStat><date>2014-12-21</date><percentStateTraffic>0.0832223702</percentStateTraffic><percentNationalTraffic>0.0002404985</percentNationalTraffic></trafficStat><trafficStat><date>2014-12-27</date><percentStateTraffic>0.0339847069</percentStateTraffic><percentNationalTraffic>0.0000841550</percentNationalTraffic></trafficStat><trafficStat><date>2014-12-30</date><percentStateTraffic>0.0114534418</percentStateTraffic><percentNationalTraffic>0.0000350857</percentNationalTraffic></trafficStat><trafficStat><date>2014-12-31</date><percentStateTraffic>0.0508474576</percentStateTraffic><percentNationalTraffic>0.0001299408</percentNationalTraffic></trafficStat><trafficStat><date>2015-01-01</date><percentStateTraffic>0.0601503759</percentStateTraffic><percentNationalTraffic>0.0001496248</percentNationalTraffic></trafficStat><trafficStat><date>2015-01-02</date><percentStateTraffic>0.0239664470</percentStateTraffic><percentNationalTraffic>0.0000654524</percentNationalTraffic></trafficStat><trafficStat><date>2015-01-03</date><percentStateTraffic>0.0425170068</percentStateTraffic><percentNationalTraffic>0.0001315891</percentNationalTraffic></trafficStat><trafficStat><date>2015-01-05</date><percentStateTraffic>0.0087811732</percentStateTraffic><percentNationalTraffic>0.0000321064</percentNationalTraffic></trafficStat><trafficStat><date>2015-01-06</date><percentStateTraffic>0.0313217791</percentStateTraffic><percentNationalTraffic>0.0000953595</percentNationalTraffic></trafficStat><trafficStat><date>2015-01-07</date><percentStateTraffic>0.0120525491</percentStateTraffic><percentNationalTraffic>0.0000319393</percentNationalTraffic></trafficStat><trafficStat><date>2015-01-12</date><percentStateTraffic>0.0234549079</percentStateTraffic><percentNationalTraffic>0.0000604149</percentNationalTraffic></trafficStat><trafficStat><date>2015-01-18</date><percentStateTraffic>0.0325803649</percentStateTraffic><percentNationalTraffic>0.0000912631</percentNationalTraffic></trafficStat><trafficStat><date>2015-01-25</date><percentStateTraffic>0.0327976386</percentStateTraffic><percentNationalTraffic>0.0000935884</percentNationalTraffic></trafficStat><trafficStat><date>2015-01-29</date><percentStateTraffic>0.0114116170</percentStateTraffic><percentNationalTraffic>0.0000258375</percentNationalTraffic></trafficStat><trafficStat><date>2015-01-31</date><percentStateTraffic>0.0127307447</percentStateTraffic><percentNationalTraffic>0.0000353705</percentNationalTraffic></trafficStat><trafficStat><date>2015-02-01</date><percentStateTraffic>0.0243635035</percentStateTraffic><percentNationalTraffic>0.0000709351</percentNationalTraffic></trafficStat><trafficStat><date>2015-02-02</date><percentStateTraffic>0.0204813108</percentStateTraffic><percentNationalTraffic>0.0000612163</percentNationalTraffic></trafficStat><trafficStat><date>2015-02-07</date><percentStateTraffic>0.0376789751</percentStateTraffic><percentNationalTraffic>0.0001015431</percentNationalTraffic></trafficStat><trafficStat><date>2015-02-08</date><percentStateTraffic>0.0225225225</percentStateTraffic><percentNationalTraffic>0.0000605387</percentNationalTraffic></trafficStat><trafficStat><date>2015-02-12</date><percentStateTraffic>0.0116740602</percentStateTraffic><percentNationalTraffic>0.0000333659</percentNationalTraffic></trafficStat><trafficStat><date>2015-02-14</date><percentStateTraffic>0.0294507436</percentStateTraffic><percentNationalTraffic>0.0000758907</percentNationalTraffic></trafficStat><trafficStat><date>2015-02-15</date><percentStateTraffic>0.0112968821</percentStateTraffic><percentNationalTraffic>0.0000324119</percentNationalTraffic></trafficStat><trafficStat><date>2015-02-16</date><percentStateTraffic>0.0121698917</percentStateTraffic><percentNationalTraffic>0.0000310039</percentNationalTraffic></trafficStat><trafficStat><date>2015-02-18</date><percentStateTraffic>0.0940402022</percentStateTraffic><percentNationalTraffic>0.0002509761</percentNationalTraffic></trafficStat><trafficStat><date>2015-03-01</date><percentStateTraffic>0.0103220479</percentStateTraffic><percentNationalTraffic>0.0000305665</percentNationalTraffic></trafficStat><trafficStat><date>2015-03-02</date><percentStateTraffic>0.0109075044</percentStateTraffic><percentNationalTraffic>0.0000305861</percentNationalTraffic></trafficStat><trafficStat><date>2015-03-04</date><percentStateTraffic>0.0115821172</percentStateTraffic><percentNationalTraffic>0.0000308108</percentNationalTraffic></trafficStat><trafficStat><date>2015-03-19</date><percentStateTraffic>0.0379170880</percentStateTraffic><percentNationalTraffic>0.0000955960</percentNationalTraffic></trafficStat><trafficStat><date>2015-03-22</date><percentStateTraffic>0.0214132762</percentStateTraffic><percentNationalTraffic>0.0000643145</percentNationalTraffic></trafficStat><trafficStat><date>2015-03-23</date><percentStateTraffic>0.0096730509</percentStateTraffic><percentNationalTraffic>0.0000296825</percentNationalTraffic></trafficStat><trafficStat><date>2015-03-25</date><percentStateTraffic>0.0228310502</percentStateTraffic><percentNationalTraffic>0.0000630965</percentNationalTraffic></trafficStat><trafficStat><date>2015-04-05</date><percentStateTraffic>0.0135226504</percentStateTraffic><percentNationalTraffic>0.0000389927</percentNationalTraffic></trafficStat><trafficStat><date>2015-04-06</date><percentStateTraffic>0.0201389588</percentStateTraffic><percentNationalTraffic>0.0000598958</percentNationalTraffic></trafficStat><trafficStat><date>2015-04-08</date><percentStateTraffic>0.0230574130</percentStateTraffic><percentNationalTraffic>0.0000666349</percentNationalTraffic></trafficStat><trafficStat><date>2015-04-09</date><percentStateTraffic>0.0521322073</percentStateTraffic><percentNationalTraffic>0.0001541065</percentNationalTraffic></trafficStat><trafficStat><date>2015-04-13</date><percentStateTraffic>0.0101214575</percentStateTraffic><percentNationalTraffic>0.0000307999</percentNationalTraffic></trafficStat><trafficStat><date>2015-04-14</date><percentStateTraffic>0.0101615689</percentStateTraffic><percentNationalTraffic>0.0000317325</percentNationalTraffic></trafficStat><trafficStat><date>2015-04-16</date><percentStateTraffic>0.0467890981</percentStateTraffic><percentNationalTraffic>0.0001306961</percentNationalTraffic></trafficStat><trafficStat><date>2015-04-18</date><percentStateTraffic>0.0139977604</percentStateTraffic><percentNationalTraffic>0.0000385141</percentNationalTraffic></trafficStat><trafficStat><date>2015-04-19</date><percentStateTraffic>0.0478411673</percentStateTraffic><percentNationalTraffic>0.0001362106</percentNationalTraffic></trafficStat><trafficStat><date>2015-04-20</date><percentStateTraffic>0.0394710874</percentStateTraffic><percentNationalTraffic>0.0001188265</percentNationalTraffic></trafficStat><trafficStat><date>2015-04-21</date><percentStateTraffic>0.0092635479</percentStateTraffic><percentNationalTraffic>0.0000266942</percentNationalTraffic></trafficStat><trafficStat><date>2015-04-22</date><percentStateTraffic>0.0112854080</percentStateTraffic><percentNationalTraffic>0.0000307546</percentNationalTraffic></trafficStat><trafficStat><date>2015-04-23</date><percentStateTraffic>0.0114181320</percentStateTraffic><percentNationalTraffic>0.0000313963</percentNationalTraffic></trafficStat><trafficStat><date>2015-04-24</date><percentStateTraffic>0.0117688596</percentStateTraffic><percentNationalTraffic>0.0000336847</percentNationalTraffic></trafficStat><trafficStat><date>2015-05-04</date><percentStateTraffic>0.0114600046</percentStateTraffic><percentNationalTraffic>0.0000325738</percentNationalTraffic></trafficStat><trafficStat><date>2015-05-06</date><percentStateTraffic>0.0235599010</percentStateTraffic><percentNationalTraffic>0.0000687106</percentNationalTraffic></trafficStat><trafficStat><date>2015-05-12</date><percentStateTraffic>0.0245609726</percentStateTraffic><percentNationalTraffic>0.0000668289</percentNationalTraffic></trafficStat><trafficStat><date>2015-05-13</date><percentStateTraffic>0.0116986430</percentStateTraffic><percentNationalTraffic>0.0000346574</percentNationalTraffic></trafficStat><trafficStat><date>2015-05-17</date><percentStateTraffic>0.0249314385</percentStateTraffic><percentNationalTraffic>0.0000796107</percentNationalTraffic></trafficStat><trafficStat><date>2015-05-18</date><percentStateTraffic>0.0311106502</percentStateTraffic><percentNationalTraffic>0.0001017354</percentNationalTraffic></trafficStat><trafficStat><date>2015-05-19</date><percentStateTraffic>0.0114508187</percentStateTraffic><percentNationalTraffic>0.0000335953</percentNationalTraffic></trafficStat><trafficStat><date>2015-05-24</date><percentStateTraffic>0.0349222979</percentStateTraffic><percentNationalTraffic>0.0000905843</percentNationalTraffic></trafficStat><trafficStat><date>2015-05-28</date><percentStateTraffic>0.0132013201</percentStateTraffic><percentNationalTraffic>0.0000357844</percentNationalTraffic></trafficStat><trafficStat><date>2015-05-31</date><percentStateTraffic>0.0857387825</percentStateTraffic><percentNationalTraffic>0.0002263992</percentNationalTraffic></trafficStat><trafficStat><date>2015-06-01</date><percentStateTraffic>0.0125140783</percentStateTraffic><percentNationalTraffic>0.0000344001</percentNationalTraffic></trafficStat><trafficStat><date>2015-06-03</date><percentStateTraffic>0.0127860887</percentStateTraffic><percentNationalTraffic>0.0000363381</percentNationalTraffic></trafficStat><trafficStat><date>2015-06-04</date><percentStateTraffic>0.0129148909</percentStateTraffic><percentNationalTraffic>0.0000376162</percentNationalTraffic></trafficStat><trafficStat><date>2015-06-05</date><percentStateTraffic>0.0143143430</percentStateTraffic><percentNationalTraffic>0.0000416462</percentNationalTraffic></trafficStat><trafficStat><date>2015-06-07</date><percentStateTraffic>0.0138045279</percentStateTraffic><percentNationalTraffic>0.0000422617</percentNationalTraffic></trafficStat><trafficStat><date>2015-06-08</date><percentStateTraffic>0.0122249389</percentStateTraffic><percentNationalTraffic>0.0000345704</percentNationalTraffic></trafficStat><trafficStat><date>2015-06-12</date><percentStateTraffic>0.0151331719</percentStateTraffic><percentNationalTraffic>0.0000412258</percentNationalTraffic></trafficStat><trafficStat><date>2015-06-14</date><percentStateTraffic>0.0153092468</percentStateTraffic><percentNationalTraffic>0.0000429218</percentNationalTraffic></trafficStat><trafficStat><date>2015-06-29</date><percentStateTraffic>0.0132996409</percentStateTraffic><percentNationalTraffic>0.0000367031</percentNationalTraffic></trafficStat><trafficStat><date>2015-06-30</date><percentStateTraffic>0.0122774708</percentStateTraffic><percentNationalTraffic>0.0000388935</percentNationalTraffic></trafficStat><trafficStat><date>2015-07-09</date><percentStateTraffic>0.0132380196</percentStateTraffic><percentNationalTraffic>0.0000364669</percentNationalTraffic></trafficStat><trafficStat><date>2015-07-11</date><percentStateTraffic>0.0997672098</percentStateTraffic><percentNationalTraffic>0.0002668457</percentNationalTraffic></trafficStat><trafficStat><date>2015-07-20</date><percentStateTraffic>0.0249034989</percentStateTraffic><percentNationalTraffic>0.0000689572</percentNationalTraffic></trafficStat><trafficStat><date>2015-07-21</date><percentStateTraffic>0.0257300913</percentStateTraffic><percentNationalTraffic>0.0000688034</percentNationalTraffic></trafficStat><trafficStat><date>2015-07-23</date><percentStateTraffic>0.0279798545</percentStateTraffic><percentNationalTraffic>0.0000726732</percentNationalTraffic></trafficStat><trafficStat><date>2015-07-27</date><percentStateTraffic>0.0249781441</percentStateTraffic><percentNationalTraffic>0.0000669044</percentNationalTraffic></trafficStat><trafficStat><date>2015-07-30</date><percentStateTraffic>0.0136761488</percentStateTraffic><percentNationalTraffic>0.0000358415</percentNationalTraffic></trafficStat><trafficStat><date>2015-08-01</date><percentStateTraffic>0.0168435237</percentStateTraffic><percentNationalTraffic>0.0000447546</percentNationalTraffic></trafficStat><trafficStat><date>2015-08-03</date><percentStateTraffic>0.0258698745</percentStateTraffic><percentNationalTraffic>0.0000668957</percentNationalTraffic></trafficStat><trafficStat><date>2015-08-05</date><percentStateTraffic>0.0130684788</percentStateTraffic><percentNationalTraffic>0.0000358395</percentNationalTraffic></trafficStat><trafficStat><date>2015-08-08</date><percentStateTraffic>0.0174978128</percentStateTraffic><percentNationalTraffic>0.0000452291</percentNationalTraffic></trafficStat><trafficStat><date>2015-08-09</date><percentStateTraffic>0.0449101796</percentStateTraffic><percentNationalTraffic>0.0001208429</percentNationalTraffic></trafficStat><trafficStat><date>2015-08-11</date><percentStateTraffic>0.0135943448</percentStateTraffic><percentNationalTraffic>0.0000345423</percentNationalTraffic></trafficStat><trafficStat><date>2015-08-27</date><percentStateTraffic>0.0438340152</percentStateTraffic><percentNationalTraffic>0.0001177384</percentNationalTraffic></trafficStat><trafficStat><date>2015-08-30</date><percentStateTraffic>0.0150285543</percentStateTraffic><percentNationalTraffic>0.0000407210</percentNationalTraffic></trafficStat><trafficStat><date>2015-09-03</date><percentStateTraffic>0.0157678966</percentStateTraffic><percentNationalTraffic>0.0000395827</percentNationalTraffic></trafficStat><trafficStat><date>2015-09-04</date><percentStateTraffic>0.0510464523</percentStateTraffic><percentNationalTraffic>0.0001302639</percentNationalTraffic></trafficStat><trafficStat><date>2015-09-05</date><percentStateTraffic>0.0180050414</percentStateTraffic><percentNationalTraffic>0.0000463310</percentNationalTraffic></trafficStat><trafficStat><date>2015-09-06</date><percentStateTraffic>0.0516706855</percentStateTraffic><percentNationalTraffic>0.0001306562</percentNationalTraffic></trafficStat><trafficStat><date>2015-09-09</date><percentStateTraffic>0.0150398556</percentStateTraffic><percentNationalTraffic>0.0000386867</percentNationalTraffic></trafficStat><trafficStat><date>2015-09-11</date><percentStateTraffic>0.0141003948</percentStateTraffic><percentNationalTraffic>0.0000428318</percentNationalTraffic></trafficStat><trafficStat><date>2015-09-14</date><percentStateTraffic>0.0126486213</percentStateTraffic><percentNationalTraffic>0.0000389344</percentNationalTraffic></trafficStat><trafficStat><date>2015-09-16</date><percentStateTraffic>0.0299401198</percentStateTraffic><percentNationalTraffic>0.0000836664</percentNationalTraffic></trafficStat><trafficStat><date>2015-09-20</date><percentStateTraffic>0.0143554407</percentStateTraffic><percentNationalTraffic>0.0000441941</percentNationalTraffic></trafficStat><trafficStat><date>2015-09-25</date><percentStateTraffic>0.0141183114</percentStateTraffic><percentNationalTraffic>0.0000446479</percentNationalTraffic></trafficStat><trafficStat><date>2015-10-01</date><percentStateTraffic>0.0312793244</percentStateTraffic><percentNationalTraffic>0.0000953704</percentNationalTraffic></trafficStat><trafficStat><date>2015-10-11</date><percentStateTraffic>0.0165535507</percentStateTraffic><percentNationalTraffic>0.0000461757</percentNationalTraffic></trafficStat><trafficStat><date>2015-10-13</date><percentStateTraffic>0.0424028269</percentStateTraffic><percentNationalTraffic>0.0001199282</percentNationalTraffic></trafficStat><trafficStat><date>2015-10-15</date><percentStateTraffic>0.0148831671</percentStateTraffic><percentNationalTraffic>0.0000421557</percentNationalTraffic></trafficStat><trafficStat><date>2015-10-18</date><percentStateTraffic>0.0150784077</percentStateTraffic><percentNationalTraffic>0.0000458138</percentNationalTraffic></trafficStat><trafficStat><date>2015-10-19</date><percentStateTraffic>0.0132908028</percentStateTraffic><percentNationalTraffic>0.0000396795</percentNationalTraffic></trafficStat><trafficStat><date>2015-10-20</date><percentStateTraffic>0.0131147541</percentStateTraffic><percentNationalTraffic>0.0000402161</percentNationalTraffic></trafficStat><trafficStat><date>2015-10-22</date><percentStateTraffic>0.0136276915</percentStateTraffic><percentNationalTraffic>0.0000424265</percentNationalTraffic></trafficStat><trafficStat><date>2015-10-28</date><percentStateTraffic>0.0146327188</percentStateTraffic><percentNationalTraffic>0.0000405366</percentNationalTraffic></trafficStat><trafficStat><date>2015-10-30</date><percentStateTraffic>0.0295639320</percentStateTraffic><percentNationalTraffic>0.0000934669</percentNationalTraffic></trafficStat><trafficStat><date>2015-11-02</date><percentStateTraffic>0.0325980658</percentStateTraffic><percentNationalTraffic>0.0001116514</percentNationalTraffic></trafficStat><trafficStat><date>2015-11-03</date><percentStateTraffic>0.0118147448</percentStateTraffic><percentNationalTraffic>0.0000381165</percentNationalTraffic></trafficStat><trafficStat><date>2015-11-05</date><percentStateTraffic>0.0135007425</percentStateTraffic><percentNationalTraffic>0.0000394295</percentNationalTraffic></trafficStat><trafficStat><date>2015-11-14</date><percentStateTraffic>0.0152021891</percentStateTraffic><percentNationalTraffic>0.0000482418</percentNationalTraffic></trafficStat><trafficStat><date>2015-11-16</date><percentStateTraffic>0.0132678785</percentStateTraffic><percentNationalTraffic>0.0000404135</percentNationalTraffic></trafficStat><trafficStat><date>2015-11-18</date><percentStateTraffic>0.0131027254</percentStateTraffic><percentNationalTraffic>0.0000416492</percentNationalTraffic></trafficStat><trafficStat><date>2015-11-23</date><percentStateTraffic>0.0133173525</percentStateTraffic><percentNationalTraffic>0.0000414378</percentNationalTraffic></trafficStat><trafficStat><date>2015-11-28</date><percentStateTraffic>0.0150375940</percentStateTraffic><percentNationalTraffic>0.0000471870</percentNationalTraffic></trafficStat><trafficStat><date>2015-11-29</date><percentStateTraffic>0.0135758892</percentStateTraffic><percentNationalTraffic>0.0000443276</percentNationalTraffic></trafficStat><trafficStat><date>2015-11-30</date><percentStateTraffic>0.0132978723</percentStateTraffic><percentNationalTraffic>0.0000418895</percentNationalTraffic></trafficStat><trafficStat><date>2015-12-05</date><percentStateTraffic>0.0683994528</percentStateTraffic><percentNationalTraffic>0.0002064224</percentNationalTraffic></trafficStat><trafficStat><date>2015-12-08</date><percentStateTraffic>0.0262467192</percentStateTraffic><percentNationalTraffic>0.0000823781</percentNationalTraffic></trafficStat><trafficStat><date>2015-12-09</date><percentStateTraffic>0.0136742787</percentStateTraffic><percentNationalTraffic>0.0000416228</percentNationalTraffic></trafficStat><trafficStat><date>2015-12-10</date><percentStateTraffic>0.0140528387</percentStateTraffic><percentNationalTraffic>0.0000424779</percentNationalTraffic></trafficStat><trafficStat><date>2015-12-11</date><percentStateTraffic>0.0671050866</percentStateTraffic><percentNationalTraffic>0.0002257467</percentNationalTraffic></trafficStat><trafficStat><date>2015-12-13</date><percentStateTraffic>0.0152299726</percentStateTraffic><percentNationalTraffic>0.0000456099</percentNationalTraffic></trafficStat><trafficStat><date>2015-12-16</date><percentStateTraffic>0.0288392213</percentStateTraffic><percentNationalTraffic>0.0000850664</percentNationalTraffic></trafficStat><trafficStat><date>2015-12-17</date><percentStateTraffic>0.0154035736</percentStateTraffic><percentNationalTraffic>0.0000459192</percentNationalTraffic></trafficStat><trafficStat><date>2015-12-20</date><percentStateTraffic>0.0161943320</percentStateTraffic><percentNationalTraffic>0.0000507248</percentNationalTraffic></trafficStat><trafficStat><date>2015-12-22</date><percentStateTraffic>0.0411748559</percentStateTraffic><percentNationalTraffic>0.0001315990</percentNationalTraffic></trafficStat><trafficStat><date>2015-12-28</date><percentStateTraffic>0.0475341652</percentStateTraffic><percentNationalTraffic>0.0001354641</percentNationalTraffic></trafficStat><trafficStat><date>2015-12-31</date><percentStateTraffic>0.0363504180</percentStateTraffic><percentNationalTraffic>0.0000960320</percentNationalTraffic></trafficStat><trafficStat><date>2016-01-01</date><percentStateTraffic>0.0160487883</percentStateTraffic><percentNationalTraffic>0.0000408704</percentNationalTraffic></trafficStat><trafficStat><date>2016-01-02</date><percentStateTraffic>0.0149209191</percentStateTraffic><percentNationalTraffic>0.0000365062</percentNationalTraffic></trafficStat><trafficStat><date>2016-01-15</date><percentStateTraffic>0.0262846629</percentStateTraffic><percentNationalTraffic>0.0000689135</percentNationalTraffic></trafficStat><trafficStat><date>2016-01-16</date><percentStateTraffic>0.0349040140</percentStateTraffic><percentNationalTraffic>0.0001050678</percentNationalTraffic></trafficStat><trafficStat><date>2016-01-17</date><percentStateTraffic>0.0120554551</percentStateTraffic><percentNationalTraffic>0.0000325726</percentNationalTraffic></trafficStat><trafficStat><date>2016-01-22</date><percentStateTraffic>0.0293470286</percentStateTraffic><percentNationalTraffic>0.0000674824</percentNationalTraffic></trafficStat><trafficStat><date>2016-01-23</date><percentStateTraffic>0.0248663434</percentStateTraffic><percentNationalTraffic>0.0000669515</percentNationalTraffic></trafficStat><trafficStat><date>2016-01-29</date><percentStateTraffic>0.0252620942</percentStateTraffic><percentNationalTraffic>0.0000662783</percentNationalTraffic></trafficStat><trafficStat><date>2016-02-03</date><percentStateTraffic>0.0261814374</percentStateTraffic><percentNationalTraffic>0.0000614163</percentNationalTraffic></trafficStat><trafficStat><date>2016-02-04</date><percentStateTraffic>0.0134553283</percentStateTraffic><percentNationalTraffic>0.0000315742</percentNationalTraffic></trafficStat><trafficStat><date>2016-02-12</date><percentStateTraffic>0.0137854977</percentStateTraffic><percentNationalTraffic>0.0000343754</percentNationalTraffic></trafficStat><trafficStat><date>2016-02-22</date><percentStateTraffic>0.0127372309</percentStateTraffic><percentNationalTraffic>0.0000329851</percentNationalTraffic></trafficStat><trafficStat><date>2016-02-24</date><percentStateTraffic>0.0656340247</percentStateTraffic><percentNationalTraffic>0.0001644372</percentNationalTraffic></trafficStat><trafficStat><date>2016-03-03</date><percentStateTraffic>0.0124362641</percentStateTraffic><percentNationalTraffic>0.0000317425</percentNationalTraffic></trafficStat><trafficStat><date>2016-03-07</date><percentStateTraffic>0.0107538445</percentStateTraffic><percentNationalTraffic>0.0000287382</percentNationalTraffic></trafficStat><trafficStat><date>2016-03-08</date><percentStateTraffic>0.0228440891</percentStateTraffic><percentNationalTraffic>0.0000608600</percentNationalTraffic></trafficStat><trafficStat><date>2016-03-11</date><percentStateTraffic>0.0121506683</percentStateTraffic><percentNationalTraffic>0.0000331241</percentNationalTraffic></trafficStat><trafficStat><date>2016-04-02</date><percentStateTraffic>0.0115048320</percentStateTraffic><percentNationalTraffic>0.0000312991</percentNationalTraffic></trafficStat><trafficStat><date>2016-04-07</date><percentStateTraffic>0.0099970009</percentStateTraffic><percentNationalTraffic>0.0000291926</percentNationalTraffic></trafficStat><trafficStat><date>2016-04-13</date><percentStateTraffic>0.0115593573</percentStateTraffic><percentNationalTraffic>0.0000300840</percentNationalTraffic></trafficStat><trafficStat><date>2016-04-22</date><percentStateTraffic>0.0126103405</percentStateTraffic><percentNationalTraffic>0.0000338180</percentNationalTraffic></trafficStat><trafficStat><date>2016-04-23</date><percentStateTraffic>0.0136035913</percentStateTraffic><percentNationalTraffic>0.0000383004</percentNationalTraffic></trafficStat><trafficStat><date>2016-05-07</date><percentStateTraffic>0.0154202005</percentStateTraffic><percentNationalTraffic>0.0000420919</percentNationalTraffic></trafficStat><trafficStat><date>2016-05-09</date><percentStateTraffic>0.0098096920</percentStateTraffic><percentNationalTraffic>0.0000300860</percentNationalTraffic></trafficStat><trafficStat><date>2016-05-13</date><percentStateTraffic>0.0358123433</percentStateTraffic><percentNationalTraffic>0.0001000468</percentNationalTraffic></trafficStat><trafficStat><date>2016-05-21</date><percentStateTraffic>0.0136351241</percentStateTraffic><percentNationalTraffic>0.0000392501</percentNationalTraffic></trafficStat><trafficStat><date>2016-05-23</date><percentStateTraffic>0.0212765957</percentStateTraffic><percentNationalTraffic>0.0000627717</percentNationalTraffic></trafficStat><trafficStat><date>2016-05-24</date><percentStateTraffic>0.0392657308</percentStateTraffic><percentNationalTraffic>0.0001279069</percentNationalTraffic></trafficStat><trafficStat><date>2016-05-29</date><percentStateTraffic>0.0335232987</percentStateTraffic><percentNationalTraffic>0.0000905660</percentNationalTraffic></trafficStat><trafficStat><date>2016-05-30</date><percentStateTraffic>0.0153846154</percentStateTraffic><percentNationalTraffic>0.0000402211</percentNationalTraffic></trafficStat><trafficStat><date>2016-05-31</date><percentStateTraffic>0.0584590202</percentStateTraffic><percentNationalTraffic>0.0001622459</percentNationalTraffic></trafficStat><trafficStat><date>2016-06-06</date><percentStateTraffic>0.0115500116</percentStateTraffic><percentNationalTraffic>0.0000330002</percentNationalTraffic></trafficStat><trafficStat><date>2016-06-19</date><percentStateTraffic>0.0323362975</percentStateTraffic><percentNationalTraffic>0.0000939445</percentNationalTraffic></trafficStat><trafficStat><date>2016-06-29</date><percentStateTraffic>0.0136668033</percentStateTraffic><percentNationalTraffic>0.0000358473</percentNationalTraffic></trafficStat><trafficStat><date>2016-07-01</date><percentStateTraffic>0.0308737265</percentStateTraffic><percentNationalTraffic>0.0000838835</percentNationalTraffic></trafficStat><trafficStat><date>2016-07-02</date><percentStateTraffic>0.0210039908</percentStateTraffic><percentNationalTraffic>0.0000474366</percentNationalTraffic></trafficStat><trafficStat><date>2016-07-04</date><percentStateTraffic>0.0377002828</percentStateTraffic><percentNationalTraffic>0.0000909542</percentNationalTraffic></trafficStat><trafficStat><date>2016-07-05</date><percentStateTraffic>0.0386996904</percentStateTraffic><percentNationalTraffic>0.0000998118</percentNationalTraffic></trafficStat><trafficStat><date>2016-07-15</date><percentStateTraffic>0.0153491942</percentStateTraffic><percentNationalTraffic>0.0000404519</percentNationalTraffic></trafficStat><trafficStat><date>2016-07-23</date><percentStateTraffic>0.0164609053</percentStateTraffic><percentNationalTraffic>0.0000435522</percentNationalTraffic></trafficStat><trafficStat><date>2016-07-27</date><percentStateTraffic>0.0436300175</percentStateTraffic><percentNationalTraffic>0.0001069815</percentNationalTraffic></trafficStat><trafficStat><date>2016-08-02</date><percentStateTraffic>0.0665956313</percentStateTraffic><percentNationalTraffic>0.0001698428</percentNationalTraffic></trafficStat><trafficStat><date>2016-08-04</date><percentStateTraffic>0.0506200962</percentStateTraffic><percentNationalTraffic>0.0001431801</percentNationalTraffic></trafficStat><trafficStat><date>2016-08-08</date><percentStateTraffic>0.0259875260</percentStateTraffic><percentNationalTraffic>0.0000678888</percentNationalTraffic></trafficStat><trafficStat><date>2016-08-15</date><percentStateTraffic>0.0142470437</percentStateTraffic><percentNationalTraffic>0.0000344372</percentNationalTraffic></trafficStat><trafficStat><date>2016-08-21</date><percentStateTraffic>0.0363504180</percentStateTraffic><percentNationalTraffic>0.0000839428</percentNationalTraffic></trafficStat></trafficStats><listingStats/></TruliaStats></response></TruliaWebServices>
