<?xml version="1.0"?>
<TruliaWebServices><request><Parameter><index>1</index><name>library</name><value>TruliaStats</value></Parameter><Parameter><index>2</index><name>function</name><value>getZipCodeStats</value></Parameter><Parameter><index>3</index><name>zipCode</name><value>20059</value></Parameter><Parameter><index>4</index><name>startDate</name><value>2001-01-01</value></Parameter><Parameter><index>5</index><name>endDate</name><value>2016-09-28</value></Parameter><Parameter><index>6</index><name>statType</name><value>all</value></Parameter><Parameter><index>7</index><name>apikey</name><value>p94v2fd3d88ybpanhayfynqe</value></Parameter><Parameter><index>8</index><name>source</name><value>Webservice</value></Parameter></request><response><TruliaStats><location><zipCode>20059</zipCode><state>DC</state><searchResultsURL>http://www.trulia.com/DC/Washington/20059/</searchResultsURL><heatMapURL>http://www.trulia.com/home_prices/District_Of_Columbia/District_of_Columbia_County-heat_map/</heatMapURL></location><trafficStats><trafficStat><date>2013-08-30</date><percentStateTraffic>0.0676742612</percentStateTraffic><percentNationalTraffic>0.0001633288</percentNationalTraffic></trafficStat><trafficStat><date>2013-09-03</date><percentStateTraffic>0.0080690712</percentStateTraffic><percentNationalTraffic>0.0000234206</percentNationalTraffic></trafficStat><trafficStat><date>2013-09-09</date><percentStateTraffic>0.0324044070</percentStateTraffic><percentNationalTraffic>0.0000959863</percentNationalTraffic></trafficStat><trafficStat><date>2013-09-17</date><percentStateTraffic>0.0073784402</percentStateTraffic><percentNationalTraffic>0.0000250529</percentNationalTraffic></trafficStat><trafficStat><date>2013-09-20</date><percentStateTraffic>0.0086422954</percentStateTraffic><percentNationalTraffic>0.0000276532</percentNationalTraffic></trafficStat><trafficStat><date>2013-09-23</date><percentStateTraffic>0.0081122739</percentStateTraffic><percentNationalTraffic>0.0000250356</percentNationalTraffic></trafficStat><trafficStat><date>2013-09-24</date><percentStateTraffic>0.0176803395</percentStateTraffic><percentNationalTraffic>0.0000504757</percentNationalTraffic></trafficStat><trafficStat><date>2013-09-25</date><percentStateTraffic>0.0180180180</percentStateTraffic><percentNationalTraffic>0.0000517097</percentNationalTraffic></trafficStat><trafficStat><date>2013-09-27</date><percentStateTraffic>0.0091810503</percentStateTraffic><percentNationalTraffic>0.0000286648</percentNationalTraffic></trafficStat><trafficStat><date>2013-09-29</date><percentStateTraffic>0.0079251862</percentStateTraffic><percentNationalTraffic>0.0000235755</percentNationalTraffic></trafficStat><trafficStat><date>2013-10-02</date><percentStateTraffic>0.0090620752</percentStateTraffic><percentNationalTraffic>0.0000271339</percentNationalTraffic></trafficStat><trafficStat><date>2013-10-03</date><percentStateTraffic>0.0093720712</percentStateTraffic><percentNationalTraffic>0.0000278866</percentNationalTraffic></trafficStat><trafficStat><date>2013-10-04</date><percentStateTraffic>0.0261210274</percentStateTraffic><percentNationalTraffic>0.0000864429</percentNationalTraffic></trafficStat><trafficStat><date>2013-10-06</date><percentStateTraffic>0.0318979266</percentStateTraffic><percentNationalTraffic>0.0000985139</percentNationalTraffic></trafficStat><trafficStat><date>2013-10-11</date><percentStateTraffic>0.0093545370</percentStateTraffic><percentNationalTraffic>0.0000279244</percentNationalTraffic></trafficStat><trafficStat><date>2013-10-15</date><percentStateTraffic>0.0085873766</percentStateTraffic><percentNationalTraffic>0.0000261362</percentNationalTraffic></trafficStat><trafficStat><date>2013-10-24</date><percentStateTraffic>0.0091066387</percentStateTraffic><percentNationalTraffic>0.0000278847</percentNationalTraffic></trafficStat><trafficStat><date>2013-10-31</date><percentStateTraffic>0.0214201564</percentStateTraffic><percentNationalTraffic>0.0000615471</percentNationalTraffic></trafficStat><trafficStat><date>2013-11-05</date><percentStateTraffic>0.0081572722</percentStateTraffic><percentNationalTraffic>0.0000256808</percentNationalTraffic></trafficStat><trafficStat><date>2013-11-07</date><percentStateTraffic>0.0271321335</percentStateTraffic><percentNationalTraffic>0.0000827717</percentNationalTraffic></trafficStat><trafficStat><date>2013-11-14</date><percentStateTraffic>0.0095538359</percentStateTraffic><percentNationalTraffic>0.0000293790</percentNationalTraffic></trafficStat><trafficStat><date>2013-11-18</date><percentStateTraffic>0.0157430730</percentStateTraffic><percentNationalTraffic>0.0000530343</percentNationalTraffic></trafficStat><trafficStat><date>2013-11-20</date><percentStateTraffic>0.0087024628</percentStateTraffic><percentNationalTraffic>0.0000274679</percentNationalTraffic></trafficStat><trafficStat><date>2013-11-21</date><percentStateTraffic>0.0089653936</percentStateTraffic><percentNationalTraffic>0.0000283811</percentNationalTraffic></trafficStat><trafficStat><date>2013-11-24</date><percentStateTraffic>0.0247708695</percentStateTraffic><percentNationalTraffic>0.0000813423</percentNationalTraffic></trafficStat><trafficStat><date>2013-11-25</date><percentStateTraffic>0.0193836015</percentStateTraffic><percentNationalTraffic>0.0000578749</percentNationalTraffic></trafficStat><trafficStat><date>2013-11-27</date><percentStateTraffic>0.0250563768</percentStateTraffic><percentNationalTraffic>0.0000731046</percentNationalTraffic></trafficStat><trafficStat><date>2013-12-02</date><percentStateTraffic>0.0095165588</percentStateTraffic><percentNationalTraffic>0.0000298680</percentNationalTraffic></trafficStat><trafficStat><date>2013-12-06</date><percentStateTraffic>0.0692315300</percentStateTraffic><percentNationalTraffic>0.0002169717</percentNationalTraffic></trafficStat><trafficStat><date>2013-12-08</date><percentStateTraffic>0.0083892617</percentStateTraffic><percentNationalTraffic>0.0000282484</percentNationalTraffic></trafficStat><trafficStat><date>2013-12-09</date><percentStateTraffic>0.0169764876</percentStateTraffic><percentNationalTraffic>0.0000579319</percentNationalTraffic></trafficStat><trafficStat><date>2013-12-10</date><percentStateTraffic>0.0362220411</percentStateTraffic><percentNationalTraffic>0.0001169168</percentNationalTraffic></trafficStat><trafficStat><date>2013-12-15</date><percentStateTraffic>0.0096739866</percentStateTraffic><percentNationalTraffic>0.0000327588</percentNationalTraffic></trafficStat><trafficStat><date>2013-12-16</date><percentStateTraffic>0.0083542189</percentStateTraffic><percentNationalTraffic>0.0000306547</percentNationalTraffic></trafficStat><trafficStat><date>2013-12-17</date><percentStateTraffic>0.0091591867</percentStateTraffic><percentNationalTraffic>0.0000316111</percentNationalTraffic></trafficStat><trafficStat><date>2013-12-18</date><percentStateTraffic>0.0630252101</percentStateTraffic><percentNationalTraffic>0.0001987455</percentNationalTraffic></trafficStat><trafficStat><date>2013-12-19</date><percentStateTraffic>0.0357952512</percentStateTraffic><percentNationalTraffic>0.0001069560</percentNationalTraffic></trafficStat><trafficStat><date>2013-12-20</date><percentStateTraffic>0.0125423304</percentStateTraffic><percentNationalTraffic>0.0000395468</percentNationalTraffic></trafficStat><trafficStat><date>2013-12-23</date><percentStateTraffic>0.0212179079</percentStateTraffic><percentNationalTraffic>0.0000750179</percentNationalTraffic></trafficStat><trafficStat><date>2013-12-24</date><percentStateTraffic>0.0164500740</percentStateTraffic><percentNationalTraffic>0.0000497331</percentNationalTraffic></trafficStat><trafficStat><date>2013-12-25</date><percentStateTraffic>0.8195261001</percentStateTraffic><percentNationalTraffic>0.0020103322</percentNationalTraffic></trafficStat><trafficStat><date>2013-12-26</date><percentStateTraffic>0.0111000111</percentStateTraffic><percentNationalTraffic>0.0000289304</percentNationalTraffic></trafficStat><trafficStat><date>2013-12-27</date><percentStateTraffic>0.0105196718</percentStateTraffic><percentNationalTraffic>0.0000282002</percentNationalTraffic></trafficStat><trafficStat><date>2013-12-31</date><percentStateTraffic>0.0115446779</percentStateTraffic><percentNationalTraffic>0.0000330276</percentNationalTraffic></trafficStat><trafficStat><date>2014-01-01</date><percentStateTraffic>0.0292056075</percentStateTraffic><percentNationalTraffic>0.0000776994</percentNationalTraffic></trafficStat><trafficStat><date>2014-01-02</date><percentStateTraffic>0.0075340918</percentStateTraffic><percentNationalTraffic>0.0000230408</percentNationalTraffic></trafficStat><trafficStat><date>2014-01-06</date><percentStateTraffic>0.0255493102</percentStateTraffic><percentNationalTraffic>0.0000704734</percentNationalTraffic></trafficStat><trafficStat><date>2014-01-07</date><percentStateTraffic>0.0085962348</percentStateTraffic><percentNationalTraffic>0.0000225950</percentNationalTraffic></trafficStat><trafficStat><date>2014-01-08</date><percentStateTraffic>0.0089166295</percentStateTraffic><percentNationalTraffic>0.0000231920</percentNationalTraffic></trafficStat><trafficStat><date>2014-01-12</date><percentStateTraffic>0.0395851477</percentStateTraffic><percentNationalTraffic>0.0001089817</percentNationalTraffic></trafficStat><trafficStat><date>2014-01-15</date><percentStateTraffic>0.0248364931</percentStateTraffic><percentNationalTraffic>0.0000702815</percentNationalTraffic></trafficStat><trafficStat><date>2014-01-16</date><percentStateTraffic>0.0087244809</percentStateTraffic><percentNationalTraffic>0.0000239679</percentNationalTraffic></trafficStat><trafficStat><date>2014-01-19</date><percentStateTraffic>0.0078131104</percentStateTraffic><percentNationalTraffic>0.0000207904</percentNationalTraffic></trafficStat><trafficStat><date>2014-01-20</date><percentStateTraffic>0.0233027808</percentStateTraffic><percentNationalTraffic>0.0000621953</percentNationalTraffic></trafficStat><trafficStat><date>2014-01-24</date><percentStateTraffic>0.0689476859</percentStateTraffic><percentNationalTraffic>0.0001916687</percentNationalTraffic></trafficStat><trafficStat><date>2014-01-25</date><percentStateTraffic>0.0153209744</percentStateTraffic><percentNationalTraffic>0.0000428265</percentNationalTraffic></trafficStat><trafficStat><date>2014-01-26</date><percentStateTraffic>0.0285367768</percentStateTraffic><percentNationalTraffic>0.0000806650</percentNationalTraffic></trafficStat><trafficStat><date>2014-01-27</date><percentStateTraffic>0.0074599030</percentStateTraffic><percentNationalTraffic>0.0000215834</percentNationalTraffic></trafficStat><trafficStat><date>2014-01-28</date><percentStateTraffic>0.0159108990</percentStateTraffic><percentNationalTraffic>0.0000434759</percentNationalTraffic></trafficStat><trafficStat><date>2014-02-03</date><percentStateTraffic>0.0235312574</percentStateTraffic><percentNationalTraffic>0.0000685633</percentNationalTraffic></trafficStat><trafficStat><date>2014-02-06</date><percentStateTraffic>0.0266311585</percentStateTraffic><percentNationalTraffic>0.0000769365</percentNationalTraffic></trafficStat><trafficStat><date>2014-02-09</date><percentStateTraffic>0.0291184393</percentStateTraffic><percentNationalTraffic>0.0000829793</percentNationalTraffic></trafficStat><trafficStat><date>2014-02-10</date><percentStateTraffic>0.0076464291</percentStateTraffic><percentNationalTraffic>0.0000221216</percentNationalTraffic></trafficStat><trafficStat><date>2014-02-11</date><percentStateTraffic>0.0328731098</percentStateTraffic><percentNationalTraffic>0.0000930257</percentNationalTraffic></trafficStat><trafficStat><date>2014-02-12</date><percentStateTraffic>0.0098318749</percentStateTraffic><percentNationalTraffic>0.0000249337</percentNationalTraffic></trafficStat><trafficStat><date>2014-02-13</date><percentStateTraffic>0.0164122764</percentStateTraffic><percentNationalTraffic>0.0000458463</percentNationalTraffic></trafficStat><trafficStat><date>2014-02-15</date><percentStateTraffic>0.0081070126</percentStateTraffic><percentNationalTraffic>0.0000226829</percentNationalTraffic></trafficStat><trafficStat><date>2014-02-16</date><percentStateTraffic>0.0276453107</percentStateTraffic><percentNationalTraffic>0.0000796469</percentNationalTraffic></trafficStat><trafficStat><date>2014-02-18</date><percentStateTraffic>0.0161472630</percentStateTraffic><percentNationalTraffic>0.0000416744</percentNationalTraffic></trafficStat><trafficStat><date>2014-02-19</date><percentStateTraffic>0.0800576415</percentStateTraffic><percentNationalTraffic>0.0002155822</percentNationalTraffic></trafficStat><trafficStat><date>2014-02-21</date><percentStateTraffic>0.0080736315</percentStateTraffic><percentNationalTraffic>0.0000217915</percentNationalTraffic></trafficStat><trafficStat><date>2014-02-22</date><percentStateTraffic>0.0082054648</percentStateTraffic><percentNationalTraffic>0.0000220721</percentNationalTraffic></trafficStat><trafficStat><date>2014-02-24</date><percentStateTraffic>0.0077778642</percentStateTraffic><percentNationalTraffic>0.0000200521</percentNationalTraffic></trafficStat><trafficStat><date>2014-02-26</date><percentStateTraffic>0.0086095566</percentStateTraffic><percentNationalTraffic>0.0000219536</percentNationalTraffic></trafficStat><trafficStat><date>2014-03-01</date><percentStateTraffic>0.0081426594</percentStateTraffic><percentNationalTraffic>0.0000220426</percentNationalTraffic></trafficStat><trafficStat><date>2014-03-04</date><percentStateTraffic>0.0170154841</percentStateTraffic><percentNationalTraffic>0.0000427349</percentNationalTraffic></trafficStat><trafficStat><date>2014-03-07</date><percentStateTraffic>0.0761937013</percentStateTraffic><percentNationalTraffic>0.0002131699</percentNationalTraffic></trafficStat><trafficStat><date>2014-03-15</date><percentStateTraffic>0.0096079939</percentStateTraffic><percentNationalTraffic>0.0000258229</percentNationalTraffic></trafficStat><trafficStat><date>2014-03-16</date><percentStateTraffic>0.0300345397</percentStateTraffic><percentNationalTraffic>0.0000882698</percentNationalTraffic></trafficStat><trafficStat><date>2014-03-17</date><percentStateTraffic>0.0143740118</percentStateTraffic><percentNationalTraffic>0.0000415005</percentNationalTraffic></trafficStat><trafficStat><date>2014-03-18</date><percentStateTraffic>0.0075374991</percentStateTraffic><percentNationalTraffic>0.0000212575</percentNationalTraffic></trafficStat><trafficStat><date>2014-03-20</date><percentStateTraffic>0.0081759464</percentStateTraffic><percentNationalTraffic>0.0000224907</percentNationalTraffic></trafficStat><trafficStat><date>2014-03-22</date><percentStateTraffic>0.0800498088</percentStateTraffic><percentNationalTraffic>0.0002030488</percentNationalTraffic></trafficStat><trafficStat><date>2014-03-24</date><percentStateTraffic>0.0214209211</percentStateTraffic><percentNationalTraffic>0.0000597955</percentNationalTraffic></trafficStat><trafficStat><date>2014-03-25</date><percentStateTraffic>0.0380952381</percentStateTraffic><percentNationalTraffic>0.0000989907</percentNationalTraffic></trafficStat><trafficStat><date>2014-03-26</date><percentStateTraffic>0.0660774758</percentStateTraffic><percentNationalTraffic>0.0001544156</percentNationalTraffic></trafficStat><trafficStat><date>2014-03-27</date><percentStateTraffic>0.0165111863</percentStateTraffic><percentNationalTraffic>0.0000449441</percentNationalTraffic></trafficStat><trafficStat><date>2014-03-30</date><percentStateTraffic>0.0067930168</percentStateTraffic><percentNationalTraffic>0.0000209113</percentNationalTraffic></trafficStat><trafficStat><date>2014-03-31</date><percentStateTraffic>0.0168690958</percentStateTraffic><percentNationalTraffic>0.0000434709</percentNationalTraffic></trafficStat><trafficStat><date>2014-04-01</date><percentStateTraffic>0.0171423674</percentStateTraffic><percentNationalTraffic>0.0000451285</percentNationalTraffic></trafficStat><trafficStat><date>2014-04-02</date><percentStateTraffic>0.0160320641</percentStateTraffic><percentNationalTraffic>0.0000443182</percentNationalTraffic></trafficStat><trafficStat><date>2014-04-03</date><percentStateTraffic>0.0165180046</percentStateTraffic><percentNationalTraffic>0.0000447264</percentNationalTraffic></trafficStat><trafficStat><date>2014-04-04</date><percentStateTraffic>0.0082318077</percentStateTraffic><percentNationalTraffic>0.0000231201</percentNationalTraffic></trafficStat><trafficStat><date>2014-04-05</date><percentStateTraffic>0.0315258512</percentStateTraffic><percentNationalTraffic>0.0000906707</percentNationalTraffic></trafficStat><trafficStat><date>2014-04-06</date><percentStateTraffic>0.0144019587</percentStateTraffic><percentNationalTraffic>0.0000426352</percentNationalTraffic></trafficStat><trafficStat><date>2014-04-07</date><percentStateTraffic>0.0131760986</percentStateTraffic><percentNationalTraffic>0.0000400319</percentNationalTraffic></trafficStat><trafficStat><date>2014-04-09</date><percentStateTraffic>0.0336388866</percentStateTraffic><percentNationalTraffic>0.0000940646</percentNationalTraffic></trafficStat><trafficStat><date>2014-04-10</date><percentStateTraffic>0.0091937115</percentStateTraffic><percentNationalTraffic>0.0000251498</percentNationalTraffic></trafficStat><trafficStat><date>2014-04-11</date><percentStateTraffic>0.0091508053</percentStateTraffic><percentNationalTraffic>0.0000257681</percentNationalTraffic></trafficStat><trafficStat><date>2014-04-14</date><percentStateTraffic>0.0144216902</percentStateTraffic><percentNationalTraffic>0.0000453765</percentNationalTraffic></trafficStat><trafficStat><date>2014-04-16</date><percentStateTraffic>0.0845237089</percentStateTraffic><percentNationalTraffic>0.0002388262</percentNationalTraffic></trafficStat><trafficStat><date>2014-04-17</date><percentStateTraffic>0.0172532781</percentStateTraffic><percentNationalTraffic>0.0000512599</percentNationalTraffic></trafficStat><trafficStat><date>2014-04-18</date><percentStateTraffic>0.0081155657</percentStateTraffic><percentNationalTraffic>0.0000260311</percentNationalTraffic></trafficStat><trafficStat><date>2014-04-19</date><percentStateTraffic>0.0089277743</percentStateTraffic><percentNationalTraffic>0.0000267948</percentNationalTraffic></trafficStat><trafficStat><date>2014-04-21</date><percentStateTraffic>0.0070651406</percentStateTraffic><percentNationalTraffic>0.0000211475</percentNationalTraffic></trafficStat><trafficStat><date>2014-04-22</date><percentStateTraffic>0.0153080750</percentStateTraffic><percentNationalTraffic>0.0000438232</percentNationalTraffic></trafficStat><trafficStat><date>2014-04-23</date><percentStateTraffic>0.0373050810</percentStateTraffic><percentNationalTraffic>0.0001110188</percentNationalTraffic></trafficStat><trafficStat><date>2014-04-24</date><percentStateTraffic>0.0173641257</percentStateTraffic><percentNationalTraffic>0.0000483683</percentNationalTraffic></trafficStat><trafficStat><date>2014-04-25</date><percentStateTraffic>0.0161969550</percentStateTraffic><percentNationalTraffic>0.0000508409</percentNationalTraffic></trafficStat><trafficStat><date>2014-04-26</date><percentStateTraffic>0.0095978501</percentStateTraffic><percentNationalTraffic>0.0000263111</percentNationalTraffic></trafficStat><trafficStat><date>2014-04-27</date><percentStateTraffic>0.0234925607</percentStateTraffic><percentNationalTraffic>0.0000706392</percentNationalTraffic></trafficStat><trafficStat><date>2014-04-28</date><percentStateTraffic>0.0069492703</percentStateTraffic><percentNationalTraffic>0.0000221894</percentNationalTraffic></trafficStat><trafficStat><date>2014-04-30</date><percentStateTraffic>0.0074548979</percentStateTraffic><percentNationalTraffic>0.0000228278</percentNationalTraffic></trafficStat><trafficStat><date>2014-05-01</date><percentStateTraffic>0.0242463428</percentStateTraffic><percentNationalTraffic>0.0000700726</percentNationalTraffic></trafficStat><trafficStat><date>2014-05-02</date><percentStateTraffic>0.0432563371</percentStateTraffic><percentNationalTraffic>0.0001298815</percentNationalTraffic></trafficStat><trafficStat><date>2014-05-03</date><percentStateTraffic>0.0088035919</percentStateTraffic><percentNationalTraffic>0.0000273996</percentNationalTraffic></trafficStat><trafficStat><date>2014-05-04</date><percentStateTraffic>0.0568227941</percentStateTraffic><percentNationalTraffic>0.0001663902</percentNationalTraffic></trafficStat><trafficStat><date>2014-05-05</date><percentStateTraffic>0.0137494844</percentStateTraffic><percentNationalTraffic>0.0000451943</percentNationalTraffic></trafficStat><trafficStat><date>2014-05-06</date><percentStateTraffic>0.0153562654</percentStateTraffic><percentNationalTraffic>0.0000477854</percentNationalTraffic></trafficStat><trafficStat><date>2014-05-07</date><percentStateTraffic>0.0235534270</percentStateTraffic><percentNationalTraffic>0.0000729157</percentNationalTraffic></trafficStat><trafficStat><date>2014-05-08</date><percentStateTraffic>0.0091058095</percentStateTraffic><percentNationalTraffic>0.0000253585</percentNationalTraffic></trafficStat><trafficStat><date>2014-05-10</date><percentStateTraffic>0.0096515780</percentStateTraffic><percentNationalTraffic>0.0000300467</percentNationalTraffic></trafficStat><trafficStat><date>2014-05-15</date><percentStateTraffic>0.0264807132</percentStateTraffic><percentNationalTraffic>0.0000740086</percentNationalTraffic></trafficStat><trafficStat><date>2014-05-16</date><percentStateTraffic>0.0244977952</percentStateTraffic><percentNationalTraffic>0.0000772169</percentNationalTraffic></trafficStat><trafficStat><date>2014-05-17</date><percentStateTraffic>0.0283848992</percentStateTraffic><percentNationalTraffic>0.0000843664</percentNationalTraffic></trafficStat><trafficStat><date>2014-05-19</date><percentStateTraffic>0.0408129949</percentStateTraffic><percentNationalTraffic>0.0001169946</percentNationalTraffic></trafficStat><trafficStat><date>2014-05-20</date><percentStateTraffic>0.0172965493</percentStateTraffic><percentNationalTraffic>0.0000484884</percentNationalTraffic></trafficStat><trafficStat><date>2014-05-22</date><percentStateTraffic>0.0460532375</percentStateTraffic><percentNationalTraffic>0.0001281771</percentNationalTraffic></trafficStat><trafficStat><date>2014-05-23</date><percentStateTraffic>0.0209665583</percentStateTraffic><percentNationalTraffic>0.0000543211</percentNationalTraffic></trafficStat><trafficStat><date>2014-05-24</date><percentStateTraffic>0.1736312073</percentStateTraffic><percentNationalTraffic>0.0004544862</percentNationalTraffic></trafficStat><trafficStat><date>2014-05-26</date><percentStateTraffic>0.0103060909</percentStateTraffic><percentNationalTraffic>0.0000262650</percentNationalTraffic></trafficStat><trafficStat><date>2014-05-30</date><percentStateTraffic>0.0495785821</percentStateTraffic><percentNationalTraffic>0.0001534218</percentNationalTraffic></trafficStat><trafficStat><date>2014-06-01</date><percentStateTraffic>0.1692620176</percentStateTraffic><percentNationalTraffic>0.0004942423</percentNationalTraffic></trafficStat><trafficStat><date>2014-06-02</date><percentStateTraffic>0.0228032837</percentStateTraffic><percentNationalTraffic>0.0000672204</percentNationalTraffic></trafficStat><trafficStat><date>2014-06-03</date><percentStateTraffic>0.0245539368</percentStateTraffic><percentNationalTraffic>0.0000706868</percentNationalTraffic></trafficStat><trafficStat><date>2014-06-04</date><percentStateTraffic>0.0156140214</percentStateTraffic><percentNationalTraffic>0.0000464963</percentNationalTraffic></trafficStat><trafficStat><date>2014-06-05</date><percentStateTraffic>0.0084911268</percentStateTraffic><percentNationalTraffic>0.0000239343</percentNationalTraffic></trafficStat><trafficStat><date>2014-06-07</date><percentStateTraffic>0.0592124741</percentStateTraffic><percentNationalTraffic>0.0001697736</percentNationalTraffic></trafficStat><trafficStat><date>2014-06-10</date><percentStateTraffic>0.0085888517</percentStateTraffic><percentNationalTraffic>0.0000236032</percentNationalTraffic></trafficStat><trafficStat><date>2014-06-11</date><percentStateTraffic>0.0080762397</percentStateTraffic><percentNationalTraffic>0.0000234447</percentNationalTraffic></trafficStat><trafficStat><date>2014-06-12</date><percentStateTraffic>0.0091107872</percentStateTraffic><percentNationalTraffic>0.0000249980</percentNationalTraffic></trafficStat><trafficStat><date>2014-06-14</date><percentStateTraffic>0.0569476082</percentStateTraffic><percentNationalTraffic>0.0001527866</percentNationalTraffic></trafficStat><trafficStat><date>2014-06-15</date><percentStateTraffic>0.0087282884</percentStateTraffic><percentNationalTraffic>0.0000288939</percentNationalTraffic></trafficStat><trafficStat><date>2014-06-16</date><percentStateTraffic>0.0421265482</percentStateTraffic><percentNationalTraffic>0.0001214896</percentNationalTraffic></trafficStat><trafficStat><date>2014-06-17</date><percentStateTraffic>0.0347433336</percentStateTraffic><percentNationalTraffic>0.0000922670</percentNationalTraffic></trafficStat><trafficStat><date>2014-06-19</date><percentStateTraffic>0.0247015233</percentStateTraffic><percentNationalTraffic>0.0000674222</percentNationalTraffic></trafficStat><trafficStat><date>2014-06-20</date><percentStateTraffic>0.0178428049</percentStateTraffic><percentNationalTraffic>0.0000502181</percentNationalTraffic></trafficStat><trafficStat><date>2014-06-21</date><percentStateTraffic>0.0600180054</percentStateTraffic><percentNationalTraffic>0.0001674790</percentNationalTraffic></trafficStat><trafficStat><date>2014-06-22</date><percentStateTraffic>0.0091692646</percentStateTraffic><percentNationalTraffic>0.0000256379</percentNationalTraffic></trafficStat><trafficStat><date>2014-06-23</date><percentStateTraffic>0.0079428118</percentStateTraffic><percentNationalTraffic>0.0000230797</percentNationalTraffic></trafficStat><trafficStat><date>2014-06-24</date><percentStateTraffic>0.0080547725</percentStateTraffic><percentNationalTraffic>0.0000238203</percentNationalTraffic></trafficStat><trafficStat><date>2014-06-25</date><percentStateTraffic>0.0898149811</percentStateTraffic><percentNationalTraffic>0.0002489438</percentNationalTraffic></trafficStat><trafficStat><date>2014-06-27</date><percentStateTraffic>0.0095721260</percentStateTraffic><percentNationalTraffic>0.0000295313</percentNationalTraffic></trafficStat><trafficStat><date>2014-06-28</date><percentStateTraffic>0.0109565027</percentStateTraffic><percentNationalTraffic>0.0000316232</percentNationalTraffic></trafficStat><trafficStat><date>2014-06-29</date><percentStateTraffic>0.0376116596</percentStateTraffic><percentNationalTraffic>0.0001153641</percentNationalTraffic></trafficStat><trafficStat><date>2014-06-30</date><percentStateTraffic>0.0905498848</percentStateTraffic><percentNationalTraffic>0.0002891761</percentNationalTraffic></trafficStat><trafficStat><date>2014-07-02</date><percentStateTraffic>0.0093896714</percentStateTraffic><percentNationalTraffic>0.0000280284</percentNationalTraffic></trafficStat><trafficStat><date>2014-07-03</date><percentStateTraffic>0.0111706881</percentStateTraffic><percentNationalTraffic>0.0000314773</percentNationalTraffic></trafficStat><trafficStat><date>2014-07-05</date><percentStateTraffic>0.0403171617</percentStateTraffic><percentNationalTraffic>0.0000987385</percentNationalTraffic></trafficStat><trafficStat><date>2014-07-07</date><percentStateTraffic>0.0082678793</percentStateTraffic><percentNationalTraffic>0.0000249983</percentNationalTraffic></trafficStat><trafficStat><date>2014-07-08</date><percentStateTraffic>0.0090768812</percentStateTraffic><percentNationalTraffic>0.0000263059</percentNationalTraffic></trafficStat><trafficStat><date>2014-07-10</date><percentStateTraffic>0.0096432015</percentStateTraffic><percentNationalTraffic>0.0000278104</percentNationalTraffic></trafficStat><trafficStat><date>2014-07-11</date><percentStateTraffic>0.0105540897</percentStateTraffic><percentNationalTraffic>0.0000296995</percentNationalTraffic></trafficStat><trafficStat><date>2014-07-13</date><percentStateTraffic>0.0330432867</percentStateTraffic><percentNationalTraffic>0.0000952222</percentNationalTraffic></trafficStat><trafficStat><date>2014-07-14</date><percentStateTraffic>0.0083521256</percentStateTraffic><percentNationalTraffic>0.0000250467</percentNationalTraffic></trafficStat><trafficStat><date>2014-07-15</date><percentStateTraffic>0.0089253838</percentStateTraffic><percentNationalTraffic>0.0000258864</percentNationalTraffic></trafficStat><trafficStat><date>2014-07-18</date><percentStateTraffic>0.0094144229</percentStateTraffic><percentNationalTraffic>0.0000287818</percentNationalTraffic></trafficStat><trafficStat><date>2014-07-19</date><percentStateTraffic>0.0104144970</percentStateTraffic><percentNationalTraffic>0.0000292773</percentNationalTraffic></trafficStat><trafficStat><date>2014-07-25</date><percentStateTraffic>0.0710948609</percentStateTraffic><percentNationalTraffic>0.0001982264</percentNationalTraffic></trafficStat><trafficStat><date>2014-07-27</date><percentStateTraffic>0.0087627059</percentStateTraffic><percentNationalTraffic>0.0000261967</percentNationalTraffic></trafficStat><trafficStat><date>2014-07-29</date><percentStateTraffic>0.0276829381</percentStateTraffic><percentNationalTraffic>0.0000770532</percentNationalTraffic></trafficStat><trafficStat><date>2014-07-30</date><percentStateTraffic>0.0186428039</percentStateTraffic><percentNationalTraffic>0.0000538947</percentNationalTraffic></trafficStat><trafficStat><date>2014-08-01</date><percentStateTraffic>0.0215842866</percentStateTraffic><percentNationalTraffic>0.0000588603</percentNationalTraffic></trafficStat><trafficStat><date>2014-08-02</date><percentStateTraffic>0.0446528243</percentStateTraffic><percentNationalTraffic>0.0001211820</percentNationalTraffic></trafficStat><trafficStat><date>2014-08-03</date><percentStateTraffic>0.0197647989</percentStateTraffic><percentNationalTraffic>0.0000547356</percentNationalTraffic></trafficStat><trafficStat><date>2014-08-07</date><percentStateTraffic>0.0214638334</percentStateTraffic><percentNationalTraffic>0.0000561470</percentNationalTraffic></trafficStat><trafficStat><date>2014-08-08</date><percentStateTraffic>0.0434074878</percentStateTraffic><percentNationalTraffic>0.0001191270</percentNationalTraffic></trafficStat><trafficStat><date>2014-08-09</date><percentStateTraffic>0.0958198587</percentStateTraffic><percentNationalTraffic>0.0002465056</percentNationalTraffic></trafficStat><trafficStat><date>2014-08-11</date><percentStateTraffic>0.0191040214</percentStateTraffic><percentNationalTraffic>0.0000513917</percentNationalTraffic></trafficStat><trafficStat><date>2014-08-12</date><percentStateTraffic>0.0194231330</percentStateTraffic><percentNationalTraffic>0.0000543941</percentNationalTraffic></trafficStat><trafficStat><date>2014-08-15</date><percentStateTraffic>0.0232910213</percentStateTraffic><percentNationalTraffic>0.0000612768</percentNationalTraffic></trafficStat><trafficStat><date>2014-08-16</date><percentStateTraffic>0.0116577291</percentStateTraffic><percentNationalTraffic>0.0000311735</percentNationalTraffic></trafficStat><trafficStat><date>2014-08-17</date><percentStateTraffic>0.0387371683</percentStateTraffic><percentNationalTraffic>0.0001092091</percentNationalTraffic></trafficStat><trafficStat><date>2014-08-18</date><percentStateTraffic>0.0088191199</percentStateTraffic><percentNationalTraffic>0.0000263762</percentNationalTraffic></trafficStat><trafficStat><date>2014-08-19</date><percentStateTraffic>0.0289323946</percentStateTraffic><percentNationalTraffic>0.0000826083</percentNationalTraffic></trafficStat><trafficStat><date>2014-08-20</date><percentStateTraffic>0.0282938791</percentStateTraffic><percentNationalTraffic>0.0000857748</percentNationalTraffic></trafficStat><trafficStat><date>2014-08-21</date><percentStateTraffic>0.0107043460</percentStateTraffic><percentNationalTraffic>0.0000294503</percentNationalTraffic></trafficStat><trafficStat><date>2014-08-23</date><percentStateTraffic>0.0321543408</percentStateTraffic><percentNationalTraffic>0.0000952425</percentNationalTraffic></trafficStat><trafficStat><date>2014-08-25</date><percentStateTraffic>0.0284738041</percentStateTraffic><percentNationalTraffic>0.0000857631</percentNationalTraffic></trafficStat><trafficStat><date>2014-08-26</date><percentStateTraffic>0.0218054950</percentStateTraffic><percentNationalTraffic>0.0000590971</percentNationalTraffic></trafficStat><trafficStat><date>2014-08-28</date><percentStateTraffic>0.0357824427</percentStateTraffic><percentNationalTraffic>0.0000991113</percentNationalTraffic></trafficStat><trafficStat><date>2014-08-31</date><percentStateTraffic>0.0126103405</percentStateTraffic><percentNationalTraffic>0.0000314091</percentNationalTraffic></trafficStat><trafficStat><date>2014-09-02</date><percentStateTraffic>0.0103124678</percentStateTraffic><percentNationalTraffic>0.0000290426</percentNationalTraffic></trafficStat><trafficStat><date>2014-09-03</date><percentStateTraffic>0.0105540897</percentStateTraffic><percentNationalTraffic>0.0000306390</percentNationalTraffic></trafficStat><trafficStat><date>2014-09-04</date><percentStateTraffic>0.0106917567</percentStateTraffic><percentNationalTraffic>0.0000304667</percentNationalTraffic></trafficStat><trafficStat><date>2014-09-06</date><percentStateTraffic>0.0211371803</percentStateTraffic><percentNationalTraffic>0.0000632061</percentNationalTraffic></trafficStat><trafficStat><date>2014-09-07</date><percentStateTraffic>0.0100532824</percentStateTraffic><percentNationalTraffic>0.0000303170</percentNationalTraffic></trafficStat><trafficStat><date>2014-09-10</date><percentStateTraffic>0.0108038029</percentStateTraffic><percentNationalTraffic>0.0000309888</percentNationalTraffic></trafficStat><trafficStat><date>2014-09-11</date><percentStateTraffic>0.0113378685</percentStateTraffic><percentNationalTraffic>0.0000321216</percentNationalTraffic></trafficStat><trafficStat><date>2014-09-13</date><percentStateTraffic>0.0111856823</percentStateTraffic><percentNationalTraffic>0.0000338622</percentNationalTraffic></trafficStat><trafficStat><date>2014-09-15</date><percentStateTraffic>0.0373308446</percentStateTraffic><percentNationalTraffic>0.0001200345</percentNationalTraffic></trafficStat><trafficStat><date>2014-09-18</date><percentStateTraffic>0.0113160575</percentStateTraffic><percentNationalTraffic>0.0000320205</percentNationalTraffic></trafficStat><trafficStat><date>2014-09-20</date><percentStateTraffic>0.0130992926</percentStateTraffic><percentNationalTraffic>0.0000357150</percentNationalTraffic></trafficStat><trafficStat><date>2014-09-23</date><percentStateTraffic>0.0110485029</percentStateTraffic><percentNationalTraffic>0.0000315424</percentNationalTraffic></trafficStat><trafficStat><date>2014-09-24</date><percentStateTraffic>0.0416840350</percentStateTraffic><percentNationalTraffic>0.0001229118</percentNationalTraffic></trafficStat><trafficStat><date>2014-09-26</date><percentStateTraffic>0.0412286127</percentStateTraffic><percentNationalTraffic>0.0001392943</percentNationalTraffic></trafficStat><trafficStat><date>2014-09-28</date><percentStateTraffic>0.0105685902</percentStateTraffic><percentNationalTraffic>0.0000326134</percentNationalTraffic></trafficStat><trafficStat><date>2014-09-29</date><percentStateTraffic>0.0101153146</percentStateTraffic><percentNationalTraffic>0.0000296233</percentNationalTraffic></trafficStat><trafficStat><date>2014-10-02</date><percentStateTraffic>0.0102606197</percentStateTraffic><percentNationalTraffic>0.0000317691</percentNationalTraffic></trafficStat><trafficStat><date>2014-10-05</date><percentStateTraffic>0.0101615689</percentStateTraffic><percentNationalTraffic>0.0000327683</percentNationalTraffic></trafficStat><trafficStat><date>2014-10-06</date><percentStateTraffic>0.0268744961</percentStateTraffic><percentNationalTraffic>0.0000903850</percentNationalTraffic></trafficStat><trafficStat><date>2014-10-07</date><percentStateTraffic>0.0102543068</percentStateTraffic><percentNationalTraffic>0.0000305122</percentNationalTraffic></trafficStat><trafficStat><date>2014-10-08</date><percentStateTraffic>0.0443606521</percentStateTraffic><percentNationalTraffic>0.0001273539</percentNationalTraffic></trafficStat><trafficStat><date>2014-10-09</date><percentStateTraffic>0.0112943302</percentStateTraffic><percentNationalTraffic>0.0000332075</percentNationalTraffic></trafficStat><trafficStat><date>2014-10-10</date><percentStateTraffic>0.0105674733</percentStateTraffic><percentNationalTraffic>0.0000348383</percentNationalTraffic></trafficStat><trafficStat><date>2014-10-11</date><percentStateTraffic>0.0126790922</percentStateTraffic><percentNationalTraffic>0.0000380513</percentNationalTraffic></trafficStat><trafficStat><date>2014-10-12</date><percentStateTraffic>0.0109950522</percentStateTraffic><percentNationalTraffic>0.0000346130</percentNationalTraffic></trafficStat><trafficStat><date>2014-10-13</date><percentStateTraffic>0.0199640647</percentStateTraffic><percentNationalTraffic>0.0000627924</percentNationalTraffic></trafficStat><trafficStat><date>2014-10-14</date><percentStateTraffic>0.0286013919</percentStateTraffic><percentNationalTraffic>0.0000990568</percentNationalTraffic></trafficStat><trafficStat><date>2014-10-15</date><percentStateTraffic>0.0213265089</percentStateTraffic><percentNationalTraffic>0.0000647887</percentNationalTraffic></trafficStat><trafficStat><date>2014-10-18</date><percentStateTraffic>0.0125219133</percentStateTraffic><percentNationalTraffic>0.0000394364</percentNationalTraffic></trafficStat><trafficStat><date>2014-10-19</date><percentStateTraffic>0.0520291363</percentStateTraffic><percentNationalTraffic>0.0001805904</percentNationalTraffic></trafficStat><trafficStat><date>2014-10-22</date><percentStateTraffic>0.0755613126</percentStateTraffic><percentNationalTraffic>0.0002412509</percentNationalTraffic></trafficStat><trafficStat><date>2014-10-23</date><percentStateTraffic>0.0104690117</percentStateTraffic><percentNationalTraffic>0.0000356329</percentNationalTraffic></trafficStat><trafficStat><date>2014-10-25</date><percentStateTraffic>0.0132030631</percentStateTraffic><percentNationalTraffic>0.0000415064</percentNationalTraffic></trafficStat><trafficStat><date>2014-10-26</date><percentStateTraffic>0.0428036383</percentStateTraffic><percentNationalTraffic>0.0001504487</percentNationalTraffic></trafficStat><trafficStat><date>2014-10-27</date><percentStateTraffic>0.0378931413</percentStateTraffic><percentNationalTraffic>0.0001306654</percentNationalTraffic></trafficStat><trafficStat><date>2014-10-28</date><percentStateTraffic>0.0323519896</percentStateTraffic><percentNationalTraffic>0.0001013990</percentNationalTraffic></trafficStat><trafficStat><date>2014-10-29</date><percentStateTraffic>0.0110023105</percentStateTraffic><percentNationalTraffic>0.0000346968</percentNationalTraffic></trafficStat><trafficStat><date>2014-10-30</date><percentStateTraffic>0.0377928949</percentStateTraffic><percentNationalTraffic>0.0001110428</percentNationalTraffic></trafficStat><trafficStat><date>2014-11-02</date><percentStateTraffic>0.0556111667</percentStateTraffic><percentNationalTraffic>0.0001737981</percentNationalTraffic></trafficStat><trafficStat><date>2014-11-06</date><percentStateTraffic>0.0115273775</percentStateTraffic><percentNationalTraffic>0.0000354701</percentNationalTraffic></trafficStat><trafficStat><date>2014-11-10</date><percentStateTraffic>0.0101347927</percentStateTraffic><percentNationalTraffic>0.0000345809</percentNationalTraffic></trafficStat><trafficStat><date>2014-11-11</date><percentStateTraffic>0.0517397491</percentStateTraffic><percentNationalTraffic>0.0001485122</percentNationalTraffic></trafficStat><trafficStat><date>2014-11-12</date><percentStateTraffic>0.0332520505</percentStateTraffic><percentNationalTraffic>0.0001102828</percentNationalTraffic></trafficStat><trafficStat><date>2014-11-16</date><percentStateTraffic>0.0111457869</percentStateTraffic><percentNationalTraffic>0.0000393741</percentNationalTraffic></trafficStat><trafficStat><date>2014-11-18</date><percentStateTraffic>0.0773096250</percentStateTraffic><percentNationalTraffic>0.0002357270</percentNationalTraffic></trafficStat><trafficStat><date>2014-11-19</date><percentStateTraffic>0.0261985853</percentStateTraffic><percentNationalTraffic>0.0000808135</percentNationalTraffic></trafficStat><trafficStat><date>2014-11-20</date><percentStateTraffic>0.0268889486</percentStateTraffic><percentNationalTraffic>0.0000819433</percentNationalTraffic></trafficStat><trafficStat><date>2014-11-22</date><percentStateTraffic>0.0129718511</percentStateTraffic><percentNationalTraffic>0.0000448421</percentNationalTraffic></trafficStat><trafficStat><date>2014-11-23</date><percentStateTraffic>0.0123076923</percentStateTraffic><percentNationalTraffic>0.0000428519</percentNationalTraffic></trafficStat><trafficStat><date>2014-11-26</date><percentStateTraffic>0.0143184422</percentStateTraffic><percentNationalTraffic>0.0000489971</percentNationalTraffic></trafficStat><trafficStat><date>2014-11-29</date><percentStateTraffic>0.0149790294</percentStateTraffic><percentNationalTraffic>0.0000463125</percentNationalTraffic></trafficStat><trafficStat><date>2014-11-30</date><percentStateTraffic>0.0128567755</percentStateTraffic><percentNationalTraffic>0.0000422925</percentNationalTraffic></trafficStat><trafficStat><date>2014-12-03</date><percentStateTraffic>0.0129299198</percentStateTraffic><percentNationalTraffic>0.0000386592</percentNationalTraffic></trafficStat><trafficStat><date>2014-12-08</date><percentStateTraffic>0.0120525491</percentStateTraffic><percentNationalTraffic>0.0000380035</percentNationalTraffic></trafficStat><trafficStat><date>2014-12-10</date><percentStateTraffic>0.0243249818</percentStateTraffic><percentNationalTraffic>0.0000792838</percentNationalTraffic></trafficStat><trafficStat><date>2014-12-11</date><percentStateTraffic>0.0369458128</percentStateTraffic><percentNationalTraffic>0.0001236225</percentNationalTraffic></trafficStat><trafficStat><date>2014-12-20</date><percentStateTraffic>0.0158730159</percentStateTraffic><percentNationalTraffic>0.0000505871</percentNationalTraffic></trafficStat><trafficStat><date>2014-12-21</date><percentStateTraffic>0.0166444740</percentStateTraffic><percentNationalTraffic>0.0000480997</percentNationalTraffic></trafficStat><trafficStat><date>2014-12-23</date><percentStateTraffic>0.0149499178</percentStateTraffic><percentNationalTraffic>0.0000478345</percentNationalTraffic></trafficStat><trafficStat><date>2014-12-27</date><percentStateTraffic>0.0169923534</percentStateTraffic><percentNationalTraffic>0.0000420775</percentNationalTraffic></trafficStat><trafficStat><date>2014-12-28</date><percentStateTraffic>0.0417304215</percentStateTraffic><percentNationalTraffic>0.0001107045</percentNationalTraffic></trafficStat><trafficStat><date>2014-12-31</date><percentStateTraffic>0.0508474576</percentStateTraffic><percentNationalTraffic>0.0001299408</percentNationalTraffic></trafficStat><trafficStat><date>2015-01-01</date><percentStateTraffic>0.0300751880</percentStateTraffic><percentNationalTraffic>0.0000748124</percentNationalTraffic></trafficStat><trafficStat><date>2015-01-02</date><percentStateTraffic>0.0359496705</percentStateTraffic><percentNationalTraffic>0.0000981787</percentNationalTraffic></trafficStat><trafficStat><date>2015-01-05</date><percentStateTraffic>0.0614682122</percentStateTraffic><percentNationalTraffic>0.0002247451</percentNationalTraffic></trafficStat><trafficStat><date>2015-01-06</date><percentStateTraffic>0.0104405930</percentStateTraffic><percentNationalTraffic>0.0000317865</percentNationalTraffic></trafficStat><trafficStat><date>2015-01-08</date><percentStateTraffic>0.0456308465</percentStateTraffic><percentNationalTraffic>0.0001273096</percentNationalTraffic></trafficStat><trafficStat><date>2015-01-12</date><percentStateTraffic>0.0117274540</percentStateTraffic><percentNationalTraffic>0.0000302075</percentNationalTraffic></trafficStat><trafficStat><date>2015-01-13</date><percentStateTraffic>0.0122129946</percentStateTraffic><percentNationalTraffic>0.0000314137</percentNationalTraffic></trafficStat><trafficStat><date>2015-01-14</date><percentStateTraffic>0.0113468739</percentStateTraffic><percentNationalTraffic>0.0000311577</percentNationalTraffic></trafficStat><trafficStat><date>2015-01-15</date><percentStateTraffic>0.0228545309</percentStateTraffic><percentNationalTraffic>0.0000634643</percentNationalTraffic></trafficStat><trafficStat><date>2015-01-16</date><percentStateTraffic>0.0365630713</percentStateTraffic><percentNationalTraffic>0.0000982326</percentNationalTraffic></trafficStat><trafficStat><date>2015-01-17</date><percentStateTraffic>0.0238237046</percentStateTraffic><percentNationalTraffic>0.0000685871</percentNationalTraffic></trafficStat><trafficStat><date>2015-01-19</date><percentStateTraffic>0.0344431688</percentStateTraffic><percentNationalTraffic>0.0000889284</percentNationalTraffic></trafficStat><trafficStat><date>2015-01-20</date><percentStateTraffic>0.0214431221</percentStateTraffic><percentNationalTraffic>0.0000618549</percentNationalTraffic></trafficStat><trafficStat><date>2015-01-23</date><percentStateTraffic>0.0333518621</percentStateTraffic><percentNationalTraffic>0.0000953767</percentNationalTraffic></trafficStat><trafficStat><date>2015-01-24</date><percentStateTraffic>0.0417623721</percentStateTraffic><percentNationalTraffic>0.0001243800</percentNationalTraffic></trafficStat><trafficStat><date>2015-01-26</date><percentStateTraffic>0.0294031167</percentStateTraffic><percentNationalTraffic>0.0000893272</percentNationalTraffic></trafficStat><trafficStat><date>2015-01-27</date><percentStateTraffic>0.0108014690</percentStateTraffic><percentNationalTraffic>0.0000298186</percentNationalTraffic></trafficStat><trafficStat><date>2015-01-29</date><percentStateTraffic>0.0114116170</percentStateTraffic><percentNationalTraffic>0.0000258375</percentNationalTraffic></trafficStat><trafficStat><date>2015-01-31</date><percentStateTraffic>0.0254614895</percentStateTraffic><percentNationalTraffic>0.0000707410</percentNationalTraffic></trafficStat><trafficStat><date>2015-02-02</date><percentStateTraffic>0.0204813108</percentStateTraffic><percentNationalTraffic>0.0000612163</percentNationalTraffic></trafficStat><trafficStat><date>2015-02-04</date><percentStateTraffic>0.0340136054</percentStateTraffic><percentNationalTraffic>0.0000936322</percentNationalTraffic></trafficStat><trafficStat><date>2015-02-07</date><percentStateTraffic>0.0251193168</percentStateTraffic><percentNationalTraffic>0.0000676954</percentNationalTraffic></trafficStat><trafficStat><date>2015-02-08</date><percentStateTraffic>0.0225225225</percentStateTraffic><percentNationalTraffic>0.0000605387</percentNationalTraffic></trafficStat><trafficStat><date>2015-02-09</date><percentStateTraffic>0.0299850075</percentStateTraffic><percentNationalTraffic>0.0000870427</percentNationalTraffic></trafficStat><trafficStat><date>2015-02-10</date><percentStateTraffic>0.0103680664</percentStateTraffic><percentNationalTraffic>0.0000313123</percentNationalTraffic></trafficStat><trafficStat><date>2015-02-11</date><percentStateTraffic>0.0244289728</percentStateTraffic><percentNationalTraffic>0.0000641241</percentNationalTraffic></trafficStat><trafficStat><date>2015-02-13</date><percentStateTraffic>0.0285225328</percentStateTraffic><percentNationalTraffic>0.0000722814</percentNationalTraffic></trafficStat><trafficStat><date>2015-02-15</date><percentStateTraffic>0.0112968821</percentStateTraffic><percentNationalTraffic>0.0000324119</percentNationalTraffic></trafficStat><trafficStat><date>2015-02-17</date><percentStateTraffic>0.1023308698</percentStateTraffic><percentNationalTraffic>0.0002791781</percentNationalTraffic></trafficStat><trafficStat><date>2015-02-18</date><percentStateTraffic>0.0470201011</percentStateTraffic><percentNationalTraffic>0.0001254880</percentNationalTraffic></trafficStat><trafficStat><date>2015-02-28</date><percentStateTraffic>0.0239894446</percentStateTraffic><percentNationalTraffic>0.0000653787</percentNationalTraffic></trafficStat><trafficStat><date>2015-03-01</date><percentStateTraffic>0.1032204789</percentStateTraffic><percentNationalTraffic>0.0003056654</percentNationalTraffic></trafficStat><trafficStat><date>2015-03-03</date><percentStateTraffic>0.0344313095</percentStateTraffic><percentNationalTraffic>0.0000923405</percentNationalTraffic></trafficStat><trafficStat><date>2015-03-04</date><percentStateTraffic>0.0463284688</percentStateTraffic><percentNationalTraffic>0.0001232433</percentNationalTraffic></trafficStat><trafficStat><date>2015-03-23</date><percentStateTraffic>0.0096730509</percentStateTraffic><percentNationalTraffic>0.0000296825</percentNationalTraffic></trafficStat><trafficStat><date>2015-03-24</date><percentStateTraffic>0.1930698100</percentStateTraffic><percentNationalTraffic>0.0005870436</percentNationalTraffic></trafficStat><trafficStat><date>2015-04-02</date><percentStateTraffic>0.0120004800</percentStateTraffic><percentNationalTraffic>0.0000341841</percentNationalTraffic></trafficStat><trafficStat><date>2015-04-07</date><percentStateTraffic>0.0328299409</percentStateTraffic><percentNationalTraffic>0.0000911295</percentNationalTraffic></trafficStat><trafficStat><date>2015-04-08</date><percentStateTraffic>0.0461148259</percentStateTraffic><percentNationalTraffic>0.0001332698</percentNationalTraffic></trafficStat><trafficStat><date>2015-04-11</date><percentStateTraffic>0.0134807226</percentStateTraffic><percentNationalTraffic>0.0000373651</percentNationalTraffic></trafficStat><trafficStat><date>2015-04-13</date><percentStateTraffic>0.0607287449</percentStateTraffic><percentNationalTraffic>0.0001847994</percentNationalTraffic></trafficStat><trafficStat><date>2015-04-16</date><percentStateTraffic>0.0233945491</percentStateTraffic><percentNationalTraffic>0.0000653481</percentNationalTraffic></trafficStat><trafficStat><date>2015-04-19</date><percentStateTraffic>0.0358808755</percentStateTraffic><percentNationalTraffic>0.0001021580</percentNationalTraffic></trafficStat><trafficStat><date>2015-04-20</date><percentStateTraffic>0.0493388593</percentStateTraffic><percentNationalTraffic>0.0001485331</percentNationalTraffic></trafficStat><trafficStat><date>2015-04-21</date><percentStateTraffic>0.0185270959</percentStateTraffic><percentNationalTraffic>0.0000533884</percentNationalTraffic></trafficStat><trafficStat><date>2015-04-22</date><percentStateTraffic>0.0112854080</percentStateTraffic><percentNationalTraffic>0.0000307546</percentNationalTraffic></trafficStat><trafficStat><date>2015-04-23</date><percentStateTraffic>0.0114181320</percentStateTraffic><percentNationalTraffic>0.0000313963</percentNationalTraffic></trafficStat><trafficStat><date>2015-04-29</date><percentStateTraffic>0.0364520049</percentStateTraffic><percentNationalTraffic>0.0000962860</percentNationalTraffic></trafficStat><trafficStat><date>2015-05-01</date><percentStateTraffic>0.0359023456</percentStateTraffic><percentNationalTraffic>0.0001106448</percentNationalTraffic></trafficStat><trafficStat><date>2015-05-02</date><percentStateTraffic>0.0147863374</percentStateTraffic><percentNationalTraffic>0.0000442494</percentNationalTraffic></trafficStat><trafficStat><date>2015-05-03</date><percentStateTraffic>0.0132415254</percentStateTraffic><percentNationalTraffic>0.0000399153</percentNationalTraffic></trafficStat><trafficStat><date>2015-05-04</date><percentStateTraffic>0.0114600046</percentStateTraffic><percentNationalTraffic>0.0000325738</percentNationalTraffic></trafficStat><trafficStat><date>2015-05-05</date><percentStateTraffic>0.0609087587</percentStateTraffic><percentNationalTraffic>0.0001705933</percentNationalTraffic></trafficStat><trafficStat><date>2015-05-06</date><percentStateTraffic>0.0117799505</percentStateTraffic><percentNationalTraffic>0.0000343553</percentNationalTraffic></trafficStat><trafficStat><date>2015-05-07</date><percentStateTraffic>0.0126278571</percentStateTraffic><percentNationalTraffic>0.0000359363</percentNationalTraffic></trafficStat><trafficStat><date>2015-05-09</date><percentStateTraffic>0.0143245953</percentStateTraffic><percentNationalTraffic>0.0000440273</percentNationalTraffic></trafficStat><trafficStat><date>2015-05-10</date><percentStateTraffic>0.0148411992</percentStateTraffic><percentNationalTraffic>0.0000444825</percentNationalTraffic></trafficStat><trafficStat><date>2015-05-14</date><percentStateTraffic>0.0116767865</percentStateTraffic><percentNationalTraffic>0.0000355324</percentNationalTraffic></trafficStat><trafficStat><date>2015-05-16</date><percentStateTraffic>0.0156079288</percentStateTraffic><percentNationalTraffic>0.0000432930</percentNationalTraffic></trafficStat><trafficStat><date>2015-05-17</date><percentStateTraffic>0.0124657193</percentStateTraffic><percentNationalTraffic>0.0000398053</percentNationalTraffic></trafficStat><trafficStat><date>2015-05-18</date><percentStateTraffic>0.0414808670</percentStateTraffic><percentNationalTraffic>0.0001356472</percentNationalTraffic></trafficStat><trafficStat><date>2015-05-19</date><percentStateTraffic>0.0343524562</percentStateTraffic><percentNationalTraffic>0.0001007859</percentNationalTraffic></trafficStat><trafficStat><date>2015-05-20</date><percentStateTraffic>0.0130022104</percentStateTraffic><percentNationalTraffic>0.0000360800</percentNationalTraffic></trafficStat><trafficStat><date>2015-05-21</date><percentStateTraffic>0.0230070171</percentStateTraffic><percentNationalTraffic>0.0000726304</percentNationalTraffic></trafficStat><trafficStat><date>2015-05-23</date><percentStateTraffic>0.0531161473</percentStateTraffic><percentNationalTraffic>0.0001386197</percentNationalTraffic></trafficStat><trafficStat><date>2015-05-27</date><percentStateTraffic>0.0363020329</percentStateTraffic><percentNationalTraffic>0.0001040806</percentNationalTraffic></trafficStat><trafficStat><date>2015-05-30</date><percentStateTraffic>0.0154607297</percentStateTraffic><percentNationalTraffic>0.0000426461</percentNationalTraffic></trafficStat><trafficStat><date>2015-05-31</date><percentStateTraffic>0.0142897971</percentStateTraffic><percentNationalTraffic>0.0000377332</percentNationalTraffic></trafficStat><trafficStat><date>2015-06-04</date><percentStateTraffic>0.0129148909</percentStateTraffic><percentNationalTraffic>0.0000376162</percentNationalTraffic></trafficStat><trafficStat><date>2015-06-05</date><percentStateTraffic>0.0143143430</percentStateTraffic><percentNationalTraffic>0.0000416462</percentNationalTraffic></trafficStat><trafficStat><date>2015-06-09</date><percentStateTraffic>0.0402414487</percentStateTraffic><percentNationalTraffic>0.0001090266</percentNationalTraffic></trafficStat><trafficStat><date>2015-06-15</date><percentStateTraffic>0.0117688596</percentStateTraffic><percentNationalTraffic>0.0000354140</percentNationalTraffic></trafficStat><trafficStat><date>2015-06-16</date><percentStateTraffic>0.0551571980</percentStateTraffic><percentNationalTraffic>0.0001499849</percentNationalTraffic></trafficStat><trafficStat><date>2015-06-25</date><percentStateTraffic>0.0253389079</percentStateTraffic><percentNationalTraffic>0.0000756433</percentNationalTraffic></trafficStat><trafficStat><date>2015-06-28</date><percentStateTraffic>0.0169118891</percentStateTraffic><percentNationalTraffic>0.0000425350</percentNationalTraffic></trafficStat><trafficStat><date>2015-06-29</date><percentStateTraffic>0.0132996409</percentStateTraffic><percentNationalTraffic>0.0000367031</percentNationalTraffic></trafficStat><trafficStat><date>2015-06-30</date><percentStateTraffic>0.0245549417</percentStateTraffic><percentNationalTraffic>0.0000777870</percentNationalTraffic></trafficStat><trafficStat><date>2015-07-09</date><percentStateTraffic>0.0529520784</percentStateTraffic><percentNationalTraffic>0.0001458676</percentNationalTraffic></trafficStat><trafficStat><date>2015-07-13</date><percentStateTraffic>0.0721327242</percentStateTraffic><percentNationalTraffic>0.0002108261</percentNationalTraffic></trafficStat><trafficStat><date>2015-07-14</date><percentStateTraffic>0.0268420346</percentStateTraffic><percentNationalTraffic>0.0000687076</percentNationalTraffic></trafficStat><trafficStat><date>2015-07-15</date><percentStateTraffic>0.0140508641</percentStateTraffic><percentNationalTraffic>0.0000360637</percentNationalTraffic></trafficStat><trafficStat><date>2015-07-18</date><percentStateTraffic>0.0154894672</percentStateTraffic><percentNationalTraffic>0.0000440147</percentNationalTraffic></trafficStat><trafficStat><date>2015-07-19</date><percentStateTraffic>0.0292654375</percentStateTraffic><percentNationalTraffic>0.0000841918</percentNationalTraffic></trafficStat><trafficStat><date>2015-07-20</date><percentStateTraffic>0.0373552484</percentStateTraffic><percentNationalTraffic>0.0001034358</percentNationalTraffic></trafficStat><trafficStat><date>2015-07-22</date><percentStateTraffic>0.0400962310</percentStateTraffic><percentNationalTraffic>0.0001057069</percentNationalTraffic></trafficStat><trafficStat><date>2015-07-24</date><percentStateTraffic>0.0285266011</percentStateTraffic><percentNationalTraffic>0.0000753863</percentNationalTraffic></trafficStat><trafficStat><date>2015-07-26</date><percentStateTraffic>0.0155787506</percentStateTraffic><percentNationalTraffic>0.0000394197</percentNationalTraffic></trafficStat><trafficStat><date>2015-07-27</date><percentStateTraffic>0.0374672162</percentStateTraffic><percentNationalTraffic>0.0001003566</percentNationalTraffic></trafficStat><trafficStat><date>2015-07-28</date><percentStateTraffic>0.0132961042</percentStateTraffic><percentNationalTraffic>0.0000348232</percentNationalTraffic></trafficStat><trafficStat><date>2015-07-29</date><percentStateTraffic>0.0141482739</percentStateTraffic><percentNationalTraffic>0.0000352381</percentNationalTraffic></trafficStat><trafficStat><date>2015-07-30</date><percentStateTraffic>0.0136761488</percentStateTraffic><percentNationalTraffic>0.0000358415</percentNationalTraffic></trafficStat><trafficStat><date>2015-08-03</date><percentStateTraffic>0.0129349373</percentStateTraffic><percentNationalTraffic>0.0000334479</percentNationalTraffic></trafficStat><trafficStat><date>2015-08-05</date><percentStateTraffic>0.0261369577</percentStateTraffic><percentNationalTraffic>0.0000716790</percentNationalTraffic></trafficStat><trafficStat><date>2015-08-07</date><percentStateTraffic>0.0144801622</percentStateTraffic><percentNationalTraffic>0.0000401728</percentNationalTraffic></trafficStat><trafficStat><date>2015-08-09</date><percentStateTraffic>0.0149700599</percentStateTraffic><percentNationalTraffic>0.0000402810</percentNationalTraffic></trafficStat><trafficStat><date>2015-08-10</date><percentStateTraffic>0.0118638035</percentStateTraffic><percentNationalTraffic>0.0000332081</percentNationalTraffic></trafficStat><trafficStat><date>2015-08-11</date><percentStateTraffic>0.0271886895</percentStateTraffic><percentNationalTraffic>0.0000690846</percentNationalTraffic></trafficStat><trafficStat><date>2015-08-20</date><percentStateTraffic>0.0140095265</percentStateTraffic><percentNationalTraffic>0.0000355883</percentNationalTraffic></trafficStat><trafficStat><date>2015-08-21</date><percentStateTraffic>0.0136873802</percentStateTraffic><percentNationalTraffic>0.0000382095</percentNationalTraffic></trafficStat><trafficStat><date>2015-08-23</date><percentStateTraffic>0.0317813444</percentStateTraffic><percentNationalTraffic>0.0000754905</percentNationalTraffic></trafficStat><trafficStat><date>2015-08-24</date><percentStateTraffic>0.0126534228</percentStateTraffic><percentNationalTraffic>0.0000350638</percentNationalTraffic></trafficStat><trafficStat><date>2015-08-26</date><percentStateTraffic>0.0412371134</percentStateTraffic><percentNationalTraffic>0.0001130291</percentNationalTraffic></trafficStat><trafficStat><date>2015-08-29</date><percentStateTraffic>0.0168378515</percentStateTraffic><percentNationalTraffic>0.0000429442</percentNationalTraffic></trafficStat><trafficStat><date>2015-08-31</date><percentStateTraffic>0.0252876470</percentStateTraffic><percentNationalTraffic>0.0000726920</percentNationalTraffic></trafficStat><trafficStat><date>2015-09-02</date><percentStateTraffic>0.0272219954</percentStateTraffic><percentNationalTraffic>0.0000755407</percentNationalTraffic></trafficStat><trafficStat><date>2015-09-07</date><percentStateTraffic>0.0178507676</percentStateTraffic><percentNationalTraffic>0.0000412588</percentNationalTraffic></trafficStat><trafficStat><date>2015-09-08</date><percentStateTraffic>0.0145032632</percentStateTraffic><percentNationalTraffic>0.0000374501</percentNationalTraffic></trafficStat><trafficStat><date>2015-09-10</date><percentStateTraffic>0.0130463144</percentStateTraffic><percentNationalTraffic>0.0000399450</percentNationalTraffic></trafficStat><trafficStat><date>2015-09-14</date><percentStateTraffic>0.0126486213</percentStateTraffic><percentNationalTraffic>0.0000389344</percentNationalTraffic></trafficStat><trafficStat><date>2015-09-16</date><percentStateTraffic>0.0149700599</percentStateTraffic><percentNationalTraffic>0.0000418332</percentNationalTraffic></trafficStat><trafficStat><date>2015-09-21</date><percentStateTraffic>0.0120120120</percentStateTraffic><percentNationalTraffic>0.0000380988</percentNationalTraffic></trafficStat><trafficStat><date>2015-09-22</date><percentStateTraffic>0.0280701754</percentStateTraffic><percentNationalTraffic>0.0000848845</percentNationalTraffic></trafficStat><trafficStat><date>2015-09-26</date><percentStateTraffic>0.0144843569</percentStateTraffic><percentNationalTraffic>0.0000476525</percentNationalTraffic></trafficStat><trafficStat><date>2015-09-27</date><percentStateTraffic>0.0535331906</percentStateTraffic><percentNationalTraffic>0.0001826261</percentNationalTraffic></trafficStat><trafficStat><date>2015-09-29</date><percentStateTraffic>0.0135501355</percentStateTraffic><percentNationalTraffic>0.0000392976</percentNationalTraffic></trafficStat><trafficStat><date>2015-10-06</date><percentStateTraffic>0.0156396622</percentStateTraffic><percentNationalTraffic>0.0000417298</percentNationalTraffic></trafficStat><trafficStat><date>2015-10-10</date><percentStateTraffic>0.0345960906</percentStateTraffic><percentNationalTraffic>0.0000973016</percentNationalTraffic></trafficStat><trafficStat><date>2015-10-13</date><percentStateTraffic>0.0565371025</percentStateTraffic><percentNationalTraffic>0.0001599043</percentNationalTraffic></trafficStat><trafficStat><date>2015-10-14</date><percentStateTraffic>0.0402900886</percentStateTraffic><percentNationalTraffic>0.0001238306</percentNationalTraffic></trafficStat><trafficStat><date>2015-10-15</date><percentStateTraffic>0.0148831671</percentStateTraffic><percentNationalTraffic>0.0000421557</percentNationalTraffic></trafficStat><trafficStat><date>2015-10-16</date><percentStateTraffic>0.0319386777</percentStateTraffic><percentNationalTraffic>0.0000888447</percentNationalTraffic></trafficStat><trafficStat><date>2015-10-18</date><percentStateTraffic>0.0150784077</percentStateTraffic><percentNationalTraffic>0.0000458138</percentNationalTraffic></trafficStat><trafficStat><date>2015-10-19</date><percentStateTraffic>0.0398724083</percentStateTraffic><percentNationalTraffic>0.0001190385</percentNationalTraffic></trafficStat><trafficStat><date>2015-10-21</date><percentStateTraffic>0.0139159477</percentStateTraffic><percentNationalTraffic>0.0000411287</percentNationalTraffic></trafficStat><trafficStat><date>2015-10-22</date><percentStateTraffic>0.0272553829</percentStateTraffic><percentNationalTraffic>0.0000848530</percentNationalTraffic></trafficStat><trafficStat><date>2015-10-23</date><percentStateTraffic>0.0411184211</percentStateTraffic><percentNationalTraffic>0.0001347505</percentNationalTraffic></trafficStat><trafficStat><date>2015-10-25</date><percentStateTraffic>0.0141262890</percentStateTraffic><percentNationalTraffic>0.0000451374</percentNationalTraffic></trafficStat><trafficStat><date>2015-10-26</date><percentStateTraffic>0.0119803522</percentStateTraffic><percentNationalTraffic>0.0000387974</percentNationalTraffic></trafficStat><trafficStat><date>2015-10-27</date><percentStateTraffic>0.0129299198</percentStateTraffic><percentNationalTraffic>0.0000397178</percentNationalTraffic></trafficStat><trafficStat><date>2015-10-31</date><percentStateTraffic>0.0163185379</percentStateTraffic><percentNationalTraffic>0.0000497908</percentNationalTraffic></trafficStat><trafficStat><date>2015-11-01</date><percentStateTraffic>0.0126103405</percentStateTraffic><percentNationalTraffic>0.0000405873</percentNationalTraffic></trafficStat><trafficStat><date>2015-11-08</date><percentStateTraffic>0.0138197899</percentStateTraffic><percentNationalTraffic>0.0000417087</percentNationalTraffic></trafficStat><trafficStat><date>2015-11-13</date><percentStateTraffic>0.0267522739</percentStateTraffic><percentNationalTraffic>0.0000890882</percentNationalTraffic></trafficStat><trafficStat><date>2015-11-14</date><percentStateTraffic>0.0152021891</percentStateTraffic><percentNationalTraffic>0.0000482418</percentNationalTraffic></trafficStat><trafficStat><date>2015-11-16</date><percentStateTraffic>0.0398036354</percentStateTraffic><percentNationalTraffic>0.0001212406</percentNationalTraffic></trafficStat><trafficStat><date>2015-11-17</date><percentStateTraffic>0.0418526786</percentStateTraffic><percentNationalTraffic>0.0001248018</percentNationalTraffic></trafficStat><trafficStat><date>2015-11-18</date><percentStateTraffic>0.1048218029</percentStateTraffic><percentNationalTraffic>0.0003331937</percentNationalTraffic></trafficStat><trafficStat><date>2015-11-19</date><percentStateTraffic>0.0252016129</percentStateTraffic><percentNationalTraffic>0.0000832358</percentNationalTraffic></trafficStat><trafficStat><date>2015-11-24</date><percentStateTraffic>0.0290528762</percentStateTraffic><percentNationalTraffic>0.0000878006</percentNationalTraffic></trafficStat><trafficStat><date>2015-11-27</date><percentStateTraffic>0.0347342827</percentStateTraffic><percentNationalTraffic>0.0001059306</percentNationalTraffic></trafficStat><trafficStat><date>2015-11-28</date><percentStateTraffic>0.0751879699</percentStateTraffic><percentNationalTraffic>0.0002359351</percentNationalTraffic></trafficStat><trafficStat><date>2015-11-29</date><percentStateTraffic>0.0271517784</percentStateTraffic><percentNationalTraffic>0.0000886552</percentNationalTraffic></trafficStat><trafficStat><date>2015-12-01</date><percentStateTraffic>0.0135611608</percentStateTraffic><percentNationalTraffic>0.0000397309</percentNationalTraffic></trafficStat><trafficStat><date>2015-12-07</date><percentStateTraffic>0.0149276011</percentStateTraffic><percentNationalTraffic>0.0000441241</percentNationalTraffic></trafficStat><trafficStat><date>2015-12-08</date><percentStateTraffic>0.0262467192</percentStateTraffic><percentNationalTraffic>0.0000823781</percentNationalTraffic></trafficStat><trafficStat><date>2015-12-09</date><percentStateTraffic>0.0683713934</percentStateTraffic><percentNationalTraffic>0.0002081140</percentNationalTraffic></trafficStat><trafficStat><date>2015-12-13</date><percentStateTraffic>0.0152299726</percentStateTraffic><percentNationalTraffic>0.0000456099</percentNationalTraffic></trafficStat><trafficStat><date>2015-12-16</date><percentStateTraffic>0.0432588320</percentStateTraffic><percentNationalTraffic>0.0001275996</percentNationalTraffic></trafficStat><trafficStat><date>2015-12-17</date><percentStateTraffic>0.0154035736</percentStateTraffic><percentNationalTraffic>0.0000459192</percentNationalTraffic></trafficStat><trafficStat><date>2015-12-19</date><percentStateTraffic>0.0353107345</percentStateTraffic><percentNationalTraffic>0.0001074942</percentNationalTraffic></trafficStat><trafficStat><date>2015-12-30</date><percentStateTraffic>0.0499001996</percentStateTraffic><percentNationalTraffic>0.0001444574</percentNationalTraffic></trafficStat><trafficStat><date>2016-01-08</date><percentStateTraffic>0.0113404400</percentStateTraffic><percentNationalTraffic>0.0000346179</percentNationalTraffic></trafficStat><trafficStat><date>2016-01-11</date><percentStateTraffic>0.0109337415</percentStateTraffic><percentNationalTraffic>0.0000316579</percentNationalTraffic></trafficStat><trafficStat><date>2016-01-12</date><percentStateTraffic>0.0114797383</percentStateTraffic><percentNationalTraffic>0.0000315172</percentNationalTraffic></trafficStat><trafficStat><date>2016-01-13</date><percentStateTraffic>0.0111507583</percentStateTraffic><percentNationalTraffic>0.0000318841</percentNationalTraffic></trafficStat><trafficStat><date>2016-01-18</date><percentStateTraffic>0.0112815884</percentStateTraffic><percentNationalTraffic>0.0000307601</percentNationalTraffic></trafficStat><trafficStat><date>2016-01-22</date><percentStateTraffic>0.0293470286</percentStateTraffic><percentNationalTraffic>0.0000674824</percentNationalTraffic></trafficStat><trafficStat><date>2016-01-26</date><percentStateTraffic>0.0249812641</percentStateTraffic><percentNationalTraffic>0.0000590199</percentNationalTraffic></trafficStat><trafficStat><date>2016-01-28</date><percentStateTraffic>0.0126023945</percentStateTraffic><percentNationalTraffic>0.0000316610</percentNationalTraffic></trafficStat><trafficStat><date>2016-02-05</date><percentStateTraffic>0.0138370001</percentStateTraffic><percentNationalTraffic>0.0000331113</percentNationalTraffic></trafficStat><trafficStat><date>2016-02-07</date><percentStateTraffic>0.0137760022</percentStateTraffic><percentNationalTraffic>0.0000367119</percentNationalTraffic></trafficStat><trafficStat><date>2016-02-10</date><percentStateTraffic>0.0142247511</percentStateTraffic><percentNationalTraffic>0.0000323676</percentNationalTraffic></trafficStat><trafficStat><date>2016-02-13</date><percentStateTraffic>0.0286532951</percentStateTraffic><percentNationalTraffic>0.0000716671</percentNationalTraffic></trafficStat><trafficStat><date>2016-02-18</date><percentStateTraffic>0.0127113258</percentStateTraffic><percentNationalTraffic>0.0000354251</percentNationalTraffic></trafficStat><trafficStat><date>2016-02-22</date><percentStateTraffic>0.0254744619</percentStateTraffic><percentNationalTraffic>0.0000659703</percentNationalTraffic></trafficStat><trafficStat><date>2016-02-24</date><percentStateTraffic>0.0656340247</percentStateTraffic><percentNationalTraffic>0.0001644372</percentNationalTraffic></trafficStat><trafficStat><date>2016-03-04</date><percentStateTraffic>0.0117150890</percentStateTraffic><percentNationalTraffic>0.0000318847</percentNationalTraffic></trafficStat><trafficStat><date>2016-03-07</date><percentStateTraffic>0.0215076890</percentStateTraffic><percentNationalTraffic>0.0000574764</percentNationalTraffic></trafficStat><trafficStat><date>2016-03-09</date><percentStateTraffic>0.0124285359</percentStateTraffic><percentNationalTraffic>0.0000307548</percentNationalTraffic></trafficStat><trafficStat><date>2016-03-13</date><percentStateTraffic>0.0222766763</percentStateTraffic><percentNationalTraffic>0.0000668881</percentNationalTraffic></trafficStat><trafficStat><date>2016-03-15</date><percentStateTraffic>0.0116767865</percentStateTraffic><percentNationalTraffic>0.0000309140</percentNationalTraffic></trafficStat><trafficStat><date>2016-03-31</date><percentStateTraffic>0.0103434009</percentStateTraffic><percentNationalTraffic>0.0000293308</percentNationalTraffic></trafficStat><trafficStat><date>2016-04-01</date><percentStateTraffic>0.0106598444</percentStateTraffic><percentNationalTraffic>0.0000306184</percentNationalTraffic></trafficStat><trafficStat><date>2016-04-04</date><percentStateTraffic>0.0273647724</percentStateTraffic><percentNationalTraffic>0.0000809866</percentNationalTraffic></trafficStat><trafficStat><date>2016-04-05</date><percentStateTraffic>0.0219804374</percentStateTraffic><percentNationalTraffic>0.0000557935</percentNationalTraffic></trafficStat><trafficStat><date>2016-04-07</date><percentStateTraffic>0.0599820054</percentStateTraffic><percentNationalTraffic>0.0001751555</percentNationalTraffic></trafficStat><trafficStat><date>2016-04-08</date><percentStateTraffic>0.0113109377</percentStateTraffic><percentNationalTraffic>0.0000313164</percentNationalTraffic></trafficStat><trafficStat><date>2016-04-10</date><percentStateTraffic>0.0114324911</percentStateTraffic><percentNationalTraffic>0.0000306986</percentNationalTraffic></trafficStat><trafficStat><date>2016-04-11</date><percentStateTraffic>0.0185013876</percentStateTraffic><percentNationalTraffic>0.0000551037</percentNationalTraffic></trafficStat><trafficStat><date>2016-04-12</date><percentStateTraffic>0.0459812397</percentStateTraffic><percentNationalTraffic>0.0001421053</percentNationalTraffic></trafficStat><trafficStat><date>2016-04-13</date><percentStateTraffic>0.0462374292</percentStateTraffic><percentNationalTraffic>0.0001203360</percentNationalTraffic></trafficStat><trafficStat><date>2016-04-17</date><percentStateTraffic>0.0767656090</percentStateTraffic><percentNationalTraffic>0.0002111664</percentNationalTraffic></trafficStat><trafficStat><date>2016-04-19</date><percentStateTraffic>0.0113096584</percentStateTraffic><percentNationalTraffic>0.0000297224</percentNationalTraffic></trafficStat><trafficStat><date>2016-04-22</date><percentStateTraffic>0.0126103405</percentStateTraffic><percentNationalTraffic>0.0000338180</percentNationalTraffic></trafficStat><trafficStat><date>2016-04-24</date><percentStateTraffic>0.0128205128</percentStateTraffic><percentNationalTraffic>0.0000360839</percentNationalTraffic></trafficStat><trafficStat><date>2016-04-25</date><percentStateTraffic>0.0435255713</percentStateTraffic><percentNationalTraffic>0.0001188987</percentNationalTraffic></trafficStat><trafficStat><date>2016-04-26</date><percentStateTraffic>0.0466472303</percentStateTraffic><percentNationalTraffic>0.0001189980</percentNationalTraffic></trafficStat><trafficStat><date>2016-04-27</date><percentStateTraffic>0.0243724104</percentStateTraffic><percentNationalTraffic>0.0000617643</percentNationalTraffic></trafficStat><trafficStat><date>2016-04-30</date><percentStateTraffic>0.0403822856</percentStateTraffic><percentNationalTraffic>0.0001115071</percentNationalTraffic></trafficStat><trafficStat><date>2016-05-01</date><percentStateTraffic>0.0115807759</percentStateTraffic><percentNationalTraffic>0.0000342792</percentNationalTraffic></trafficStat><trafficStat><date>2016-05-04</date><percentStateTraffic>0.0123977188</percentStateTraffic><percentNationalTraffic>0.0000315798</percentNationalTraffic></trafficStat><trafficStat><date>2016-05-05</date><percentStateTraffic>0.0256805342</percentStateTraffic><percentNationalTraffic>0.0000673440</percentNationalTraffic></trafficStat><trafficStat><date>2016-05-06</date><percentStateTraffic>0.0126726651</percentStateTraffic><percentNationalTraffic>0.0000356538</percentNationalTraffic></trafficStat><trafficStat><date>2016-05-08</date><percentStateTraffic>0.0283205891</percentStateTraffic><percentNationalTraffic>0.0000853072</percentNationalTraffic></trafficStat><trafficStat><date>2016-05-10</date><percentStateTraffic>0.0192789666</percentStateTraffic><percentNationalTraffic>0.0000611131</percentNationalTraffic></trafficStat><trafficStat><date>2016-05-11</date><percentStateTraffic>0.0749464668</percentStateTraffic><percentNationalTraffic>0.0002205744</percentNationalTraffic></trafficStat><trafficStat><date>2016-05-12</date><percentStateTraffic>0.0208268250</percentStateTraffic><percentNationalTraffic>0.0000646318</percentNationalTraffic></trafficStat><trafficStat><date>2016-05-15</date><percentStateTraffic>0.0513742615</percentStateTraffic><percentNationalTraffic>0.0001432556</percentNationalTraffic></trafficStat><trafficStat><date>2016-05-17</date><percentStateTraffic>0.0107158165</percentStateTraffic><percentNationalTraffic>0.0000300898</percentNationalTraffic></trafficStat><trafficStat><date>2016-05-21</date><percentStateTraffic>0.0136351241</percentStateTraffic><percentNationalTraffic>0.0000392501</percentNationalTraffic></trafficStat><trafficStat><date>2016-05-25</date><percentStateTraffic>0.0376081234</percentStateTraffic><percentNationalTraffic>0.0001373885</percentNationalTraffic></trafficStat><trafficStat><date>2016-05-26</date><percentStateTraffic>0.0105529759</percentStateTraffic><percentNationalTraffic>0.0000357383</percentNationalTraffic></trafficStat><trafficStat><date>2016-06-01</date><percentStateTraffic>0.0125015627</percentStateTraffic><percentNationalTraffic>0.0000345700</percentNationalTraffic></trafficStat><trafficStat><date>2016-06-05</date><percentStateTraffic>0.0139567341</percentStateTraffic><percentNationalTraffic>0.0000373184</percentNationalTraffic></trafficStat><trafficStat><date>2016-06-08</date><percentStateTraffic>0.0861738797</percentStateTraffic><percentNationalTraffic>0.0003002496</percentNationalTraffic></trafficStat><trafficStat><date>2016-06-16</date><percentStateTraffic>0.0127811861</percentStateTraffic><percentNationalTraffic>0.0000356514</percentNationalTraffic></trafficStat><trafficStat><date>2016-06-21</date><percentStateTraffic>0.0494010127</percentStateTraffic><percentNationalTraffic>0.0001344041</percentNationalTraffic></trafficStat><trafficStat><date>2016-06-23</date><percentStateTraffic>0.0260858224</percentStateTraffic><percentNationalTraffic>0.0000695394</percentNationalTraffic></trafficStat><trafficStat><date>2016-06-28</date><percentStateTraffic>0.0256344527</percentStateTraffic><percentNationalTraffic>0.0000680178</percentNationalTraffic></trafficStat><trafficStat><date>2016-06-29</date><percentStateTraffic>0.0273336067</percentStateTraffic><percentNationalTraffic>0.0000716946</percentNationalTraffic></trafficStat><trafficStat><date>2016-07-03</date><percentStateTraffic>0.0536480687</percentStateTraffic><percentNationalTraffic>0.0001412611</percentNationalTraffic></trafficStat><trafficStat><date>2016-07-04</date><percentStateTraffic>0.0942507069</percentStateTraffic><percentNationalTraffic>0.0002273854</percentNationalTraffic></trafficStat><trafficStat><date>2016-07-07</date><percentStateTraffic>0.0124564026</percentStateTraffic><percentNationalTraffic>0.0000351614</percentNationalTraffic></trafficStat><trafficStat><date>2016-07-16</date><percentStateTraffic>0.0155134967</percentStateTraffic><percentNationalTraffic>0.0000453307</percentNationalTraffic></trafficStat><trafficStat><date>2016-07-18</date><percentStateTraffic>0.0261028452</percentStateTraffic><percentNationalTraffic>0.0000683068</percentNationalTraffic></trafficStat><trafficStat><date>2016-07-20</date><percentStateTraffic>0.0396353547</percentStateTraffic><percentNationalTraffic>0.0001066165</percentNationalTraffic></trafficStat><trafficStat><date>2016-07-24</date><percentStateTraffic>0.0157604413</percentStateTraffic><percentNationalTraffic>0.0000411310</percentNationalTraffic></trafficStat><trafficStat><date>2016-07-26</date><percentStateTraffic>0.0385554556</percentStateTraffic><percentNationalTraffic>0.0001037857</percentNationalTraffic></trafficStat><trafficStat><date>2016-07-27</date><percentStateTraffic>0.0145433392</percentStateTraffic><percentNationalTraffic>0.0000356605</percentNationalTraffic></trafficStat><trafficStat><date>2016-07-28</date><percentStateTraffic>0.0263227165</percentStateTraffic><percentNationalTraffic>0.0000721569</percentNationalTraffic></trafficStat><trafficStat><date>2016-08-02</date><percentStateTraffic>0.0932338839</percentStateTraffic><percentNationalTraffic>0.0002377799</percentNationalTraffic></trafficStat><trafficStat><date>2016-08-04</date><percentStateTraffic>0.0126550240</percentStateTraffic><percentNationalTraffic>0.0000357950</percentNationalTraffic></trafficStat><trafficStat><date>2016-08-08</date><percentStateTraffic>0.0129937630</percentStateTraffic><percentNationalTraffic>0.0000339444</percentNationalTraffic></trafficStat><trafficStat><date>2016-08-10</date><percentStateTraffic>0.0142612664</percentStateTraffic><percentNationalTraffic>0.0000357755</percentNationalTraffic></trafficStat><trafficStat><date>2016-08-12</date><percentStateTraffic>0.0152114390</percentStateTraffic><percentNationalTraffic>0.0000400350</percentNationalTraffic></trafficStat><trafficStat><date>2016-08-16</date><percentStateTraffic>0.0145836372</percentStateTraffic><percentNationalTraffic>0.0000348804</percentNationalTraffic></trafficStat><trafficStat><date>2016-08-17</date><percentStateTraffic>0.0147579693</percentStateTraffic><percentNationalTraffic>0.0000361737</percentNationalTraffic></trafficStat><trafficStat><date>2016-08-21</date><percentStateTraffic>0.0363504180</percentStateTraffic><percentNationalTraffic>0.0000839428</percentNationalTraffic></trafficStat><trafficStat><date>2016-08-23</date><percentStateTraffic>0.0141023833</percentStateTraffic><percentNationalTraffic>0.0000349699</percentNationalTraffic></trafficStat><trafficStat><date>2016-09-03</date><percentStateTraffic>0.0185908161</percentStateTraffic><percentNationalTraffic>0.0000474151</percentNationalTraffic></trafficStat><trafficStat><date>2016-09-05</date><percentStateTraffic>0.0181488203</percentStateTraffic><percentNationalTraffic>0.0000410140</percentNationalTraffic></trafficStat><trafficStat><date>2016-09-07</date><percentStateTraffic>0.0596569724</percentStateTraffic><percentNationalTraffic>0.0001452410</percentNationalTraffic></trafficStat></trafficStats><listingStats/></TruliaStats></response></TruliaWebServices>
