<?xml version="1.0"?>
<TruliaWebServices><request><Parameter><index>1</index><name>library</name><value>TruliaStats</value></Parameter><Parameter><index>2</index><name>function</name><value>getZipCodeStats</value></Parameter><Parameter><index>3</index><name>zipCode</name><value>20064</value></Parameter><Parameter><index>4</index><name>startDate</name><value>2001-01-01</value></Parameter><Parameter><index>5</index><name>endDate</name><value>2016-09-28</value></Parameter><Parameter><index>6</index><name>statType</name><value>all</value></Parameter><Parameter><index>7</index><name>apikey</name><value>p94v2fd3d88ybpanhayfynqe</value></Parameter><Parameter><index>8</index><name>source</name><value>Webservice</value></Parameter></request><response><TruliaStats><location><zipCode>20064</zipCode><state>DC</state><searchResultsURL>http://www.trulia.com/DC/Washington/20064/</searchResultsURL><heatMapURL>http://www.trulia.com/home_prices/District_Of_Columbia/District_of_Columbia_County-heat_map/</heatMapURL></location><trafficStats><trafficStat><date>2013-09-02</date><percentStateTraffic>0.0290444380</percentStateTraffic><percentNationalTraffic>0.0000666569</percentNationalTraffic></trafficStat><trafficStat><date>2013-09-06</date><percentStateTraffic>0.0084911268</percentStateTraffic><percentNationalTraffic>0.0000261457</percentNationalTraffic></trafficStat><trafficStat><date>2013-09-12</date><percentStateTraffic>0.0087896634</percentStateTraffic><percentNationalTraffic>0.0000259486</percentNationalTraffic></trafficStat><trafficStat><date>2013-09-17</date><percentStateTraffic>0.0295137608</percentStateTraffic><percentNationalTraffic>0.0001002118</percentNationalTraffic></trafficStat><trafficStat><date>2013-09-20</date><percentStateTraffic>0.0172845908</percentStateTraffic><percentNationalTraffic>0.0000553065</percentNationalTraffic></trafficStat><trafficStat><date>2013-09-22</date><percentStateTraffic>0.0078945291</percentStateTraffic><percentNationalTraffic>0.0000258190</percentNationalTraffic></trafficStat><trafficStat><date>2013-10-05</date><percentStateTraffic>0.0370541918</percentStateTraffic><percentNationalTraffic>0.0001078181</percentNationalTraffic></trafficStat><trafficStat><date>2013-10-07</date><percentStateTraffic>0.0233863424</percentStateTraffic><percentNationalTraffic>0.0000723919</percentNationalTraffic></trafficStat><trafficStat><date>2013-10-13</date><percentStateTraffic>0.0084968986</percentStateTraffic><percentNationalTraffic>0.0000253969</percentNationalTraffic></trafficStat><trafficStat><date>2013-10-20</date><percentStateTraffic>0.0687652812</percentStateTraffic><percentNationalTraffic>0.0002223083</percentNationalTraffic></trafficStat><trafficStat><date>2013-10-25</date><percentStateTraffic>0.0089245872</percentStateTraffic><percentNationalTraffic>0.0000293827</percentNationalTraffic></trafficStat><trafficStat><date>2013-10-30</date><percentStateTraffic>0.0084904058</percentStateTraffic><percentNationalTraffic>0.0000274753</percentNationalTraffic></trafficStat><trafficStat><date>2013-11-04</date><percentStateTraffic>0.0382116928</percentStateTraffic><percentNationalTraffic>0.0001245476</percentNationalTraffic></trafficStat><trafficStat><date>2013-11-10</date><percentStateTraffic>0.0243328737</percentStateTraffic><percentNationalTraffic>0.0000744450</percentNationalTraffic></trafficStat><trafficStat><date>2013-11-12</date><percentStateTraffic>0.0082365538</percentStateTraffic><percentNationalTraffic>0.0000266829</percentNationalTraffic></trafficStat><trafficStat><date>2013-11-19</date><percentStateTraffic>0.0182698456</percentStateTraffic><percentNationalTraffic>0.0000555555</percentNationalTraffic></trafficStat><trafficStat><date>2013-11-22</date><percentStateTraffic>0.0085932801</percentStateTraffic><percentNationalTraffic>0.0000293652</percentNationalTraffic></trafficStat><trafficStat><date>2013-11-23</date><percentStateTraffic>0.0285442436</percentStateTraffic><percentNationalTraffic>0.0000882866</percentNationalTraffic></trafficStat><trafficStat><date>2013-11-24</date><percentStateTraffic>0.0082569565</percentStateTraffic><percentNationalTraffic>0.0000271141</percentNationalTraffic></trafficStat><trafficStat><date>2013-12-06</date><percentStateTraffic>0.0197804371</percentStateTraffic><percentNationalTraffic>0.0000619919</percentNationalTraffic></trafficStat><trafficStat><date>2013-12-08</date><percentStateTraffic>0.0083892617</percentStateTraffic><percentNationalTraffic>0.0000282484</percentNationalTraffic></trafficStat><trafficStat><date>2013-12-10</date><percentStateTraffic>0.0090555103</percentStateTraffic><percentNationalTraffic>0.0000292292</percentNationalTraffic></trafficStat><trafficStat><date>2013-12-13</date><percentStateTraffic>0.0109373291</percentStateTraffic><percentNationalTraffic>0.0000353996</percentNationalTraffic></trafficStat><trafficStat><date>2014-01-04</date><percentStateTraffic>0.0086655113</percentStateTraffic><percentNationalTraffic>0.0000232671</percentNationalTraffic></trafficStat><trafficStat><date>2014-01-05</date><percentStateTraffic>0.0256893304</percentStateTraffic><percentNationalTraffic>0.0000707737</percentNationalTraffic></trafficStat><trafficStat><date>2014-01-07</date><percentStateTraffic>0.0171924697</percentStateTraffic><percentNationalTraffic>0.0000451900</percentNationalTraffic></trafficStat><trafficStat><date>2014-01-08</date><percentStateTraffic>0.0356665181</percentStateTraffic><percentNationalTraffic>0.0000927679</percentNationalTraffic></trafficStat><trafficStat><date>2014-01-11</date><percentStateTraffic>0.0076911244</percentStateTraffic><percentNationalTraffic>0.0000222601</percentNationalTraffic></trafficStat><trafficStat><date>2014-01-12</date><percentStateTraffic>0.0079170295</percentStateTraffic><percentNationalTraffic>0.0000217963</percentNationalTraffic></trafficStat><trafficStat><date>2014-01-14</date><percentStateTraffic>0.0169577751</percentStateTraffic><percentNationalTraffic>0.0000456178</percentNationalTraffic></trafficStat><trafficStat><date>2014-01-15</date><percentStateTraffic>0.0165576621</percentStateTraffic><percentNationalTraffic>0.0000468544</percentNationalTraffic></trafficStat><trafficStat><date>2014-01-18</date><percentStateTraffic>0.0236276286</percentStateTraffic><percentNationalTraffic>0.0000667823</percentNationalTraffic></trafficStat><trafficStat><date>2014-01-19</date><percentStateTraffic>0.0234393312</percentStateTraffic><percentNationalTraffic>0.0000623712</percentNationalTraffic></trafficStat><trafficStat><date>2014-01-22</date><percentStateTraffic>0.0083056478</percentStateTraffic><percentNationalTraffic>0.0000222618</percentNationalTraffic></trafficStat><trafficStat><date>2014-01-23</date><percentStateTraffic>0.0093361964</percentStateTraffic><percentNationalTraffic>0.0000232895</percentNationalTraffic></trafficStat><trafficStat><date>2014-01-25</date><percentStateTraffic>0.0153209744</percentStateTraffic><percentNationalTraffic>0.0000428265</percentNationalTraffic></trafficStat><trafficStat><date>2014-01-28</date><percentStateTraffic>0.0159108990</percentStateTraffic><percentNationalTraffic>0.0000434759</percentNationalTraffic></trafficStat><trafficStat><date>2014-02-02</date><percentStateTraffic>0.0175716043</percentStateTraffic><percentNationalTraffic>0.0000489127</percentNationalTraffic></trafficStat><trafficStat><date>2014-02-09</date><percentStateTraffic>0.0145592196</percentStateTraffic><percentNationalTraffic>0.0000414896</percentNationalTraffic></trafficStat><trafficStat><date>2014-02-11</date><percentStateTraffic>0.0082182774</percentStateTraffic><percentNationalTraffic>0.0000232564</percentNationalTraffic></trafficStat><trafficStat><date>2014-02-13</date><percentStateTraffic>0.0082061382</percentStateTraffic><percentNationalTraffic>0.0000229232</percentNationalTraffic></trafficStat><trafficStat><date>2014-02-16</date><percentStateTraffic>0.0069113277</percentStateTraffic><percentNationalTraffic>0.0000199117</percentNationalTraffic></trafficStat><trafficStat><date>2014-02-19</date><percentStateTraffic>0.0080057642</percentStateTraffic><percentNationalTraffic>0.0000215582</percentNationalTraffic></trafficStat><trafficStat><date>2014-02-20</date><percentStateTraffic>0.0088660342</percentStateTraffic><percentNationalTraffic>0.0000221511</percentNationalTraffic></trafficStat><trafficStat><date>2014-02-21</date><percentStateTraffic>0.0242208946</percentStateTraffic><percentNationalTraffic>0.0000653744</percentNationalTraffic></trafficStat><trafficStat><date>2014-02-24</date><percentStateTraffic>0.0155557284</percentStateTraffic><percentNationalTraffic>0.0000401043</percentNationalTraffic></trafficStat><trafficStat><date>2014-02-26</date><percentStateTraffic>0.0258286698</percentStateTraffic><percentNationalTraffic>0.0000658609</percentNationalTraffic></trafficStat><trafficStat><date>2014-03-03</date><percentStateTraffic>0.0073475386</percentStateTraffic><percentNationalTraffic>0.0000202300</percentNationalTraffic></trafficStat><trafficStat><date>2014-03-04</date><percentStateTraffic>0.0340309682</percentStateTraffic><percentNationalTraffic>0.0000854698</percentNationalTraffic></trafficStat><trafficStat><date>2014-03-05</date><percentStateTraffic>0.0162337662</percentStateTraffic><percentNationalTraffic>0.0000432370</percentNationalTraffic></trafficStat><trafficStat><date>2014-03-07</date><percentStateTraffic>0.0084659668</percentStateTraffic><percentNationalTraffic>0.0000236855</percentNationalTraffic></trafficStat><trafficStat><date>2014-03-08</date><percentStateTraffic>0.0087404947</percentStateTraffic><percentNationalTraffic>0.0000231624</percentNationalTraffic></trafficStat><trafficStat><date>2014-03-10</date><percentStateTraffic>0.0071911405</percentStateTraffic><percentNationalTraffic>0.0000211752</percentNationalTraffic></trafficStat><trafficStat><date>2014-03-12</date><percentStateTraffic>0.0156825845</percentStateTraffic><percentNationalTraffic>0.0000436484</percentNationalTraffic></trafficStat><trafficStat><date>2014-03-17</date><percentStateTraffic>0.0215610177</percentStateTraffic><percentNationalTraffic>0.0000622507</percentNationalTraffic></trafficStat><trafficStat><date>2014-03-18</date><percentStateTraffic>0.0075374991</percentStateTraffic><percentNationalTraffic>0.0000212575</percentNationalTraffic></trafficStat><trafficStat><date>2014-03-19</date><percentStateTraffic>0.0160603871</percentStateTraffic><percentNationalTraffic>0.0000427978</percentNationalTraffic></trafficStat><trafficStat><date>2014-03-22</date><percentStateTraffic>0.0088944232</percentStateTraffic><percentNationalTraffic>0.0000225610</percentNationalTraffic></trafficStat><trafficStat><date>2014-03-24</date><percentStateTraffic>0.0357015352</percentStateTraffic><percentNationalTraffic>0.0000996592</percentNationalTraffic></trafficStat><trafficStat><date>2014-03-25</date><percentStateTraffic>0.0152380952</percentStateTraffic><percentNationalTraffic>0.0000395963</percentNationalTraffic></trafficStat><trafficStat><date>2014-03-31</date><percentStateTraffic>0.0168690958</percentStateTraffic><percentNationalTraffic>0.0000434709</percentNationalTraffic></trafficStat><trafficStat><date>2014-04-01</date><percentStateTraffic>0.0171423674</percentStateTraffic><percentNationalTraffic>0.0000451285</percentNationalTraffic></trafficStat><trafficStat><date>2014-04-03</date><percentStateTraffic>0.0082590023</percentStateTraffic><percentNationalTraffic>0.0000223632</percentNationalTraffic></trafficStat><trafficStat><date>2014-04-05</date><percentStateTraffic>0.0236443884</percentStateTraffic><percentNationalTraffic>0.0000680030</percentNationalTraffic></trafficStat><trafficStat><date>2014-04-08</date><percentStateTraffic>0.0168804862</percentStateTraffic><percentNationalTraffic>0.0000443941</percentNationalTraffic></trafficStat><trafficStat><date>2014-04-16</date><percentStateTraffic>0.0084523709</percentStateTraffic><percentNationalTraffic>0.0000238826</percentNationalTraffic></trafficStat><trafficStat><date>2014-04-17</date><percentStateTraffic>0.0345065562</percentStateTraffic><percentNationalTraffic>0.0001025198</percentNationalTraffic></trafficStat><trafficStat><date>2014-05-02</date><percentStateTraffic>0.0346050696</percentStateTraffic><percentNationalTraffic>0.0001039052</percentNationalTraffic></trafficStat><trafficStat><date>2014-05-09</date><percentStateTraffic>0.0091324201</percentStateTraffic><percentNationalTraffic>0.0000269182</percentNationalTraffic></trafficStat><trafficStat><date>2014-05-10</date><percentStateTraffic>0.0193031561</percentStateTraffic><percentNationalTraffic>0.0000600934</percentNationalTraffic></trafficStat><trafficStat><date>2014-05-13</date><percentStateTraffic>0.0087450809</percentStateTraffic><percentNationalTraffic>0.0000241850</percentNationalTraffic></trafficStat><trafficStat><date>2014-05-21</date><percentStateTraffic>0.0086333420</percentStateTraffic><percentNationalTraffic>0.0000246155</percentNationalTraffic></trafficStat><trafficStat><date>2014-05-22</date><percentStateTraffic>0.0092106475</percentStateTraffic><percentNationalTraffic>0.0000256354</percentNationalTraffic></trafficStat><trafficStat><date>2014-05-26</date><percentStateTraffic>0.0206121818</percentStateTraffic><percentNationalTraffic>0.0000525300</percentNationalTraffic></trafficStat><trafficStat><date>2014-05-30</date><percentStateTraffic>0.0165261940</percentStateTraffic><percentNationalTraffic>0.0000511406</percentNationalTraffic></trafficStat><trafficStat><date>2014-06-02</date><percentStateTraffic>0.0228032837</percentStateTraffic><percentNationalTraffic>0.0000672204</percentNationalTraffic></trafficStat><trafficStat><date>2014-06-03</date><percentStateTraffic>0.0081846456</percentStateTraffic><percentNationalTraffic>0.0000235623</percentNationalTraffic></trafficStat><trafficStat><date>2014-06-04</date><percentStateTraffic>0.0156140214</percentStateTraffic><percentNationalTraffic>0.0000464963</percentNationalTraffic></trafficStat><trafficStat><date>2014-06-09</date><percentStateTraffic>0.0077047538</percentStateTraffic><percentNationalTraffic>0.0000224503</percentNationalTraffic></trafficStat><trafficStat><date>2014-06-15</date><percentStateTraffic>0.0174565768</percentStateTraffic><percentNationalTraffic>0.0000577878</percentNationalTraffic></trafficStat><trafficStat><date>2014-06-22</date><percentStateTraffic>0.0183385292</percentStateTraffic><percentNationalTraffic>0.0000512757</percentNationalTraffic></trafficStat><trafficStat><date>2014-06-23</date><percentStateTraffic>0.0158856235</percentStateTraffic><percentNationalTraffic>0.0000461595</percentNationalTraffic></trafficStat><trafficStat><date>2014-06-24</date><percentStateTraffic>0.0080547725</percentStateTraffic><percentNationalTraffic>0.0000238203</percentNationalTraffic></trafficStat><trafficStat><date>2014-06-25</date><percentStateTraffic>0.0808334830</percentStateTraffic><percentNationalTraffic>0.0002240494</percentNationalTraffic></trafficStat><trafficStat><date>2014-07-01</date><percentStateTraffic>0.0395413207</percentStateTraffic><percentNationalTraffic>0.0001136299</percentNationalTraffic></trafficStat><trafficStat><date>2014-07-08</date><percentStateTraffic>0.0090768812</percentStateTraffic><percentNationalTraffic>0.0000263059</percentNationalTraffic></trafficStat><trafficStat><date>2014-07-09</date><percentStateTraffic>0.0088323618</percentStateTraffic><percentNationalTraffic>0.0000270201</percentNationalTraffic></trafficStat><trafficStat><date>2014-07-22</date><percentStateTraffic>0.0091591867</percentStateTraffic><percentNationalTraffic>0.0000254495</percentNationalTraffic></trafficStat><trafficStat><date>2014-07-25</date><percentStateTraffic>0.0304692261</percentStateTraffic><percentNationalTraffic>0.0000849542</percentNationalTraffic></trafficStat><trafficStat><date>2014-07-27</date><percentStateTraffic>0.0438135296</percentStateTraffic><percentNationalTraffic>0.0001309835</percentNationalTraffic></trafficStat><trafficStat><date>2014-07-28</date><percentStateTraffic>0.0165508110</percentStateTraffic><percentNationalTraffic>0.0000468252</percentNationalTraffic></trafficStat><trafficStat><date>2014-07-29</date><percentStateTraffic>0.0092276460</percentStateTraffic><percentNationalTraffic>0.0000256844</percentNationalTraffic></trafficStat><trafficStat><date>2014-07-30</date><percentStateTraffic>0.0093214019</percentStateTraffic><percentNationalTraffic>0.0000269473</percentNationalTraffic></trafficStat><trafficStat><date>2014-08-01</date><percentStateTraffic>0.0107921433</percentStateTraffic><percentNationalTraffic>0.0000294301</percentNationalTraffic></trafficStat><trafficStat><date>2014-08-03</date><percentStateTraffic>0.0098823994</percentStateTraffic><percentNationalTraffic>0.0000273678</percentNationalTraffic></trafficStat><trafficStat><date>2014-08-06</date><percentStateTraffic>0.0208224883</percentStateTraffic><percentNationalTraffic>0.0000543044</percentNationalTraffic></trafficStat><trafficStat><date>2014-08-08</date><percentStateTraffic>0.0108518719</percentStateTraffic><percentNationalTraffic>0.0000297817</percentNationalTraffic></trafficStat><trafficStat><date>2014-08-09</date><percentStateTraffic>0.0479099293</percentStateTraffic><percentNationalTraffic>0.0001232528</percentNationalTraffic></trafficStat><trafficStat><date>2014-08-12</date><percentStateTraffic>0.0194231330</percentStateTraffic><percentNationalTraffic>0.0000543941</percentNationalTraffic></trafficStat><trafficStat><date>2014-08-18</date><percentStateTraffic>0.0264573596</percentStateTraffic><percentNationalTraffic>0.0000791286</percentNationalTraffic></trafficStat><trafficStat><date>2014-08-22</date><percentStateTraffic>0.0105318589</percentStateTraffic><percentNationalTraffic>0.0000301442</percentNationalTraffic></trafficStat><trafficStat><date>2014-08-25</date><percentStateTraffic>0.0094912680</percentStateTraffic><percentNationalTraffic>0.0000285877</percentNationalTraffic></trafficStat><trafficStat><date>2014-08-28</date><percentStateTraffic>0.0357824427</percentStateTraffic><percentNationalTraffic>0.0000991113</percentNationalTraffic></trafficStat><trafficStat><date>2014-09-14</date><percentStateTraffic>0.0205803663</percentStateTraffic><percentNationalTraffic>0.0000645063</percentNationalTraffic></trafficStat><trafficStat><date>2014-09-17</date><percentStateTraffic>0.0195140989</percentStateTraffic><percentNationalTraffic>0.0000614979</percentNationalTraffic></trafficStat><trafficStat><date>2014-09-18</date><percentStateTraffic>0.0113160575</percentStateTraffic><percentNationalTraffic>0.0000320205</percentNationalTraffic></trafficStat><trafficStat><date>2014-09-22</date><percentStateTraffic>0.0092609743</percentStateTraffic><percentNationalTraffic>0.0000301108</percentNationalTraffic></trafficStat><trafficStat><date>2014-09-24</date><percentStateTraffic>0.0312630263</percentStateTraffic><percentNationalTraffic>0.0000921838</percentNationalTraffic></trafficStat><trafficStat><date>2014-09-26</date><percentStateTraffic>0.0824572253</percentStateTraffic><percentNationalTraffic>0.0002785886</percentNationalTraffic></trafficStat><trafficStat><date>2014-09-27</date><percentStateTraffic>0.0116904372</percentStateTraffic><percentNationalTraffic>0.0000360603</percentNationalTraffic></trafficStat><trafficStat><date>2014-10-05</date><percentStateTraffic>0.0304847068</percentStateTraffic><percentNationalTraffic>0.0000983050</percentNationalTraffic></trafficStat><trafficStat><date>2014-10-08</date><percentStateTraffic>0.0443606521</percentStateTraffic><percentNationalTraffic>0.0001273539</percentNationalTraffic></trafficStat><trafficStat><date>2014-10-10</date><percentStateTraffic>0.0105674733</percentStateTraffic><percentNationalTraffic>0.0000348383</percentNationalTraffic></trafficStat><trafficStat><date>2014-10-14</date><percentStateTraffic>0.0095337973</percentStateTraffic><percentNationalTraffic>0.0000330189</percentNationalTraffic></trafficStat><trafficStat><date>2014-10-15</date><percentStateTraffic>0.0106632544</percentStateTraffic><percentNationalTraffic>0.0000323943</percentNationalTraffic></trafficStat><trafficStat><date>2014-10-20</date><percentStateTraffic>0.0089134504</percentStateTraffic><percentNationalTraffic>0.0000321951</percentNationalTraffic></trafficStat><trafficStat><date>2014-10-21</date><percentStateTraffic>0.0106382979</percentStateTraffic><percentNationalTraffic>0.0000336724</percentNationalTraffic></trafficStat><trafficStat><date>2014-10-24</date><percentStateTraffic>0.0107677399</percentStateTraffic><percentNationalTraffic>0.0000367680</percentNationalTraffic></trafficStat><trafficStat><date>2014-10-25</date><percentStateTraffic>0.0132030631</percentStateTraffic><percentNationalTraffic>0.0000415064</percentNationalTraffic></trafficStat><trafficStat><date>2014-11-01</date><percentStateTraffic>0.0126534228</percentStateTraffic><percentNationalTraffic>0.0000386214</percentNationalTraffic></trafficStat><trafficStat><date>2014-11-02</date><percentStateTraffic>0.0111222333</percentStateTraffic><percentNationalTraffic>0.0000347596</percentNationalTraffic></trafficStat><trafficStat><date>2014-11-03</date><percentStateTraffic>0.0103327134</percentStateTraffic><percentNationalTraffic>0.0000339138</percentNationalTraffic></trafficStat><trafficStat><date>2014-11-05</date><percentStateTraffic>0.0318911449</percentStateTraffic><percentNationalTraffic>0.0001046849</percentNationalTraffic></trafficStat><trafficStat><date>2014-11-08</date><percentStateTraffic>0.0367556971</percentStateTraffic><percentNationalTraffic>0.0001194706</percentNationalTraffic></trafficStat><trafficStat><date>2014-11-11</date><percentStateTraffic>0.0776096236</percentStateTraffic><percentNationalTraffic>0.0002227683</percentNationalTraffic></trafficStat><trafficStat><date>2014-11-12</date><percentStateTraffic>0.0110840168</percentStateTraffic><percentNationalTraffic>0.0000367609</percentNationalTraffic></trafficStat><trafficStat><date>2014-11-14</date><percentStateTraffic>0.0121580547</percentStateTraffic><percentNationalTraffic>0.0000407436</percentNationalTraffic></trafficStat><trafficStat><date>2014-11-17</date><percentStateTraffic>0.0548426017</percentStateTraffic><percentNationalTraffic>0.0001839005</percentNationalTraffic></trafficStat><trafficStat><date>2014-11-18</date><percentStateTraffic>0.0128849375</percentStateTraffic><percentNationalTraffic>0.0000392878</percentNationalTraffic></trafficStat><trafficStat><date>2014-11-26</date><percentStateTraffic>0.0143184422</percentStateTraffic><percentNationalTraffic>0.0000489971</percentNationalTraffic></trafficStat><trafficStat><date>2014-11-28</date><percentStateTraffic>0.0149857635</percentStateTraffic><percentNationalTraffic>0.0000505495</percentNationalTraffic></trafficStat><trafficStat><date>2014-12-02</date><percentStateTraffic>0.0118483412</percentStateTraffic><percentNationalTraffic>0.0000385720</percentNationalTraffic></trafficStat><trafficStat><date>2014-12-03</date><percentStateTraffic>0.0387897595</percentStateTraffic><percentNationalTraffic>0.0001159777</percentNationalTraffic></trafficStat><trafficStat><date>2014-12-06</date><percentStateTraffic>0.0386996904</percentStateTraffic><percentNationalTraffic>0.0001334707</percentNationalTraffic></trafficStat><trafficStat><date>2014-12-10</date><percentStateTraffic>0.0243249818</percentStateTraffic><percentNationalTraffic>0.0000792838</percentNationalTraffic></trafficStat><trafficStat><date>2014-12-17</date><percentStateTraffic>0.0134318334</percentStateTraffic><percentNationalTraffic>0.0000405460</percentNationalTraffic></trafficStat><trafficStat><date>2014-12-19</date><percentStateTraffic>0.0150579732</percentStateTraffic><percentNationalTraffic>0.0000469026</percentNationalTraffic></trafficStat><trafficStat><date>2014-12-20</date><percentStateTraffic>0.0158730159</percentStateTraffic><percentNationalTraffic>0.0000505871</percentNationalTraffic></trafficStat><trafficStat><date>2015-01-04</date><percentStateTraffic>0.0130505710</percentStateTraffic><percentNationalTraffic>0.0000638536</percentNationalTraffic></trafficStat><trafficStat><date>2015-01-21</date><percentStateTraffic>0.0392618767</percentStateTraffic><percentNationalTraffic>0.0001187239</percentNationalTraffic></trafficStat><trafficStat><date>2015-01-25</date><percentStateTraffic>0.0109325462</percentStateTraffic><percentNationalTraffic>0.0000311961</percentNationalTraffic></trafficStat><trafficStat><date>2015-01-27</date><percentStateTraffic>0.0108014690</percentStateTraffic><percentNationalTraffic>0.0000298186</percentNationalTraffic></trafficStat><trafficStat><date>2015-01-30</date><percentStateTraffic>0.0342075257</percentStateTraffic><percentNationalTraffic>0.0000847258</percentNationalTraffic></trafficStat><trafficStat><date>2015-02-01</date><percentStateTraffic>0.0121817517</percentStateTraffic><percentNationalTraffic>0.0000354675</percentNationalTraffic></trafficStat><trafficStat><date>2015-02-02</date><percentStateTraffic>0.0204813108</percentStateTraffic><percentNationalTraffic>0.0000612163</percentNationalTraffic></trafficStat><trafficStat><date>2015-02-03</date><percentStateTraffic>0.0113122172</percentStateTraffic><percentNationalTraffic>0.0000323788</percentNationalTraffic></trafficStat><trafficStat><date>2015-02-05</date><percentStateTraffic>0.0124455507</percentStateTraffic><percentNationalTraffic>0.0000317656</percentNationalTraffic></trafficStat><trafficStat><date>2015-02-06</date><percentStateTraffic>0.0113856313</percentStateTraffic><percentNationalTraffic>0.0000334243</percentNationalTraffic></trafficStat><trafficStat><date>2015-02-07</date><percentStateTraffic>0.0125596584</percentStateTraffic><percentNationalTraffic>0.0000338477</percentNationalTraffic></trafficStat><trafficStat><date>2015-02-08</date><percentStateTraffic>0.0450450450</percentStateTraffic><percentNationalTraffic>0.0001210774</percentNationalTraffic></trafficStat><trafficStat><date>2015-02-10</date><percentStateTraffic>0.0103680664</percentStateTraffic><percentNationalTraffic>0.0000313123</percentNationalTraffic></trafficStat><trafficStat><date>2015-02-12</date><percentStateTraffic>0.0233481205</percentStateTraffic><percentNationalTraffic>0.0000667318</percentNationalTraffic></trafficStat><trafficStat><date>2015-03-24</date><percentStateTraffic>0.0101615689</percentStateTraffic><percentNationalTraffic>0.0000308970</percentNationalTraffic></trafficStat><trafficStat><date>2015-04-02</date><percentStateTraffic>0.0120004800</percentStateTraffic><percentNationalTraffic>0.0000341841</percentNationalTraffic></trafficStat><trafficStat><date>2015-04-08</date><percentStateTraffic>0.0115287065</percentStateTraffic><percentNationalTraffic>0.0000333175</percentNationalTraffic></trafficStat><trafficStat><date>2015-04-10</date><percentStateTraffic>0.0110521662</percentStateTraffic><percentNationalTraffic>0.0000331773</percentNationalTraffic></trafficStat><trafficStat><date>2015-04-14</date><percentStateTraffic>0.0101615689</percentStateTraffic><percentNationalTraffic>0.0000317325</percentNationalTraffic></trafficStat><trafficStat><date>2015-04-17</date><percentStateTraffic>0.0244768082</percentStateTraffic><percentNationalTraffic>0.0000684835</percentNationalTraffic></trafficStat><trafficStat><date>2015-04-20</date><percentStateTraffic>0.0098677719</percentStateTraffic><percentNationalTraffic>0.0000297066</percentNationalTraffic></trafficStat><trafficStat><date>2015-04-21</date><percentStateTraffic>0.0185270959</percentStateTraffic><percentNationalTraffic>0.0000533884</percentNationalTraffic></trafficStat><trafficStat><date>2015-04-22</date><percentStateTraffic>0.0112854080</percentStateTraffic><percentNationalTraffic>0.0000307546</percentNationalTraffic></trafficStat><trafficStat><date>2015-04-25</date><percentStateTraffic>0.0275938190</percentStateTraffic><percentNationalTraffic>0.0000732355</percentNationalTraffic></trafficStat><trafficStat><date>2015-04-26</date><percentStateTraffic>0.0235017626</percentStateTraffic><percentNationalTraffic>0.0000699498</percentNationalTraffic></trafficStat><trafficStat><date>2015-04-28</date><percentStateTraffic>0.0237276071</percentStateTraffic><percentNationalTraffic>0.0000643278</percentNationalTraffic></trafficStat><trafficStat><date>2015-05-01</date><percentStateTraffic>0.0119674485</percentStateTraffic><percentNationalTraffic>0.0000368816</percentNationalTraffic></trafficStat><trafficStat><date>2015-05-03</date><percentStateTraffic>0.0132415254</percentStateTraffic><percentNationalTraffic>0.0000399153</percentNationalTraffic></trafficStat><trafficStat><date>2015-05-05</date><percentStateTraffic>0.0609087587</percentStateTraffic><percentNationalTraffic>0.0001705933</percentNationalTraffic></trafficStat><trafficStat><date>2015-05-06</date><percentStateTraffic>0.0117799505</percentStateTraffic><percentNationalTraffic>0.0000343553</percentNationalTraffic></trafficStat><trafficStat><date>2015-05-07</date><percentStateTraffic>0.1136507135</percentStateTraffic><percentNationalTraffic>0.0003234270</percentNationalTraffic></trafficStat><trafficStat><date>2015-05-10</date><percentStateTraffic>0.0148411992</percentStateTraffic><percentNationalTraffic>0.0000444825</percentNationalTraffic></trafficStat><trafficStat><date>2015-05-11</date><percentStateTraffic>0.0108979948</percentStateTraffic><percentNationalTraffic>0.0000329725</percentNationalTraffic></trafficStat><trafficStat><date>2015-05-14</date><percentStateTraffic>0.0116767865</percentStateTraffic><percentNationalTraffic>0.0000355324</percentNationalTraffic></trafficStat><trafficStat><date>2015-05-15</date><percentStateTraffic>0.0264305537</percentStateTraffic><percentNationalTraffic>0.0000758263</percentNationalTraffic></trafficStat><trafficStat><date>2015-05-18</date><percentStateTraffic>0.0207404335</percentStateTraffic><percentNationalTraffic>0.0000678236</percentNationalTraffic></trafficStat><trafficStat><date>2015-05-23</date><percentStateTraffic>0.0354107649</percentStateTraffic><percentNationalTraffic>0.0000924131</percentNationalTraffic></trafficStat><trafficStat><date>2015-05-25</date><percentStateTraffic>0.0341646737</percentStateTraffic><percentNationalTraffic>0.0000814437</percentNationalTraffic></trafficStat><trafficStat><date>2015-05-28</date><percentStateTraffic>0.0264026403</percentStateTraffic><percentNationalTraffic>0.0000715689</percentNationalTraffic></trafficStat><trafficStat><date>2015-05-31</date><percentStateTraffic>0.0285795942</percentStateTraffic><percentNationalTraffic>0.0000754664</percentNationalTraffic></trafficStat><trafficStat><date>2015-06-04</date><percentStateTraffic>0.0129148909</percentStateTraffic><percentNationalTraffic>0.0000376162</percentNationalTraffic></trafficStat><trafficStat><date>2015-06-06</date><percentStateTraffic>0.0624414611</percentStateTraffic><percentNationalTraffic>0.0001857827</percentNationalTraffic></trafficStat><trafficStat><date>2015-06-08</date><percentStateTraffic>0.0488997555</percentStateTraffic><percentNationalTraffic>0.0001382816</percentNationalTraffic></trafficStat><trafficStat><date>2015-06-11</date><percentStateTraffic>0.0307503075</percentStateTraffic><percentNationalTraffic>0.0000776397</percentNationalTraffic></trafficStat><trafficStat><date>2015-06-25</date><percentStateTraffic>0.0126694539</percentStateTraffic><percentNationalTraffic>0.0000378216</percentNationalTraffic></trafficStat><trafficStat><date>2015-07-01</date><percentStateTraffic>0.0278901130</percentStateTraffic><percentNationalTraffic>0.0000782699</percentNationalTraffic></trafficStat><trafficStat><date>2015-07-13</date><percentStateTraffic>0.0360663621</percentStateTraffic><percentNationalTraffic>0.0001054130</percentNationalTraffic></trafficStat><trafficStat><date>2015-07-18</date><percentStateTraffic>0.0154894672</percentStateTraffic><percentNationalTraffic>0.0000440147</percentNationalTraffic></trafficStat><trafficStat><date>2015-07-24</date><percentStateTraffic>0.0285266011</percentStateTraffic><percentNationalTraffic>0.0000753863</percentNationalTraffic></trafficStat><trafficStat><date>2015-07-27</date><percentStateTraffic>0.0124890721</percentStateTraffic><percentNationalTraffic>0.0000334522</percentNationalTraffic></trafficStat><trafficStat><date>2015-08-07</date><percentStateTraffic>0.0144801622</percentStateTraffic><percentNationalTraffic>0.0000401728</percentNationalTraffic></trafficStat><trafficStat><date>2015-08-08</date><percentStateTraffic>0.0174978128</percentStateTraffic><percentNationalTraffic>0.0000452291</percentNationalTraffic></trafficStat><trafficStat><date>2015-08-10</date><percentStateTraffic>0.0830466247</percentStateTraffic><percentNationalTraffic>0.0002324570</percentNationalTraffic></trafficStat><trafficStat><date>2015-09-18</date><percentStateTraffic>0.0139684313</percentStateTraffic><percentNationalTraffic>0.0000430411</percentNationalTraffic></trafficStat><trafficStat><date>2015-09-23</date><percentStateTraffic>0.0137287205</percentStateTraffic><percentNationalTraffic>0.0000389443</percentNationalTraffic></trafficStat><trafficStat><date>2015-09-25</date><percentStateTraffic>0.0141183114</percentStateTraffic><percentNationalTraffic>0.0000446479</percentNationalTraffic></trafficStat><trafficStat><date>2015-10-17</date><percentStateTraffic>0.0312695435</percentStateTraffic><percentNationalTraffic>0.0000976337</percentNationalTraffic></trafficStat><trafficStat><date>2015-10-20</date><percentStateTraffic>0.0131147541</percentStateTraffic><percentNationalTraffic>0.0000402161</percentNationalTraffic></trafficStat><trafficStat><date>2015-10-22</date><percentStateTraffic>0.0136276915</percentStateTraffic><percentNationalTraffic>0.0000424265</percentNationalTraffic></trafficStat><trafficStat><date>2015-10-27</date><percentStateTraffic>0.0258598397</percentStateTraffic><percentNationalTraffic>0.0000794356</percentNationalTraffic></trafficStat><trafficStat><date>2015-11-07</date><percentStateTraffic>0.0137835975</percentStateTraffic><percentNationalTraffic>0.0000445043</percentNationalTraffic></trafficStat><trafficStat><date>2015-11-13</date><percentStateTraffic>0.0401284109</percentStateTraffic><percentNationalTraffic>0.0001336323</percentNationalTraffic></trafficStat><trafficStat><date>2015-11-14</date><percentStateTraffic>0.0456065673</percentStateTraffic><percentNationalTraffic>0.0001447253</percentNationalTraffic></trafficStat><trafficStat><date>2015-11-16</date><percentStateTraffic>0.0398036354</percentStateTraffic><percentNationalTraffic>0.0001212406</percentNationalTraffic></trafficStat><trafficStat><date>2015-11-19</date><percentStateTraffic>0.0252016129</percentStateTraffic><percentNationalTraffic>0.0000832358</percentNationalTraffic></trafficStat><trafficStat><date>2015-11-23</date><percentStateTraffic>0.0266347050</percentStateTraffic><percentNationalTraffic>0.0000828756</percentNationalTraffic></trafficStat><trafficStat><date>2015-11-28</date><percentStateTraffic>0.0150375940</percentStateTraffic><percentNationalTraffic>0.0000471870</percentNationalTraffic></trafficStat><trafficStat><date>2015-11-29</date><percentStateTraffic>0.0135758892</percentStateTraffic><percentNationalTraffic>0.0000443276</percentNationalTraffic></trafficStat><trafficStat><date>2015-12-11</date><percentStateTraffic>0.0134210173</percentStateTraffic><percentNationalTraffic>0.0000451493</percentNationalTraffic></trafficStat><trafficStat><date>2015-12-13</date><percentStateTraffic>0.0152299726</percentStateTraffic><percentNationalTraffic>0.0000456099</percentNationalTraffic></trafficStat><trafficStat><date>2015-12-16</date><percentStateTraffic>0.0144196107</percentStateTraffic><percentNationalTraffic>0.0000425332</percentNationalTraffic></trafficStat><trafficStat><date>2015-12-27</date><percentStateTraffic>0.0318775901</percentStateTraffic><percentNationalTraffic>0.0000823936</percentNationalTraffic></trafficStat><trafficStat><date>2015-12-29</date><percentStateTraffic>0.0123685838</percentStateTraffic><percentNationalTraffic>0.0000338481</percentNationalTraffic></trafficStat><trafficStat><date>2016-01-04</date><percentStateTraffic>0.0231535078</percentStateTraffic><percentNationalTraffic>0.0000659361</percentNationalTraffic></trafficStat><trafficStat><date>2016-01-13</date><percentStateTraffic>0.0111507583</percentStateTraffic><percentNationalTraffic>0.0000318841</percentNationalTraffic></trafficStat><trafficStat><date>2016-01-19</date><percentStateTraffic>0.0224014337</percentStateTraffic><percentNationalTraffic>0.0000623941</percentNationalTraffic></trafficStat><trafficStat><date>2016-01-20</date><percentStateTraffic>0.0255362615</percentStateTraffic><percentNationalTraffic>0.0000645322</percentNationalTraffic></trafficStat><trafficStat><date>2016-01-24</date><percentStateTraffic>0.0246032722</percentStateTraffic><percentNationalTraffic>0.0000674237</percentNationalTraffic></trafficStat><trafficStat><date>2016-01-25</date><percentStateTraffic>0.0133636242</percentStateTraffic><percentNationalTraffic>0.0000304508</percentNationalTraffic></trafficStat><trafficStat><date>2016-01-27</date><percentStateTraffic>0.0119932838</percentStateTraffic><percentNationalTraffic>0.0000309157</percentNationalTraffic></trafficStat><trafficStat><date>2016-01-28</date><percentStateTraffic>0.0252047889</percentStateTraffic><percentNationalTraffic>0.0000633220</percentNationalTraffic></trafficStat><trafficStat><date>2016-01-30</date><percentStateTraffic>0.0121182744</percentStateTraffic><percentNationalTraffic>0.0000340360</percentNationalTraffic></trafficStat><trafficStat><date>2016-02-16</date><percentStateTraffic>0.0265041081</percentStateTraffic><percentNationalTraffic>0.0000690565</percentNationalTraffic></trafficStat><trafficStat><date>2016-03-10</date><percentStateTraffic>0.0226705962</percentStateTraffic><percentNationalTraffic>0.0000622429</percentNationalTraffic></trafficStat><trafficStat><date>2016-03-12</date><percentStateTraffic>0.0120467414</percentStateTraffic><percentNationalTraffic>0.0000350231</percentNationalTraffic></trafficStat><trafficStat><date>2016-04-05</date><percentStateTraffic>0.0109902187</percentStateTraffic><percentNationalTraffic>0.0000278968</percentNationalTraffic></trafficStat><trafficStat><date>2016-04-09</date><percentStateTraffic>0.0112145340</percentStateTraffic><percentNationalTraffic>0.0000322967</percentNationalTraffic></trafficStat><trafficStat><date>2016-04-19</date><percentStateTraffic>0.0226193169</percentStateTraffic><percentNationalTraffic>0.0000594448</percentNationalTraffic></trafficStat><trafficStat><date>2016-04-21</date><percentStateTraffic>0.0111856823</percentStateTraffic><percentNationalTraffic>0.0000322607</percentNationalTraffic></trafficStat><trafficStat><date>2016-05-02</date><percentStateTraffic>0.0112841345</percentStateTraffic><percentNationalTraffic>0.0000302657</percentNationalTraffic></trafficStat><trafficStat><date>2016-05-10</date><percentStateTraffic>0.0192789666</percentStateTraffic><percentNationalTraffic>0.0000611131</percentNationalTraffic></trafficStat><trafficStat><date>2016-05-17</date><percentStateTraffic>0.0107158165</percentStateTraffic><percentNationalTraffic>0.0000300898</percentNationalTraffic></trafficStat><trafficStat><date>2016-05-20</date><percentStateTraffic>0.0345502706</percentStateTraffic><percentNationalTraffic>0.0001050608</percentNationalTraffic></trafficStat><trafficStat><date>2016-05-26</date><percentStateTraffic>0.0105529759</percentStateTraffic><percentNationalTraffic>0.0000357383</percentNationalTraffic></trafficStat><trafficStat><date>2016-06-27</date><percentStateTraffic>0.0125675506</percentStateTraffic><percentNationalTraffic>0.0000337156</percentNationalTraffic></trafficStat><trafficStat><date>2016-07-01</date><percentStateTraffic>0.0154368632</percentStateTraffic><percentNationalTraffic>0.0000419417</percentNationalTraffic></trafficStat><trafficStat><date>2016-07-14</date><percentStateTraffic>0.0145793847</percentStateTraffic><percentNationalTraffic>0.0000376115</percentNationalTraffic></trafficStat><trafficStat><date>2016-07-22</date><percentStateTraffic>0.0147297098</percentStateTraffic><percentNationalTraffic>0.0000390431</percentNationalTraffic></trafficStat><trafficStat><date>2016-07-23</date><percentStateTraffic>0.0329218107</percentStateTraffic><percentNationalTraffic>0.0000871044</percentNationalTraffic></trafficStat><trafficStat><date>2016-07-25</date><percentStateTraffic>0.0241808729</percentStateTraffic><percentNationalTraffic>0.0000667333</percentNationalTraffic></trafficStat><trafficStat><date>2016-07-27</date><percentStateTraffic>0.0145433392</percentStateTraffic><percentNationalTraffic>0.0000356605</percentNationalTraffic></trafficStat><trafficStat><date>2016-08-25</date><percentStateTraffic>0.0150308132</percentStateTraffic><percentNationalTraffic>0.0000360613</percentNationalTraffic></trafficStat><trafficStat><date>2016-09-06</date><percentStateTraffic>0.0138465799</percentStateTraffic><percentNationalTraffic>0.0000347717</percentNationalTraffic></trafficStat></trafficStats><listingStats/></TruliaStats></response></TruliaWebServices>
