<?xml version="1.0"?>
<TruliaWebServices><request><Parameter><index>1</index><name>library</name><value>TruliaStats</value></Parameter><Parameter><index>2</index><name>function</name><value>getZipCodeStats</value></Parameter><Parameter><index>3</index><name>zipCode</name><value>20330</value></Parameter><Parameter><index>4</index><name>startDate</name><value>2001-01-01</value></Parameter><Parameter><index>5</index><name>endDate</name><value>2016-09-28</value></Parameter><Parameter><index>6</index><name>statType</name><value>all</value></Parameter><Parameter><index>7</index><name>apikey</name><value>p94v2fd3d88ybpanhayfynqe</value></Parameter><Parameter><index>8</index><name>source</name><value>Webservice</value></Parameter></request><response><TruliaStats><location><zipCode>20330</zipCode><state>VA</state><searchResultsURL>http://www.trulia.com/VA/Washington/20330/</searchResultsURL><heatMapURL>http://www.trulia.com/home_prices/Virginia/Rappahannock_County-heat_map/</heatMapURL></location><trafficStats><trafficStat><date>2013-09-09</date><percentStateTraffic>0.0010359152</percentStateTraffic><percentNationalTraffic>0.0000239966</percentNationalTraffic></trafficStat><trafficStat><date>2013-12-18</date><percentStateTraffic>0.0028788577</percentStateTraffic><percentNationalTraffic>0.0000662485</percentNationalTraffic></trafficStat><trafficStat><date>2014-01-09</date><percentStateTraffic>0.0010783066</percentStateTraffic><percentNationalTraffic>0.0000240998</percentNationalTraffic></trafficStat><trafficStat><date>2014-01-14</date><percentStateTraffic>0.0010250523</percentStateTraffic><percentNationalTraffic>0.0000228089</percentNationalTraffic></trafficStat><trafficStat><date>2014-02-12</date><percentStateTraffic>0.0022918959</percentStateTraffic><percentNationalTraffic>0.0000498674</percentNationalTraffic></trafficStat><trafficStat><date>2014-02-20</date><percentStateTraffic>0.0009759716</percentStateTraffic><percentNationalTraffic>0.0000221511</percentNationalTraffic></trafficStat><trafficStat><date>2014-02-25</date><percentStateTraffic>0.0009003331</percentStateTraffic><percentNationalTraffic>0.0000212911</percentNationalTraffic></trafficStat><trafficStat><date>2014-03-12</date><percentStateTraffic>0.0009548271</percentStateTraffic><percentNationalTraffic>0.0000218242</percentNationalTraffic></trafficStat><trafficStat><date>2014-03-26</date><percentStateTraffic>0.0008523986</percentStateTraffic><percentNationalTraffic>0.0000193019</percentNationalTraffic></trafficStat><trafficStat><date>2014-04-02</date><percentStateTraffic>0.0009663236</percentStateTraffic><percentNationalTraffic>0.0000221591</percentNationalTraffic></trafficStat><trafficStat><date>2014-05-09</date><percentStateTraffic>0.0011198584</percentStateTraffic><percentNationalTraffic>0.0000269182</percentNationalTraffic></trafficStat><trafficStat><date>2014-05-22</date><percentStateTraffic>0.0010628687</percentStateTraffic><percentNationalTraffic>0.0000256354</percentNationalTraffic></trafficStat><trafficStat><date>2014-06-02</date><percentStateTraffic>0.0008940146</percentStateTraffic><percentNationalTraffic>0.0000224068</percentNationalTraffic></trafficStat><trafficStat><date>2014-07-16</date><percentStateTraffic>0.0011292545</percentStateTraffic><percentNationalTraffic>0.0000265964</percentNationalTraffic></trafficStat><trafficStat><date>2014-07-21</date><percentStateTraffic>0.0010226413</percentStateTraffic><percentNationalTraffic>0.0000247909</percentNationalTraffic></trafficStat><trafficStat><date>2014-08-01</date><percentStateTraffic>0.0012080650</percentStateTraffic><percentNationalTraffic>0.0000294301</percentNationalTraffic></trafficStat><trafficStat><date>2014-08-04</date><percentStateTraffic>0.0010872874</percentStateTraffic><percentNationalTraffic>0.0000257685</percentNationalTraffic></trafficStat><trafficStat><date>2014-08-06</date><percentStateTraffic>0.0011431446</percentStateTraffic><percentNationalTraffic>0.0000271522</percentNationalTraffic></trafficStat><trafficStat><date>2014-08-07</date><percentStateTraffic>0.0011895982</percentStateTraffic><percentNationalTraffic>0.0000280735</percentNationalTraffic></trafficStat><trafficStat><date>2014-08-13</date><percentStateTraffic>0.0024338302</percentStateTraffic><percentNationalTraffic>0.0000545827</percentNationalTraffic></trafficStat><trafficStat><date>2014-08-25</date><percentStateTraffic>0.0012454076</percentStateTraffic><percentNationalTraffic>0.0000285877</percentNationalTraffic></trafficStat><trafficStat><date>2014-09-10</date><percentStateTraffic>0.0013272105</percentStateTraffic><percentNationalTraffic>0.0000309888</percentNationalTraffic></trafficStat><trafficStat><date>2014-09-30</date><percentStateTraffic>0.0013529969</percentStateTraffic><percentNationalTraffic>0.0000318439</percentNationalTraffic></trafficStat><trafficStat><date>2014-10-03</date><percentStateTraffic>0.0043103448</percentStateTraffic><percentNationalTraffic>0.0001051309</percentNationalTraffic></trafficStat><trafficStat><date>2014-10-29</date><percentStateTraffic>0.0014000112</percentStateTraffic><percentNationalTraffic>0.0000346968</percentNationalTraffic></trafficStat><trafficStat><date>2014-10-31</date><percentStateTraffic>0.0018343575</percentStateTraffic><percentNationalTraffic>0.0000427996</percentNationalTraffic></trafficStat><trafficStat><date>2014-11-07</date><percentStateTraffic>0.0030844206</percentStateTraffic><percentNationalTraffic>0.0000754382</percentNationalTraffic></trafficStat><trafficStat><date>2014-11-10</date><percentStateTraffic>0.0042267213</percentStateTraffic><percentNationalTraffic>0.0001037426</percentNationalTraffic></trafficStat><trafficStat><date>2014-11-29</date><percentStateTraffic>0.0020727107</percentStateTraffic><percentNationalTraffic>0.0000463125</percentNationalTraffic></trafficStat><trafficStat><date>2014-12-01</date><percentStateTraffic>0.0033490179</percentStateTraffic><percentNationalTraffic>0.0000802546</percentNationalTraffic></trafficStat><trafficStat><date>2014-12-16</date><percentStateTraffic>0.0032317487</percentStateTraffic><percentNationalTraffic>0.0000800910</percentNationalTraffic></trafficStat><trafficStat><date>2015-01-14</date><percentStateTraffic>0.0012499531</percentStateTraffic><percentNationalTraffic>0.0000311577</percentNationalTraffic></trafficStat><trafficStat><date>2015-01-19</date><percentStateTraffic>0.0012091460</percentStateTraffic><percentNationalTraffic>0.0000296428</percentNationalTraffic></trafficStat><trafficStat><date>2015-02-07</date><percentStateTraffic>0.0013591019</percentStateTraffic><percentNationalTraffic>0.0000338477</percentNationalTraffic></trafficStat><trafficStat><date>2015-03-23</date><percentStateTraffic>0.0034993993</percentStateTraffic><percentNationalTraffic>0.0000890475</percentNationalTraffic></trafficStat><trafficStat><date>2015-04-16</date><percentStateTraffic>0.0012998492</percentStateTraffic><percentNationalTraffic>0.0000326740</percentNationalTraffic></trafficStat><trafficStat><date>2015-04-23</date><percentStateTraffic>0.0025315494</percentStateTraffic><percentNationalTraffic>0.0000627926</percentNationalTraffic></trafficStat><trafficStat><date>2015-05-15</date><percentStateTraffic>0.0015521202</percentStateTraffic><percentNationalTraffic>0.0000379132</percentNationalTraffic></trafficStat><trafficStat><date>2015-05-18</date><percentStateTraffic>0.0027275083</percentStateTraffic><percentNationalTraffic>0.0000678236</percentNationalTraffic></trafficStat><trafficStat><date>2015-06-01</date><percentStateTraffic>0.0014148874</percentStateTraffic><percentNationalTraffic>0.0000344001</percentNationalTraffic></trafficStat><trafficStat><date>2015-06-04</date><percentStateTraffic>0.0014337945</percentStateTraffic><percentNationalTraffic>0.0000376162</percentNationalTraffic></trafficStat><trafficStat><date>2015-06-15</date><percentStateTraffic>0.0058582308</percentStateTraffic><percentNationalTraffic>0.0001416558</percentNationalTraffic></trafficStat><trafficStat><date>2015-06-17</date><percentStateTraffic>0.0030405303</percentStateTraffic><percentNationalTraffic>0.0000740024</percentNationalTraffic></trafficStat><trafficStat><date>2015-10-22</date><percentStateTraffic>0.0035540392</percentStateTraffic><percentNationalTraffic>0.0000848530</percentNationalTraffic></trafficStat><trafficStat><date>2015-10-23</date><percentStateTraffic>0.0037100933</percentStateTraffic><percentNationalTraffic>0.0000898337</percentNationalTraffic></trafficStat><trafficStat><date>2015-10-26</date><percentStateTraffic>0.0015884362</percentStateTraffic><percentNationalTraffic>0.0000387974</percentNationalTraffic></trafficStat><trafficStat><date>2015-11-30</date><percentStateTraffic>0.0017455053</percentStateTraffic><percentNationalTraffic>0.0000418895</percentNationalTraffic></trafficStat><trafficStat><date>2015-12-15</date><percentStateTraffic>0.0017244947</percentStateTraffic><percentNationalTraffic>0.0000413826</percentNationalTraffic></trafficStat><trafficStat><date>2015-12-19</date><percentStateTraffic>0.0022644928</percentStateTraffic><percentNationalTraffic>0.0000537471</percentNationalTraffic></trafficStat><trafficStat><date>2015-12-28</date><percentStateTraffic>0.0013705013</percentStateTraffic><percentNationalTraffic>0.0000338660</percentNationalTraffic></trafficStat><trafficStat><date>2016-01-08</date><percentStateTraffic>0.0028977108</percentStateTraffic><percentNationalTraffic>0.0000692359</percentNationalTraffic></trafficStat><trafficStat><date>2016-01-12</date><percentStateTraffic>0.0026877385</percentStateTraffic><percentNationalTraffic>0.0000630344</percentNationalTraffic></trafficStat><trafficStat><date>2016-01-13</date><percentStateTraffic>0.0026400549</percentStateTraffic><percentNationalTraffic>0.0000637682</percentNationalTraffic></trafficStat><trafficStat><date>2016-01-22</date><percentStateTraffic>0.0032364554</percentStateTraffic><percentNationalTraffic>0.0000674824</percentNationalTraffic></trafficStat><trafficStat><date>2016-01-23</date><percentStateTraffic>0.0015420676</percentStateTraffic><percentNationalTraffic>0.0000334757</percentNationalTraffic></trafficStat><trafficStat><date>2016-02-19</date><percentStateTraffic>0.0013881948</percentStateTraffic><percentNationalTraffic>0.0000371107</percentNationalTraffic></trafficStat><trafficStat><date>2016-03-03</date><percentStateTraffic>0.0013486904</percentStateTraffic><percentNationalTraffic>0.0000317425</percentNationalTraffic></trafficStat><trafficStat><date>2016-04-04</date><percentStateTraffic>0.0011311066</percentStateTraffic><percentNationalTraffic>0.0000269955</percentNationalTraffic></trafficStat><trafficStat><date>2016-04-06</date><percentStateTraffic>0.0012242300</percentStateTraffic><percentNationalTraffic>0.0000285602</percentNationalTraffic></trafficStat><trafficStat><date>2016-05-08</date><percentStateTraffic>0.0036394737</percentStateTraffic><percentNationalTraffic>0.0000853072</percentNationalTraffic></trafficStat><trafficStat><date>2016-05-09</date><percentStateTraffic>0.0012167819</percentStateTraffic><percentNationalTraffic>0.0000300860</percentNationalTraffic></trafficStat><trafficStat><date>2016-05-10</date><percentStateTraffic>0.0012320582</percentStateTraffic><percentNationalTraffic>0.0000305566</percentNationalTraffic></trafficStat><trafficStat><date>2016-05-16</date><percentStateTraffic>0.0012470072</percentStateTraffic><percentNationalTraffic>0.0000298543</percentNationalTraffic></trafficStat><trafficStat><date>2016-05-22</date><percentStateTraffic>0.0014838336</percentStateTraffic><percentNationalTraffic>0.0000373835</percentNationalTraffic></trafficStat><trafficStat><date>2016-06-18</date><percentStateTraffic>0.0041372748</percentStateTraffic><percentNationalTraffic>0.0000938004</percentNationalTraffic></trafficStat><trafficStat><date>2016-07-21</date><percentStateTraffic>0.0015713141</percentStateTraffic><percentNationalTraffic>0.0000363360</percentNationalTraffic></trafficStat><trafficStat><date>2016-07-30</date><percentStateTraffic>0.0018613655</percentStateTraffic><percentNationalTraffic>0.0000423230</percentNationalTraffic></trafficStat><trafficStat><date>2016-07-31</date><percentStateTraffic>0.0018052497</percentStateTraffic><percentNationalTraffic>0.0000397804</percentNationalTraffic></trafficStat><trafficStat><date>2016-08-12</date><percentStateTraffic>0.0017367745</percentStateTraffic><percentNationalTraffic>0.0000400350</percentNationalTraffic></trafficStat><trafficStat><date>2016-08-15</date><percentStateTraffic>0.0030091931</percentStateTraffic><percentNationalTraffic>0.0000688744</percentNationalTraffic></trafficStat><trafficStat><date>2016-08-25</date><percentStateTraffic>0.0015904067</percentStateTraffic><percentNationalTraffic>0.0000360613</percentNationalTraffic></trafficStat></trafficStats><listingStats/></TruliaStats></response></TruliaWebServices>
