<?xml version="1.0"?>
<TruliaWebServices><request><Parameter><index>1</index><name>library</name><value>TruliaStats</value></Parameter><Parameter><index>2</index><name>function</name><value>getZipCodeStats</value></Parameter><Parameter><index>3</index><name>zipCode</name><value>20501</value></Parameter><Parameter><index>4</index><name>startDate</name><value>2001-01-01</value></Parameter><Parameter><index>5</index><name>endDate</name><value>2016-09-28</value></Parameter><Parameter><index>6</index><name>statType</name><value>all</value></Parameter><Parameter><index>7</index><name>apikey</name><value>p94v2fd3d88ybpanhayfynqe</value></Parameter><Parameter><index>8</index><name>source</name><value>Webservice</value></Parameter></request><response><TruliaStats><location><zipCode>20501</zipCode><state>DC</state><searchResultsURL>http://www.trulia.com/DC/Washington/20501/</searchResultsURL><heatMapURL>http://www.trulia.com/home_prices/District_Of_Columbia/District_of_Columbia_County-heat_map/</heatMapURL></location><trafficStats><trafficStat><date>2013-09-11</date><percentStateTraffic>0.0085999312</percentStateTraffic><percentNationalTraffic>0.0000252195</percentNationalTraffic></trafficStat><trafficStat><date>2013-10-07</date><percentStateTraffic>0.0389772373</percentStateTraffic><percentNationalTraffic>0.0001206532</percentNationalTraffic></trafficStat><trafficStat><date>2013-12-14</date><percentStateTraffic>0.0102606197</percentStateTraffic><percentNationalTraffic>0.0000334927</percentNationalTraffic></trafficStat><trafficStat><date>2013-12-21</date><percentStateTraffic>0.0256904303</percentStateTraffic><percentNationalTraffic>0.0000758113</percentNationalTraffic></trafficStat><trafficStat><date>2013-12-26</date><percentStateTraffic>0.0111000111</percentStateTraffic><percentNationalTraffic>0.0000289304</percentNationalTraffic></trafficStat><trafficStat><date>2014-01-19</date><percentStateTraffic>0.0078131104</percentStateTraffic><percentNationalTraffic>0.0000207904</percentNationalTraffic></trafficStat><trafficStat><date>2014-01-26</date><percentStateTraffic>0.0071341942</percentStateTraffic><percentNationalTraffic>0.0000201662</percentNationalTraffic></trafficStat><trafficStat><date>2014-02-10</date><percentStateTraffic>0.0152928582</percentStateTraffic><percentNationalTraffic>0.0000442431</percentNationalTraffic></trafficStat><trafficStat><date>2014-02-18</date><percentStateTraffic>0.0161472630</percentStateTraffic><percentNationalTraffic>0.0000416744</percentNationalTraffic></trafficStat><trafficStat><date>2014-02-26</date><percentStateTraffic>0.0172191132</percentStateTraffic><percentNationalTraffic>0.0000439073</percentNationalTraffic></trafficStat><trafficStat><date>2014-03-05</date><percentStateTraffic>0.0081168831</percentStateTraffic><percentNationalTraffic>0.0000216185</percentNationalTraffic></trafficStat><trafficStat><date>2014-03-09</date><percentStateTraffic>0.0153303695</percentStateTraffic><percentNationalTraffic>0.0000430247</percentNationalTraffic></trafficStat><trafficStat><date>2014-03-11</date><percentStateTraffic>0.0163385344</percentStateTraffic><percentNationalTraffic>0.0000451968</percentNationalTraffic></trafficStat><trafficStat><date>2014-03-12</date><percentStateTraffic>0.0705716302</percentStateTraffic><percentNationalTraffic>0.0001964177</percentNationalTraffic></trafficStat><trafficStat><date>2014-03-13</date><percentStateTraffic>0.0165193690</percentStateTraffic><percentNationalTraffic>0.0000448969</percentNationalTraffic></trafficStat><trafficStat><date>2014-03-18</date><percentStateTraffic>0.0075374991</percentStateTraffic><percentNationalTraffic>0.0000212575</percentNationalTraffic></trafficStat><trafficStat><date>2014-03-19</date><percentStateTraffic>0.0160603871</percentStateTraffic><percentNationalTraffic>0.0000427978</percentNationalTraffic></trafficStat><trafficStat><date>2014-03-21</date><percentStateTraffic>0.0168819110</percentStateTraffic><percentNationalTraffic>0.0000473933</percentNationalTraffic></trafficStat><trafficStat><date>2014-03-28</date><percentStateTraffic>0.0085940186</percentStateTraffic><percentNationalTraffic>0.0000239311</percentNationalTraffic></trafficStat><trafficStat><date>2014-04-01</date><percentStateTraffic>0.0085711837</percentStateTraffic><percentNationalTraffic>0.0000225642</percentNationalTraffic></trafficStat><trafficStat><date>2014-04-08</date><percentStateTraffic>0.0084402431</percentStateTraffic><percentNationalTraffic>0.0000221970</percentNationalTraffic></trafficStat><trafficStat><date>2014-04-14</date><percentStateTraffic>0.0072108451</percentStateTraffic><percentNationalTraffic>0.0000226883</percentNationalTraffic></trafficStat><trafficStat><date>2014-04-15</date><percentStateTraffic>0.0223181074</percentStateTraffic><percentNationalTraffic>0.0000675879</percentNationalTraffic></trafficStat><trafficStat><date>2014-05-05</date><percentStateTraffic>0.0068747422</percentStateTraffic><percentNationalTraffic>0.0000225971</percentNationalTraffic></trafficStat><trafficStat><date>2014-05-22</date><percentStateTraffic>0.0092106475</percentStateTraffic><percentNationalTraffic>0.0000256354</percentNationalTraffic></trafficStat><trafficStat><date>2014-06-22</date><percentStateTraffic>0.0091692646</percentStateTraffic><percentNationalTraffic>0.0000256379</percentNationalTraffic></trafficStat><trafficStat><date>2014-07-01</date><percentStateTraffic>0.0098853302</percentStateTraffic><percentNationalTraffic>0.0000284075</percentNationalTraffic></trafficStat><trafficStat><date>2014-08-01</date><percentStateTraffic>0.0107921433</percentStateTraffic><percentNationalTraffic>0.0000294301</percentNationalTraffic></trafficStat><trafficStat><date>2014-08-25</date><percentStateTraffic>0.0094912680</percentStateTraffic><percentNationalTraffic>0.0000285877</percentNationalTraffic></trafficStat><trafficStat><date>2014-09-02</date><percentStateTraffic>0.0103124678</percentStateTraffic><percentNationalTraffic>0.0000290426</percentNationalTraffic></trafficStat><trafficStat><date>2014-09-19</date><percentStateTraffic>0.0108014690</percentStateTraffic><percentNationalTraffic>0.0000343508</percentNationalTraffic></trafficStat><trafficStat><date>2014-10-01</date><percentStateTraffic>0.0195809673</percentStateTraffic><percentNationalTraffic>0.0000635540</percentNationalTraffic></trafficStat><trafficStat><date>2014-10-10</date><percentStateTraffic>0.0211349466</percentStateTraffic><percentNationalTraffic>0.0000696766</percentNationalTraffic></trafficStat><trafficStat><date>2014-10-15</date><percentStateTraffic>0.0213265089</percentStateTraffic><percentNationalTraffic>0.0000647887</percentNationalTraffic></trafficStat><trafficStat><date>2014-11-20</date><percentStateTraffic>0.0268889486</percentStateTraffic><percentNationalTraffic>0.0000819433</percentNationalTraffic></trafficStat><trafficStat><date>2014-12-06</date><percentStateTraffic>0.0257997936</percentStateTraffic><percentNationalTraffic>0.0000889805</percentNationalTraffic></trafficStat><trafficStat><date>2014-12-13</date><percentStateTraffic>0.0150262960</percentStateTraffic><percentNationalTraffic>0.0000483402</percentNationalTraffic></trafficStat><trafficStat><date>2014-12-15</date><percentStateTraffic>0.0106963312</percentStateTraffic><percentNationalTraffic>0.0000383771</percentNationalTraffic></trafficStat><trafficStat><date>2015-01-06</date><percentStateTraffic>0.0104405930</percentStateTraffic><percentNationalTraffic>0.0000317865</percentNationalTraffic></trafficStat><trafficStat><date>2015-01-19</date><percentStateTraffic>0.0114810563</percentStateTraffic><percentNationalTraffic>0.0000296428</percentNationalTraffic></trafficStat><trafficStat><date>2015-01-29</date><percentStateTraffic>0.0114116170</percentStateTraffic><percentNationalTraffic>0.0000258375</percentNationalTraffic></trafficStat><trafficStat><date>2015-01-30</date><percentStateTraffic>0.0570125428</percentStateTraffic><percentNationalTraffic>0.0001412097</percentNationalTraffic></trafficStat><trafficStat><date>2015-02-18</date><percentStateTraffic>0.0235100505</percentStateTraffic><percentNationalTraffic>0.0000627440</percentNationalTraffic></trafficStat><trafficStat><date>2015-04-14</date><percentStateTraffic>0.0101615689</percentStateTraffic><percentNationalTraffic>0.0000317325</percentNationalTraffic></trafficStat><trafficStat><date>2015-05-01</date><percentStateTraffic>0.0119674485</percentStateTraffic><percentNationalTraffic>0.0000368816</percentNationalTraffic></trafficStat><trafficStat><date>2015-07-19</date><percentStateTraffic>0.0146327188</percentStateTraffic><percentNationalTraffic>0.0000420959</percentNationalTraffic></trafficStat><trafficStat><date>2015-07-26</date><percentStateTraffic>0.0155787506</percentStateTraffic><percentNationalTraffic>0.0000394197</percentNationalTraffic></trafficStat><trafficStat><date>2015-10-02</date><percentStateTraffic>0.0159948816</percentStateTraffic><percentNationalTraffic>0.0000495330</percentNationalTraffic></trafficStat><trafficStat><date>2015-10-22</date><percentStateTraffic>0.0136276915</percentStateTraffic><percentNationalTraffic>0.0000424265</percentNationalTraffic></trafficStat><trafficStat><date>2015-10-24</date><percentStateTraffic>0.0161603103</percentStateTraffic><percentNationalTraffic>0.0000482461</percentNationalTraffic></trafficStat><trafficStat><date>2015-10-28</date><percentStateTraffic>0.0292654375</percentStateTraffic><percentNationalTraffic>0.0000810731</percentNationalTraffic></trafficStat><trafficStat><date>2015-11-02</date><percentStateTraffic>0.0108660219</percentStateTraffic><percentNationalTraffic>0.0000372171</percentNationalTraffic></trafficStat><trafficStat><date>2015-11-05</date><percentStateTraffic>0.0135007425</percentStateTraffic><percentNationalTraffic>0.0000394295</percentNationalTraffic></trafficStat><trafficStat><date>2015-11-09</date><percentStateTraffic>0.0116890707</percentStateTraffic><percentNationalTraffic>0.0000376749</percentNationalTraffic></trafficStat><trafficStat><date>2016-01-11</date><percentStateTraffic>0.0109337415</percentStateTraffic><percentNationalTraffic>0.0000316579</percentNationalTraffic></trafficStat><trafficStat><date>2016-02-14</date><percentStateTraffic>0.8517034068</percentStateTraffic><percentNationalTraffic>0.0023526693</percentNationalTraffic></trafficStat><trafficStat><date>2016-02-15</date><percentStateTraffic>0.3956739647</percentStateTraffic><percentNationalTraffic>0.0009768640</percentNationalTraffic></trafficStat><trafficStat><date>2016-02-16</date><percentStateTraffic>0.3710575139</percentStateTraffic><percentNationalTraffic>0.0009667904</percentNationalTraffic></trafficStat><trafficStat><date>2016-02-17</date><percentStateTraffic>0.1492942454</percentStateTraffic><percentNationalTraffic>0.0003809222</percentNationalTraffic></trafficStat><trafficStat><date>2016-02-18</date><percentStateTraffic>0.1398245837</percentStateTraffic><percentNationalTraffic>0.0003896763</percentNationalTraffic></trafficStat><trafficStat><date>2016-02-19</date><percentStateTraffic>0.0528471396</percentStateTraffic><percentNationalTraffic>0.0001484427</percentNationalTraffic></trafficStat><trafficStat><date>2016-02-20</date><percentStateTraffic>0.2371166614</percentStateTraffic><percentNationalTraffic>0.0006074940</percentNationalTraffic></trafficStat><trafficStat><date>2016-02-21</date><percentStateTraffic>0.1939864210</percentStateTraffic><percentNationalTraffic>0.0005227718</percentNationalTraffic></trafficStat><trafficStat><date>2016-02-22</date><percentStateTraffic>0.2165329257</percentStateTraffic><percentNationalTraffic>0.0005607474</percentNationalTraffic></trafficStat><trafficStat><date>2016-02-23</date><percentStateTraffic>0.0653765690</percentStateTraffic><percentNationalTraffic>0.0001671591</percentNationalTraffic></trafficStat><trafficStat><date>2016-02-24</date><percentStateTraffic>0.1443948543</percentStateTraffic><percentNationalTraffic>0.0003617618</percentNationalTraffic></trafficStat><trafficStat><date>2016-03-03</date><percentStateTraffic>0.0621813207</percentStateTraffic><percentNationalTraffic>0.0001587127</percentNationalTraffic></trafficStat><trafficStat><date>2016-03-04</date><percentStateTraffic>0.0468603561</percentStateTraffic><percentNationalTraffic>0.0001275387</percentNationalTraffic></trafficStat><trafficStat><date>2016-03-05</date><percentStateTraffic>0.1037822878</percentStateTraffic><percentNationalTraffic>0.0003031511</percentNationalTraffic></trafficStat><trafficStat><date>2016-03-06</date><percentStateTraffic>0.1187520242</percentStateTraffic><percentNationalTraffic>0.0003548131</percentNationalTraffic></trafficStat><trafficStat><date>2016-03-07</date><percentStateTraffic>0.0537692225</percentStateTraffic><percentNationalTraffic>0.0001436911</percentNationalTraffic></trafficStat><trafficStat><date>2016-03-08</date><percentStateTraffic>0.0456881782</percentStateTraffic><percentNationalTraffic>0.0001217201</percentNationalTraffic></trafficStat><trafficStat><date>2016-03-09</date><percentStateTraffic>0.0621426796</percentStateTraffic><percentNationalTraffic>0.0001537739</percentNationalTraffic></trafficStat><trafficStat><date>2016-03-10</date><percentStateTraffic>0.1133529812</percentStateTraffic><percentNationalTraffic>0.0003112144</percentNationalTraffic></trafficStat><trafficStat><date>2016-03-11</date><percentStateTraffic>0.0972053463</percentStateTraffic><percentNationalTraffic>0.0002649929</percentNationalTraffic></trafficStat><trafficStat><date>2016-03-12</date><percentStateTraffic>0.0361402241</percentStateTraffic><percentNationalTraffic>0.0001050692</percentNationalTraffic></trafficStat><trafficStat><date>2016-03-13</date><percentStateTraffic>0.1336600579</percentStateTraffic><percentNationalTraffic>0.0004013287</percentNationalTraffic></trafficStat><trafficStat><date>2016-03-14</date><percentStateTraffic>0.0677889504</percentStateTraffic><percentNationalTraffic>0.0001749323</percentNationalTraffic></trafficStat><trafficStat><date>2016-03-15</date><percentStateTraffic>0.0233535731</percentStateTraffic><percentNationalTraffic>0.0000618280</percentNationalTraffic></trafficStat><trafficStat><date>2016-03-16</date><percentStateTraffic>0.0716246866</percentStateTraffic><percentNationalTraffic>0.0001871350</percentNationalTraffic></trafficStat><trafficStat><date>2016-04-06</date><percentStateTraffic>0.0106530308</percentStateTraffic><percentNationalTraffic>0.0000285602</percentNationalTraffic></trafficStat><trafficStat><date>2016-06-29</date><percentStateTraffic>0.0136668033</percentStateTraffic><percentNationalTraffic>0.0000358473</percentNationalTraffic></trafficStat><trafficStat><date>2016-08-07</date><percentStateTraffic>0.0171909919</percentStateTraffic><percentNationalTraffic>0.0000423735</percentNationalTraffic></trafficStat><trafficStat><date>2016-08-22</date><percentStateTraffic>0.0141944642</percentStateTraffic><percentNationalTraffic>0.0000341269</percentNationalTraffic></trafficStat></trafficStats><listingStats><listingStat><weekEndingDate>2012-08-04</weekEndingDate><listingPrice><subcategory><type>All Properties</type><numberOfProperties>2</numberOfProperties><medianListingPrice>174000</medianListingPrice><averageListingPrice>174000</averageListingPrice></subcategory><subcategory><type>2 Bedroom Properties</type><numberOfProperties>2</numberOfProperties><medianListingPrice>174000</medianListingPrice><averageListingPrice>174000</averageListingPrice></subcategory></listingPrice></listingStat><listingStat><weekEndingDate>2012-08-11</weekEndingDate><listingPrice><subcategory><type>All Properties</type><numberOfProperties>2</numberOfProperties><medianListingPrice>174000</medianListingPrice><averageListingPrice>174000</averageListingPrice></subcategory><subcategory><type>2 Bedroom Properties</type><numberOfProperties>2</numberOfProperties><medianListingPrice>174000</medianListingPrice><averageListingPrice>174000</averageListingPrice></subcategory></listingPrice></listingStat><listingStat><weekEndingDate>2012-08-18</weekEndingDate><listingPrice><subcategory><type>All Properties</type><numberOfProperties>2</numberOfProperties><medianListingPrice>174000</medianListingPrice><averageListingPrice>174000</averageListingPrice></subcategory><subcategory><type>2 Bedroom Properties</type><numberOfProperties>2</numberOfProperties><medianListingPrice>174000</medianListingPrice><averageListingPrice>174000</averageListingPrice></subcategory></listingPrice></listingStat><listingStat><weekEndingDate>2012-08-25</weekEndingDate><listingPrice><subcategory><type>All Properties</type><numberOfProperties>2</numberOfProperties><medianListingPrice>174000</medianListingPrice><averageListingPrice>174000</averageListingPrice></subcategory><subcategory><type>2 Bedroom Properties</type><numberOfProperties>2</numberOfProperties><medianListingPrice>174000</medianListingPrice><averageListingPrice>174000</averageListingPrice></subcategory></listingPrice></listingStat><listingStat><weekEndingDate>2012-09-01</weekEndingDate><listingPrice><subcategory><type>All Properties</type><numberOfProperties>2</numberOfProperties><medianListingPrice>174000</medianListingPrice><averageListingPrice>174000</averageListingPrice></subcategory><subcategory><type>2 Bedroom Properties</type><numberOfProperties>2</numberOfProperties><medianListingPrice>174000</medianListingPrice><averageListingPrice>174000</averageListingPrice></subcategory></listingPrice></listingStat><listingStat><weekEndingDate>2012-09-08</weekEndingDate><listingPrice><subcategory><type>All Properties</type><numberOfProperties>2</numberOfProperties><medianListingPrice>171857</medianListingPrice><averageListingPrice>171857</averageListingPrice></subcategory><subcategory><type>2 Bedroom Properties</type><numberOfProperties>2</numberOfProperties><medianListingPrice>171857</medianListingPrice><averageListingPrice>171857</averageListingPrice></subcategory></listingPrice></listingStat><listingStat><weekEndingDate>2012-09-15</weekEndingDate><listingPrice><subcategory><type>All Properties</type><numberOfProperties>2</numberOfProperties><medianListingPrice>171857</medianListingPrice><averageListingPrice>171857</averageListingPrice></subcategory><subcategory><type>2 Bedroom Properties</type><numberOfProperties>2</numberOfProperties><medianListingPrice>171857</medianListingPrice><averageListingPrice>171857</averageListingPrice></subcategory></listingPrice></listingStat><listingStat><weekEndingDate>2012-09-22</weekEndingDate><listingPrice><subcategory><type>All Properties</type><numberOfProperties>2</numberOfProperties><medianListingPrice>174000</medianListingPrice><averageListingPrice>174000</averageListingPrice></subcategory><subcategory><type>2 Bedroom Properties</type><numberOfProperties>2</numberOfProperties><medianListingPrice>174000</medianListingPrice><averageListingPrice>174000</averageListingPrice></subcategory></listingPrice></listingStat><listingStat><weekEndingDate>2012-09-29</weekEndingDate><listingPrice><subcategory><type>All Properties</type><numberOfProperties>2</numberOfProperties><medianListingPrice>174000</medianListingPrice><averageListingPrice>174000</averageListingPrice></subcategory><subcategory><type>2 Bedroom Properties</type><numberOfProperties>2</numberOfProperties><medianListingPrice>174000</medianListingPrice><averageListingPrice>174000</averageListingPrice></subcategory></listingPrice></listingStat><listingStat><weekEndingDate>2012-10-06</weekEndingDate><listingPrice><subcategory><type>All Properties</type><numberOfProperties>2</numberOfProperties><medianListingPrice>174000</medianListingPrice><averageListingPrice>174000</averageListingPrice></subcategory><subcategory><type>2 Bedroom Properties</type><numberOfProperties>2</numberOfProperties><medianListingPrice>174000</medianListingPrice><averageListingPrice>174000</averageListingPrice></subcategory></listingPrice></listingStat><listingStat><weekEndingDate>2012-10-13</weekEndingDate><listingPrice><subcategory><type>All Properties</type><numberOfProperties>2</numberOfProperties><medianListingPrice>174000</medianListingPrice><averageListingPrice>174000</averageListingPrice></subcategory><subcategory><type>2 Bedroom Properties</type><numberOfProperties>2</numberOfProperties><medianListingPrice>174000</medianListingPrice><averageListingPrice>174000</averageListingPrice></subcategory></listingPrice></listingStat><listingStat><weekEndingDate>2012-10-20</weekEndingDate><listingPrice><subcategory><type>All Properties</type><numberOfProperties>2</numberOfProperties><medianListingPrice>174000</medianListingPrice><averageListingPrice>174000</averageListingPrice></subcategory><subcategory><type>2 Bedroom Properties</type><numberOfProperties>2</numberOfProperties><medianListingPrice>174000</medianListingPrice><averageListingPrice>174000</averageListingPrice></subcategory></listingPrice></listingStat><listingStat><weekEndingDate>2012-10-27</weekEndingDate><listingPrice><subcategory><type>All Properties</type><numberOfProperties>2</numberOfProperties><medianListingPrice>174000</medianListingPrice><averageListingPrice>174000</averageListingPrice></subcategory><subcategory><type>2 Bedroom Properties</type><numberOfProperties>2</numberOfProperties><medianListingPrice>174000</medianListingPrice><averageListingPrice>174000</averageListingPrice></subcategory></listingPrice></listingStat><listingStat><weekEndingDate>2012-11-03</weekEndingDate><listingPrice><subcategory><type>All Properties</type><numberOfProperties>2</numberOfProperties><medianListingPrice>174000</medianListingPrice><averageListingPrice>174000</averageListingPrice></subcategory><subcategory><type>2 Bedroom Properties</type><numberOfProperties>2</numberOfProperties><medianListingPrice>174000</medianListingPrice><averageListingPrice>174000</averageListingPrice></subcategory></listingPrice></listingStat><listingStat><weekEndingDate>2012-11-10</weekEndingDate><listingPrice><subcategory><type>All Properties</type><numberOfProperties>1</numberOfProperties><medianListingPrice>179000</medianListingPrice><averageListingPrice>179000</averageListingPrice></subcategory><subcategory><type>2 Bedroom Properties</type><numberOfProperties>1</numberOfProperties><medianListingPrice>179000</medianListingPrice><averageListingPrice>179000</averageListingPrice></subcategory></listingPrice></listingStat><listingStat><weekEndingDate>2012-11-17</weekEndingDate><listingPrice><subcategory><type>All Properties</type><numberOfProperties>1</numberOfProperties><medianListingPrice>179000</medianListingPrice><averageListingPrice>179000</averageListingPrice></subcategory><subcategory><type>2 Bedroom Properties</type><numberOfProperties>1</numberOfProperties><medianListingPrice>179000</medianListingPrice><averageListingPrice>179000</averageListingPrice></subcategory></listingPrice></listingStat><listingStat><weekEndingDate>2012-11-24</weekEndingDate><listingPrice><subcategory><type>All Properties</type><numberOfProperties>1</numberOfProperties><medianListingPrice>179000</medianListingPrice><averageListingPrice>179000</averageListingPrice></subcategory><subcategory><type>2 Bedroom Properties</type><numberOfProperties>1</numberOfProperties><medianListingPrice>179000</medianListingPrice><averageListingPrice>179000</averageListingPrice></subcategory></listingPrice></listingStat><listingStat><weekEndingDate>2012-12-01</weekEndingDate><listingPrice><subcategory><type>All Properties</type><numberOfProperties>1</numberOfProperties><medianListingPrice>179000</medianListingPrice><averageListingPrice>179000</averageListingPrice></subcategory><subcategory><type>2 Bedroom Properties</type><numberOfProperties>1</numberOfProperties><medianListingPrice>179000</medianListingPrice><averageListingPrice>179000</averageListingPrice></subcategory></listingPrice></listingStat><listingStat><weekEndingDate>2012-12-08</weekEndingDate><listingPrice><subcategory><type>All Properties</type><numberOfProperties>1</numberOfProperties><medianListingPrice>179000</medianListingPrice><averageListingPrice>179000</averageListingPrice></subcategory><subcategory><type>2 Bedroom Properties</type><numberOfProperties>1</numberOfProperties><medianListingPrice>179000</medianListingPrice><averageListingPrice>179000</averageListingPrice></subcategory></listingPrice></listingStat><listingStat><weekEndingDate>2012-12-15</weekEndingDate><listingPrice><subcategory><type>All Properties</type><numberOfProperties>1</numberOfProperties><medianListingPrice>179000</medianListingPrice><averageListingPrice>179000</averageListingPrice></subcategory><subcategory><type>2 Bedroom Properties</type><numberOfProperties>1</numberOfProperties><medianListingPrice>179000</medianListingPrice><averageListingPrice>179000</averageListingPrice></subcategory></listingPrice></listingStat><listingStat><weekEndingDate>2012-12-22</weekEndingDate><listingPrice><subcategory><type>All Properties</type><numberOfProperties>1</numberOfProperties><medianListingPrice>179000</medianListingPrice><averageListingPrice>179000</averageListingPrice></subcategory><subcategory><type>2 Bedroom Properties</type><numberOfProperties>1</numberOfProperties><medianListingPrice>179000</medianListingPrice><averageListingPrice>179000</averageListingPrice></subcategory></listingPrice></listingStat><listingStat><weekEndingDate>2012-12-29</weekEndingDate><listingPrice><subcategory><type>All Properties</type><numberOfProperties>1</numberOfProperties><medianListingPrice>179000</medianListingPrice><averageListingPrice>179000</averageListingPrice></subcategory><subcategory><type>2 Bedroom Properties</type><numberOfProperties>1</numberOfProperties><medianListingPrice>179000</medianListingPrice><averageListingPrice>179000</averageListingPrice></subcategory></listingPrice></listingStat><listingStat><weekEndingDate>2013-01-05</weekEndingDate><listingPrice><subcategory><type>All Properties</type><numberOfProperties>1</numberOfProperties><medianListingPrice>179000</medianListingPrice><averageListingPrice>179000</averageListingPrice></subcategory><subcategory><type>2 Bedroom Properties</type><numberOfProperties>1</numberOfProperties><medianListingPrice>179000</medianListingPrice><averageListingPrice>179000</averageListingPrice></subcategory></listingPrice></listingStat><listingStat><weekEndingDate>2013-01-12</weekEndingDate><listingPrice><subcategory><type>All Properties</type><numberOfProperties>1</numberOfProperties><medianListingPrice>179000</medianListingPrice><averageListingPrice>179000</averageListingPrice></subcategory><subcategory><type>2 Bedroom Properties</type><numberOfProperties>1</numberOfProperties><medianListingPrice>179000</medianListingPrice><averageListingPrice>179000</averageListingPrice></subcategory></listingPrice></listingStat><listingStat><weekEndingDate>2013-01-19</weekEndingDate><listingPrice><subcategory><type>All Properties</type><numberOfProperties>1</numberOfProperties><medianListingPrice>179000</medianListingPrice><averageListingPrice>179000</averageListingPrice></subcategory><subcategory><type>2 Bedroom Properties</type><numberOfProperties>1</numberOfProperties><medianListingPrice>179000</medianListingPrice><averageListingPrice>179000</averageListingPrice></subcategory></listingPrice></listingStat><listingStat><weekEndingDate>2013-01-26</weekEndingDate><listingPrice><subcategory><type>All Properties</type><numberOfProperties>1</numberOfProperties><medianListingPrice>179000</medianListingPrice><averageListingPrice>179000</averageListingPrice></subcategory><subcategory><type>2 Bedroom Properties</type><numberOfProperties>1</numberOfProperties><medianListingPrice>179000</medianListingPrice><averageListingPrice>179000</averageListingPrice></subcategory></listingPrice></listingStat><listingStat><weekEndingDate>2013-02-02</weekEndingDate><listingPrice><subcategory><type>All Properties</type><numberOfProperties>1</numberOfProperties><medianListingPrice>179000</medianListingPrice><averageListingPrice>179000</averageListingPrice></subcategory><subcategory><type>2 Bedroom Properties</type><numberOfProperties>1</numberOfProperties><medianListingPrice>179000</medianListingPrice><averageListingPrice>179000</averageListingPrice></subcategory></listingPrice></listingStat><listingStat><weekEndingDate>2013-02-09</weekEndingDate><listingPrice><subcategory><type>All Properties</type><numberOfProperties>1</numberOfProperties><medianListingPrice>179000</medianListingPrice><averageListingPrice>179000</averageListingPrice></subcategory><subcategory><type>2 Bedroom Properties</type><numberOfProperties>1</numberOfProperties><medianListingPrice>179000</medianListingPrice><averageListingPrice>179000</averageListingPrice></subcategory></listingPrice></listingStat><listingStat><weekEndingDate>2013-02-16</weekEndingDate><listingPrice><subcategory><type>All Properties</type><numberOfProperties>1</numberOfProperties><medianListingPrice>179000</medianListingPrice><averageListingPrice>179000</averageListingPrice></subcategory><subcategory><type>2 Bedroom Properties</type><numberOfProperties>1</numberOfProperties><medianListingPrice>179000</medianListingPrice><averageListingPrice>179000</averageListingPrice></subcategory></listingPrice></listingStat><listingStat><weekEndingDate>2013-02-23</weekEndingDate><listingPrice><subcategory><type>All Properties</type><numberOfProperties>1</numberOfProperties><medianListingPrice>179000</medianListingPrice><averageListingPrice>179000</averageListingPrice></subcategory><subcategory><type>2 Bedroom Properties</type><numberOfProperties>1</numberOfProperties><medianListingPrice>179000</medianListingPrice><averageListingPrice>179000</averageListingPrice></subcategory></listingPrice></listingStat><listingStat><weekEndingDate>2013-03-02</weekEndingDate><listingPrice><subcategory><type>All Properties</type><numberOfProperties>1</numberOfProperties><medianListingPrice>179000</medianListingPrice><averageListingPrice>179000</averageListingPrice></subcategory><subcategory><type>2 Bedroom Properties</type><numberOfProperties>1</numberOfProperties><medianListingPrice>179000</medianListingPrice><averageListingPrice>179000</averageListingPrice></subcategory></listingPrice></listingStat><listingStat><weekEndingDate>2013-03-09</weekEndingDate><listingPrice><subcategory><type>All Properties</type><numberOfProperties>1</numberOfProperties><medianListingPrice>179000</medianListingPrice><averageListingPrice>179000</averageListingPrice></subcategory><subcategory><type>2 Bedroom Properties</type><numberOfProperties>1</numberOfProperties><medianListingPrice>179000</medianListingPrice><averageListingPrice>179000</averageListingPrice></subcategory></listingPrice></listingStat><listingStat><weekEndingDate>2013-03-16</weekEndingDate><listingPrice><subcategory><type>All Properties</type><numberOfProperties>1</numberOfProperties><medianListingPrice>179000</medianListingPrice><averageListingPrice>179000</averageListingPrice></subcategory><subcategory><type>2 Bedroom Properties</type><numberOfProperties>1</numberOfProperties><medianListingPrice>179000</medianListingPrice><averageListingPrice>179000</averageListingPrice></subcategory></listingPrice></listingStat><listingStat><weekEndingDate>2013-03-23</weekEndingDate><listingPrice><subcategory><type>All Properties</type><numberOfProperties>1</numberOfProperties><medianListingPrice>179000</medianListingPrice><averageListingPrice>179000</averageListingPrice></subcategory><subcategory><type>2 Bedroom Properties</type><numberOfProperties>1</numberOfProperties><medianListingPrice>179000</medianListingPrice><averageListingPrice>179000</averageListingPrice></subcategory></listingPrice></listingStat><listingStat><weekEndingDate>2013-03-30</weekEndingDate><listingPrice><subcategory><type>All Properties</type><numberOfProperties>1</numberOfProperties><medianListingPrice>179000</medianListingPrice><averageListingPrice>179000</averageListingPrice></subcategory><subcategory><type>2 Bedroom Properties</type><numberOfProperties>1</numberOfProperties><medianListingPrice>179000</medianListingPrice><averageListingPrice>179000</averageListingPrice></subcategory></listingPrice></listingStat><listingStat><weekEndingDate>2013-04-06</weekEndingDate><listingPrice><subcategory><type>All Properties</type><numberOfProperties>1</numberOfProperties><medianListingPrice>179000</medianListingPrice><averageListingPrice>179000</averageListingPrice></subcategory><subcategory><type>2 Bedroom Properties</type><numberOfProperties>1</numberOfProperties><medianListingPrice>179000</medianListingPrice><averageListingPrice>179000</averageListingPrice></subcategory></listingPrice></listingStat><listingStat><weekEndingDate>2013-04-13</weekEndingDate><listingPrice><subcategory><type>All Properties</type><numberOfProperties>1</numberOfProperties><medianListingPrice>179000</medianListingPrice><averageListingPrice>179000</averageListingPrice></subcategory><subcategory><type>2 Bedroom Properties</type><numberOfProperties>1</numberOfProperties><medianListingPrice>179000</medianListingPrice><averageListingPrice>179000</averageListingPrice></subcategory></listingPrice></listingStat><listingStat><weekEndingDate>2013-04-20</weekEndingDate><listingPrice><subcategory><type>All Properties</type><numberOfProperties>1</numberOfProperties><medianListingPrice>179000</medianListingPrice><averageListingPrice>179000</averageListingPrice></subcategory><subcategory><type>2 Bedroom Properties</type><numberOfProperties>1</numberOfProperties><medianListingPrice>179000</medianListingPrice><averageListingPrice>179000</averageListingPrice></subcategory></listingPrice></listingStat><listingStat><weekEndingDate>2013-04-27</weekEndingDate><listingPrice><subcategory><type>All Properties</type><numberOfProperties>1</numberOfProperties><medianListingPrice>179000</medianListingPrice><averageListingPrice>179000</averageListingPrice></subcategory><subcategory><type>2 Bedroom Properties</type><numberOfProperties>1</numberOfProperties><medianListingPrice>179000</medianListingPrice><averageListingPrice>179000</averageListingPrice></subcategory></listingPrice></listingStat><listingStat><weekEndingDate>2013-05-04</weekEndingDate><listingPrice><subcategory><type>All Properties</type><numberOfProperties>1</numberOfProperties><medianListingPrice>179000</medianListingPrice><averageListingPrice>179000</averageListingPrice></subcategory><subcategory><type>2 Bedroom Properties</type><numberOfProperties>1</numberOfProperties><medianListingPrice>179000</medianListingPrice><averageListingPrice>179000</averageListingPrice></subcategory></listingPrice></listingStat><listingStat><weekEndingDate>2013-05-11</weekEndingDate><listingPrice><subcategory><type>All Properties</type><numberOfProperties>1</numberOfProperties><medianListingPrice>179000</medianListingPrice><averageListingPrice>179000</averageListingPrice></subcategory><subcategory><type>2 Bedroom Properties</type><numberOfProperties>1</numberOfProperties><medianListingPrice>179000</medianListingPrice><averageListingPrice>179000</averageListingPrice></subcategory></listingPrice></listingStat><listingStat><weekEndingDate>2013-05-18</weekEndingDate><listingPrice><subcategory><type>All Properties</type><numberOfProperties>1</numberOfProperties><medianListingPrice>179000</medianListingPrice><averageListingPrice>179000</averageListingPrice></subcategory><subcategory><type>2 Bedroom Properties</type><numberOfProperties>1</numberOfProperties><medianListingPrice>179000</medianListingPrice><averageListingPrice>179000</averageListingPrice></subcategory></listingPrice></listingStat><listingStat><weekEndingDate>2013-05-25</weekEndingDate><listingPrice><subcategory><type>All Properties</type><numberOfProperties>1</numberOfProperties><medianListingPrice>179000</medianListingPrice><averageListingPrice>179000</averageListingPrice></subcategory><subcategory><type>2 Bedroom Properties</type><numberOfProperties>1</numberOfProperties><medianListingPrice>179000</medianListingPrice><averageListingPrice>179000</averageListingPrice></subcategory></listingPrice></listingStat><listingStat><weekEndingDate>2013-06-01</weekEndingDate><listingPrice><subcategory><type>All Properties</type><numberOfProperties>1</numberOfProperties><medianListingPrice>179000</medianListingPrice><averageListingPrice>179000</averageListingPrice></subcategory><subcategory><type>2 Bedroom Properties</type><numberOfProperties>1</numberOfProperties><medianListingPrice>179000</medianListingPrice><averageListingPrice>179000</averageListingPrice></subcategory></listingPrice></listingStat><listingStat><weekEndingDate>2013-06-08</weekEndingDate><listingPrice><subcategory><type>All Properties</type><numberOfProperties>1</numberOfProperties><medianListingPrice>179000</medianListingPrice><averageListingPrice>179000</averageListingPrice></subcategory><subcategory><type>2 Bedroom Properties</type><numberOfProperties>1</numberOfProperties><medianListingPrice>179000</medianListingPrice><averageListingPrice>179000</averageListingPrice></subcategory></listingPrice></listingStat></listingStats></TruliaStats></response></TruliaWebServices>
