<?xml version="1.0"?>
<TruliaWebServices><request><Parameter><index>1</index><name>library</name><value>TruliaStats</value></Parameter><Parameter><index>2</index><name>function</name><value>getZipCodeStats</value></Parameter><Parameter><index>3</index><name>zipCode</name><value>20502</value></Parameter><Parameter><index>4</index><name>startDate</name><value>2001-01-01</value></Parameter><Parameter><index>5</index><name>endDate</name><value>2016-09-28</value></Parameter><Parameter><index>6</index><name>statType</name><value>all</value></Parameter><Parameter><index>7</index><name>apikey</name><value>p94v2fd3d88ybpanhayfynqe</value></Parameter><Parameter><index>8</index><name>source</name><value>Webservice</value></Parameter></request><response><TruliaStats><location><zipCode>20502</zipCode><state>DC</state><searchResultsURL>http://www.trulia.com/DC/Washington/20502/</searchResultsURL><heatMapURL>http://www.trulia.com/home_prices/District_Of_Columbia/District_of_Columbia_County-heat_map/</heatMapURL></location><trafficStats><trafficStat><date>2013-09-24</date><percentStateTraffic>0.0088401697</percentStateTraffic><percentNationalTraffic>0.0000252379</percentNationalTraffic></trafficStat><trafficStat><date>2014-01-01</date><percentStateTraffic>0.0097352025</percentStateTraffic><percentNationalTraffic>0.0000258998</percentNationalTraffic></trafficStat><trafficStat><date>2014-01-21</date><percentStateTraffic>0.0158240367</percentStateTraffic><percentNationalTraffic>0.0000442661</percentNationalTraffic></trafficStat><trafficStat><date>2014-01-27</date><percentStateTraffic>0.0074599030</percentStateTraffic><percentNationalTraffic>0.0000215834</percentNationalTraffic></trafficStat><trafficStat><date>2014-02-12</date><percentStateTraffic>0.1671418740</percentStateTraffic><percentNationalTraffic>0.0004238726</percentNationalTraffic></trafficStat><trafficStat><date>2014-02-13</date><percentStateTraffic>0.1723289020</percentStateTraffic><percentNationalTraffic>0.0004813865</percentNationalTraffic></trafficStat><trafficStat><date>2014-02-14</date><percentStateTraffic>0.0950570342</percentStateTraffic><percentNationalTraffic>0.0002818974</percentNationalTraffic></trafficStat><trafficStat><date>2014-02-15</date><percentStateTraffic>0.0486420754</percentStateTraffic><percentNationalTraffic>0.0001360975</percentNationalTraffic></trafficStat><trafficStat><date>2014-02-16</date><percentStateTraffic>0.0483792937</percentStateTraffic><percentNationalTraffic>0.0001393821</percentNationalTraffic></trafficStat><trafficStat><date>2014-02-17</date><percentStateTraffic>0.0500536289</percentStateTraffic><percentNationalTraffic>0.0001405866</percentNationalTraffic></trafficStat><trafficStat><date>2014-02-18</date><percentStateTraffic>0.0484417891</percentStateTraffic><percentNationalTraffic>0.0001250231</percentNationalTraffic></trafficStat><trafficStat><date>2014-02-19</date><percentStateTraffic>0.0640461132</percentStateTraffic><percentNationalTraffic>0.0001724658</percentNationalTraffic></trafficStat><trafficStat><date>2014-02-20</date><percentStateTraffic>0.0265981027</percentStateTraffic><percentNationalTraffic>0.0000664532</percentNationalTraffic></trafficStat><trafficStat><date>2014-02-21</date><percentStateTraffic>0.0242208946</percentStateTraffic><percentNationalTraffic>0.0000653744</percentNationalTraffic></trafficStat><trafficStat><date>2014-02-22</date><percentStateTraffic>0.0246163945</percentStateTraffic><percentNationalTraffic>0.0000662163</percentNationalTraffic></trafficStat><trafficStat><date>2014-02-23</date><percentStateTraffic>0.0234082397</percentStateTraffic><percentNationalTraffic>0.0000601501</percentNationalTraffic></trafficStat><trafficStat><date>2014-02-24</date><percentStateTraffic>0.0077778642</percentStateTraffic><percentNationalTraffic>0.0000200521</percentNationalTraffic></trafficStat><trafficStat><date>2014-02-25</date><percentStateTraffic>0.0082270671</percentStateTraffic><percentNationalTraffic>0.0000212911</percentNationalTraffic></trafficStat><trafficStat><date>2014-02-26</date><percentStateTraffic>0.0086095566</percentStateTraffic><percentNationalTraffic>0.0000219536</percentNationalTraffic></trafficStat><trafficStat><date>2014-02-27</date><percentStateTraffic>0.0177920114</percentStateTraffic><percentNationalTraffic>0.0000447300</percentNationalTraffic></trafficStat><trafficStat><date>2014-02-28</date><percentStateTraffic>0.0268528464</percentStateTraffic><percentNationalTraffic>0.0000715710</percentNationalTraffic></trafficStat><trafficStat><date>2014-03-01</date><percentStateTraffic>0.0162853188</percentStateTraffic><percentNationalTraffic>0.0000440852</percentNationalTraffic></trafficStat><trafficStat><date>2014-03-02</date><percentStateTraffic>0.0148378960</percentStateTraffic><percentNationalTraffic>0.0000406572</percentNationalTraffic></trafficStat><trafficStat><date>2014-03-03</date><percentStateTraffic>0.0146950771</percentStateTraffic><percentNationalTraffic>0.0000404600</percentNationalTraffic></trafficStat><trafficStat><date>2014-03-04</date><percentStateTraffic>0.0085077420</percentStateTraffic><percentNationalTraffic>0.0000213674</percentNationalTraffic></trafficStat><trafficStat><date>2014-03-05</date><percentStateTraffic>0.0081168831</percentStateTraffic><percentNationalTraffic>0.0000216185</percentNationalTraffic></trafficStat><trafficStat><date>2014-03-07</date><percentStateTraffic>0.0084659668</percentStateTraffic><percentNationalTraffic>0.0000236855</percentNationalTraffic></trafficStat><trafficStat><date>2014-03-08</date><percentStateTraffic>0.0349619788</percentStateTraffic><percentNationalTraffic>0.0000926495</percentNationalTraffic></trafficStat><trafficStat><date>2014-03-09</date><percentStateTraffic>0.0153303695</percentStateTraffic><percentNationalTraffic>0.0000430247</percentNationalTraffic></trafficStat><trafficStat><date>2014-03-10</date><percentStateTraffic>0.0143822810</percentStateTraffic><percentNationalTraffic>0.0000423503</percentNationalTraffic></trafficStat><trafficStat><date>2014-03-11</date><percentStateTraffic>0.0326770689</percentStateTraffic><percentNationalTraffic>0.0000903937</percentNationalTraffic></trafficStat><trafficStat><date>2014-03-12</date><percentStateTraffic>0.0156825845</percentStateTraffic><percentNationalTraffic>0.0000436484</percentNationalTraffic></trafficStat><trafficStat><date>2014-03-13</date><percentStateTraffic>0.0165193690</percentStateTraffic><percentNationalTraffic>0.0000448969</percentNationalTraffic></trafficStat><trafficStat><date>2014-03-15</date><percentStateTraffic>0.0096079939</percentStateTraffic><percentNationalTraffic>0.0000258229</percentNationalTraffic></trafficStat><trafficStat><date>2014-03-17</date><percentStateTraffic>0.0143740118</percentStateTraffic><percentNationalTraffic>0.0000415005</percentNationalTraffic></trafficStat><trafficStat><date>2014-03-18</date><percentStateTraffic>0.0226124972</percentStateTraffic><percentNationalTraffic>0.0000637725</percentNationalTraffic></trafficStat><trafficStat><date>2014-03-20</date><percentStateTraffic>0.0163518927</percentStateTraffic><percentNationalTraffic>0.0000449814</percentNationalTraffic></trafficStat><trafficStat><date>2014-03-21</date><percentStateTraffic>0.0168819110</percentStateTraffic><percentNationalTraffic>0.0000473933</percentNationalTraffic></trafficStat><trafficStat><date>2014-03-22</date><percentStateTraffic>0.0533665392</percentStateTraffic><percentNationalTraffic>0.0001353659</percentNationalTraffic></trafficStat><trafficStat><date>2014-03-23</date><percentStateTraffic>0.0363477755</percentStateTraffic><percentNationalTraffic>0.0000984315</percentNationalTraffic></trafficStat><trafficStat><date>2014-03-25</date><percentStateTraffic>0.0304761905</percentStateTraffic><percentNationalTraffic>0.0000791925</percentNationalTraffic></trafficStat><trafficStat><date>2014-03-27</date><percentStateTraffic>0.0660447453</percentStateTraffic><percentNationalTraffic>0.0001797765</percentNationalTraffic></trafficStat><trafficStat><date>2014-03-28</date><percentStateTraffic>0.0171880371</percentStateTraffic><percentNationalTraffic>0.0000478622</percentNationalTraffic></trafficStat><trafficStat><date>2014-03-29</date><percentStateTraffic>0.0172920629</percentStateTraffic><percentNationalTraffic>0.0000463703</percentNationalTraffic></trafficStat><trafficStat><date>2014-03-30</date><percentStateTraffic>0.0203790503</percentStateTraffic><percentNationalTraffic>0.0000627338</percentNationalTraffic></trafficStat><trafficStat><date>2014-03-31</date><percentStateTraffic>0.0253036437</percentStateTraffic><percentNationalTraffic>0.0000652063</percentNationalTraffic></trafficStat><trafficStat><date>2014-04-02</date><percentStateTraffic>0.0240480962</percentStateTraffic><percentNationalTraffic>0.0000664774</percentNationalTraffic></trafficStat><trafficStat><date>2014-04-03</date><percentStateTraffic>0.0165180046</percentStateTraffic><percentNationalTraffic>0.0000447264</percentNationalTraffic></trafficStat><trafficStat><date>2014-04-04</date><percentStateTraffic>0.0246954231</percentStateTraffic><percentNationalTraffic>0.0000693602</percentNationalTraffic></trafficStat><trafficStat><date>2014-04-05</date><percentStateTraffic>0.0472887768</percentStateTraffic><percentNationalTraffic>0.0001360061</percentNationalTraffic></trafficStat><trafficStat><date>2014-04-06</date><percentStateTraffic>0.0360048967</percentStateTraffic><percentNationalTraffic>0.0001065879</percentNationalTraffic></trafficStat><trafficStat><date>2014-04-09</date><percentStateTraffic>0.0420486082</percentStateTraffic><percentNationalTraffic>0.0001175808</percentNationalTraffic></trafficStat><trafficStat><date>2014-04-11</date><percentStateTraffic>0.0457540264</percentStateTraffic><percentNationalTraffic>0.0001288407</percentNationalTraffic></trafficStat><trafficStat><date>2014-04-12</date><percentStateTraffic>0.0104058273</percentStateTraffic><percentNationalTraffic>0.0000271616</percentNationalTraffic></trafficStat><trafficStat><date>2014-04-13</date><percentStateTraffic>0.0174428746</percentStateTraffic><percentNationalTraffic>0.0000475596</percentNationalTraffic></trafficStat><trafficStat><date>2014-04-14</date><percentStateTraffic>0.0144216902</percentStateTraffic><percentNationalTraffic>0.0000453765</percentNationalTraffic></trafficStat><trafficStat><date>2014-04-15</date><percentStateTraffic>0.0223181074</percentStateTraffic><percentNationalTraffic>0.0000675879</percentNationalTraffic></trafficStat><trafficStat><date>2014-04-16</date><percentStateTraffic>0.0591665962</percentStateTraffic><percentNationalTraffic>0.0001671784</percentNationalTraffic></trafficStat><trafficStat><date>2014-04-17</date><percentStateTraffic>0.0258799172</percentStateTraffic><percentNationalTraffic>0.0000768899</percentNationalTraffic></trafficStat><trafficStat><date>2014-04-18</date><percentStateTraffic>0.0162311313</percentStateTraffic><percentNationalTraffic>0.0000520621</percentNationalTraffic></trafficStat><trafficStat><date>2014-04-19</date><percentStateTraffic>0.0535666458</percentStateTraffic><percentNationalTraffic>0.0001607686</percentNationalTraffic></trafficStat><trafficStat><date>2014-04-20</date><percentStateTraffic>0.0086542622</percentStateTraffic><percentNationalTraffic>0.0000262210</percentNationalTraffic></trafficStat><trafficStat><date>2014-04-21</date><percentStateTraffic>0.0211954218</percentStateTraffic><percentNationalTraffic>0.0000634425</percentNationalTraffic></trafficStat><trafficStat><date>2014-04-22</date><percentStateTraffic>0.0153080750</percentStateTraffic><percentNationalTraffic>0.0000438232</percentNationalTraffic></trafficStat><trafficStat><date>2014-04-23</date><percentStateTraffic>0.0149220324</percentStateTraffic><percentNationalTraffic>0.0000444075</percentNationalTraffic></trafficStat><trafficStat><date>2014-04-24</date><percentStateTraffic>0.0173641257</percentStateTraffic><percentNationalTraffic>0.0000483683</percentNationalTraffic></trafficStat><trafficStat><date>2014-04-25</date><percentStateTraffic>0.0161969550</percentStateTraffic><percentNationalTraffic>0.0000508409</percentNationalTraffic></trafficStat><trafficStat><date>2014-04-26</date><percentStateTraffic>0.0287935502</percentStateTraffic><percentNationalTraffic>0.0000789332</percentNationalTraffic></trafficStat><trafficStat><date>2014-04-27</date><percentStateTraffic>0.0078308536</percentStateTraffic><percentNationalTraffic>0.0000235464</percentNationalTraffic></trafficStat><trafficStat><date>2014-04-28</date><percentStateTraffic>0.0069492703</percentStateTraffic><percentNationalTraffic>0.0000221894</percentNationalTraffic></trafficStat><trafficStat><date>2014-04-29</date><percentStateTraffic>0.0168990283</percentStateTraffic><percentNationalTraffic>0.0000493240</percentNationalTraffic></trafficStat><trafficStat><date>2014-04-30</date><percentStateTraffic>0.0298195915</percentStateTraffic><percentNationalTraffic>0.0000913113</percentNationalTraffic></trafficStat><trafficStat><date>2014-05-01</date><percentStateTraffic>0.0161642286</percentStateTraffic><percentNationalTraffic>0.0000467150</percentNationalTraffic></trafficStat><trafficStat><date>2014-05-03</date><percentStateTraffic>0.0176071837</percentStateTraffic><percentNationalTraffic>0.0000547991</percentNationalTraffic></trafficStat><trafficStat><date>2014-05-04</date><percentStateTraffic>0.0324701680</percentStateTraffic><percentNationalTraffic>0.0000950801</percentNationalTraffic></trafficStat><trafficStat><date>2014-05-06</date><percentStateTraffic>0.0230343980</percentStateTraffic><percentNationalTraffic>0.0000716781</percentNationalTraffic></trafficStat><trafficStat><date>2014-05-07</date><percentStateTraffic>0.0235534270</percentStateTraffic><percentNationalTraffic>0.0000729157</percentNationalTraffic></trafficStat><trafficStat><date>2014-05-08</date><percentStateTraffic>0.0273174285</percentStateTraffic><percentNationalTraffic>0.0000760755</percentNationalTraffic></trafficStat><trafficStat><date>2014-05-09</date><percentStateTraffic>0.0273972603</percentStateTraffic><percentNationalTraffic>0.0000807545</percentNationalTraffic></trafficStat><trafficStat><date>2014-05-10</date><percentStateTraffic>0.0386063121</percentStateTraffic><percentNationalTraffic>0.0001201868</percentNationalTraffic></trafficStat><trafficStat><date>2014-05-11</date><percentStateTraffic>0.0191607588</percentStateTraffic><percentNationalTraffic>0.0000588574</percentNationalTraffic></trafficStat><trafficStat><date>2014-05-12</date><percentStateTraffic>0.0560403491</percentStateTraffic><percentNationalTraffic>0.0001655031</percentNationalTraffic></trafficStat><trafficStat><date>2014-05-13</date><percentStateTraffic>0.0262352427</percentStateTraffic><percentNationalTraffic>0.0000725551</percentNationalTraffic></trafficStat><trafficStat><date>2014-05-14</date><percentStateTraffic>0.0164880462</percentStateTraffic><percentNationalTraffic>0.0000481246</percentNationalTraffic></trafficStat><trafficStat><date>2014-05-15</date><percentStateTraffic>0.0176538088</percentStateTraffic><percentNationalTraffic>0.0000493390</percentNationalTraffic></trafficStat><trafficStat><date>2014-05-16</date><percentStateTraffic>0.0081659317</percentStateTraffic><percentNationalTraffic>0.0000257390</percentNationalTraffic></trafficStat><trafficStat><date>2014-05-17</date><percentStateTraffic>0.0094616331</percentStateTraffic><percentNationalTraffic>0.0000281221</percentNationalTraffic></trafficStat><trafficStat><date>2014-05-18</date><percentStateTraffic>0.0086184607</percentStateTraffic><percentNationalTraffic>0.0000252576</percentNationalTraffic></trafficStat><trafficStat><date>2014-05-19</date><percentStateTraffic>0.0408129949</percentStateTraffic><percentNationalTraffic>0.0001169946</percentNationalTraffic></trafficStat><trafficStat><date>2014-05-20</date><percentStateTraffic>0.0259448240</percentStateTraffic><percentNationalTraffic>0.0000727326</percentNationalTraffic></trafficStat><trafficStat><date>2014-05-21</date><percentStateTraffic>0.0345333679</percentStateTraffic><percentNationalTraffic>0.0000984621</percentNationalTraffic></trafficStat><trafficStat><date>2014-05-22</date><percentStateTraffic>0.0644745326</percentStateTraffic><percentNationalTraffic>0.0001794479</percentNationalTraffic></trafficStat><trafficStat><date>2014-05-25</date><percentStateTraffic>0.0106643916</percentStateTraffic><percentNationalTraffic>0.0000277205</percentNationalTraffic></trafficStat><trafficStat><date>2014-05-26</date><percentStateTraffic>0.0103060909</percentStateTraffic><percentNationalTraffic>0.0000262650</percentNationalTraffic></trafficStat><trafficStat><date>2014-05-27</date><percentStateTraffic>0.0078308536</percentStateTraffic><percentNationalTraffic>0.0000224761</percentNationalTraffic></trafficStat><trafficStat><date>2014-05-28</date><percentStateTraffic>0.0087858021</percentStateTraffic><percentNationalTraffic>0.0000235729</percentNationalTraffic></trafficStat><trafficStat><date>2014-05-29</date><percentStateTraffic>0.0171836068</percentStateTraffic><percentNationalTraffic>0.0000480968</percentNationalTraffic></trafficStat><trafficStat><date>2014-05-30</date><percentStateTraffic>0.0495785821</percentStateTraffic><percentNationalTraffic>0.0001534218</percentNationalTraffic></trafficStat><trafficStat><date>2014-05-31</date><percentStateTraffic>0.0373447857</percentStateTraffic><percentNationalTraffic>0.0001090058</percentNationalTraffic></trafficStat><trafficStat><date>2014-06-01</date><percentStateTraffic>0.0169262018</percentStateTraffic><percentNationalTraffic>0.0000494242</percentNationalTraffic></trafficStat><trafficStat><date>2014-06-02</date><percentStateTraffic>0.0228032837</percentStateTraffic><percentNationalTraffic>0.0000672204</percentNationalTraffic></trafficStat><trafficStat><date>2014-06-03</date><percentStateTraffic>0.0081846456</percentStateTraffic><percentNationalTraffic>0.0000235623</percentNationalTraffic></trafficStat><trafficStat><date>2014-06-04</date><percentStateTraffic>0.0156140214</percentStateTraffic><percentNationalTraffic>0.0000464963</percentNationalTraffic></trafficStat><trafficStat><date>2014-06-05</date><percentStateTraffic>0.0169822535</percentStateTraffic><percentNationalTraffic>0.0000478686</percentNationalTraffic></trafficStat><trafficStat><date>2014-06-06</date><percentStateTraffic>0.0181175831</percentStateTraffic><percentNationalTraffic>0.0000527091</percentNationalTraffic></trafficStat><trafficStat><date>2014-06-07</date><percentStateTraffic>0.0197374914</percentStateTraffic><percentNationalTraffic>0.0000565912</percentNationalTraffic></trafficStat><trafficStat><date>2014-06-08</date><percentStateTraffic>0.0166361670</percentStateTraffic><percentNationalTraffic>0.0000495313</percentNationalTraffic></trafficStat><trafficStat><date>2014-06-09</date><percentStateTraffic>0.0077047538</percentStateTraffic><percentNationalTraffic>0.0000224503</percentNationalTraffic></trafficStat><trafficStat><date>2014-06-10</date><percentStateTraffic>0.0171777033</percentStateTraffic><percentNationalTraffic>0.0000472065</percentNationalTraffic></trafficStat><trafficStat><date>2014-06-11</date><percentStateTraffic>0.0323049588</percentStateTraffic><percentNationalTraffic>0.0000937789</percentNationalTraffic></trafficStat><trafficStat><date>2014-06-12</date><percentStateTraffic>0.0091107872</percentStateTraffic><percentNationalTraffic>0.0000249980</percentNationalTraffic></trafficStat><trafficStat><date>2014-06-14</date><percentStateTraffic>0.0113895216</percentStateTraffic><percentNationalTraffic>0.0000305573</percentNationalTraffic></trafficStat><trafficStat><date>2014-06-15</date><percentStateTraffic>0.0087282884</percentStateTraffic><percentNationalTraffic>0.0000288939</percentNationalTraffic></trafficStat><trafficStat><date>2014-06-16</date><percentStateTraffic>0.0252759289</percentStateTraffic><percentNationalTraffic>0.0000728937</percentNationalTraffic></trafficStat><trafficStat><date>2014-06-17</date><percentStateTraffic>0.0173716668</percentStateTraffic><percentNationalTraffic>0.0000461335</percentNationalTraffic></trafficStat><trafficStat><date>2014-06-18</date><percentStateTraffic>0.0265792505</percentStateTraffic><percentNationalTraffic>0.0000646377</percentNationalTraffic></trafficStat><trafficStat><date>2014-06-19</date><percentStateTraffic>0.0082338411</percentStateTraffic><percentNationalTraffic>0.0000224741</percentNationalTraffic></trafficStat><trafficStat><date>2014-06-20</date><percentStateTraffic>0.0267642073</percentStateTraffic><percentNationalTraffic>0.0000753272</percentNationalTraffic></trafficStat><trafficStat><date>2014-06-21</date><percentStateTraffic>0.0100030009</percentStateTraffic><percentNationalTraffic>0.0000279132</percentNationalTraffic></trafficStat><trafficStat><date>2014-06-22</date><percentStateTraffic>0.0183385292</percentStateTraffic><percentNationalTraffic>0.0000512757</percentNationalTraffic></trafficStat><trafficStat><date>2014-06-24</date><percentStateTraffic>0.0080547725</percentStateTraffic><percentNationalTraffic>0.0000238203</percentNationalTraffic></trafficStat><trafficStat><date>2014-06-25</date><percentStateTraffic>0.0089814981</percentStateTraffic><percentNationalTraffic>0.0000248944</percentNationalTraffic></trafficStat><trafficStat><date>2014-06-27</date><percentStateTraffic>0.0191442519</percentStateTraffic><percentNationalTraffic>0.0000590626</percentNationalTraffic></trafficStat><trafficStat><date>2014-06-28</date><percentStateTraffic>0.0109565027</percentStateTraffic><percentNationalTraffic>0.0000316232</percentNationalTraffic></trafficStat><trafficStat><date>2014-06-29</date><percentStateTraffic>0.0094029149</percentStateTraffic><percentNationalTraffic>0.0000288410</percentNationalTraffic></trafficStat><trafficStat><date>2014-06-30</date><percentStateTraffic>0.0246954231</percentStateTraffic><percentNationalTraffic>0.0000788662</percentNationalTraffic></trafficStat><trafficStat><date>2014-07-01</date><percentStateTraffic>0.0395413207</percentStateTraffic><percentNationalTraffic>0.0001136299</percentNationalTraffic></trafficStat><trafficStat><date>2014-07-03</date><percentStateTraffic>0.0111706881</percentStateTraffic><percentNationalTraffic>0.0000314773</percentNationalTraffic></trafficStat><trafficStat><date>2014-07-04</date><percentStateTraffic>0.0151515152</percentStateTraffic><percentNationalTraffic>0.0000373775</percentNationalTraffic></trafficStat><trafficStat><date>2014-07-05</date><percentStateTraffic>0.0134390539</percentStateTraffic><percentNationalTraffic>0.0000329128</percentNationalTraffic></trafficStat><trafficStat><date>2014-07-06</date><percentStateTraffic>0.0539956803</percentStateTraffic><percentNationalTraffic>0.0001423111</percentNationalTraffic></trafficStat><trafficStat><date>2014-07-07</date><percentStateTraffic>0.0165357586</percentStateTraffic><percentNationalTraffic>0.0000499966</percentNationalTraffic></trafficStat><trafficStat><date>2014-07-08</date><percentStateTraffic>0.0181537624</percentStateTraffic><percentNationalTraffic>0.0000526118</percentNationalTraffic></trafficStat><trafficStat><date>2014-07-09</date><percentStateTraffic>0.0176647235</percentStateTraffic><percentNationalTraffic>0.0000540403</percentNationalTraffic></trafficStat><trafficStat><date>2014-07-10</date><percentStateTraffic>0.0482160077</percentStateTraffic><percentNationalTraffic>0.0001390520</percentNationalTraffic></trafficStat><trafficStat><date>2014-07-11</date><percentStateTraffic>0.0844327177</percentStateTraffic><percentNationalTraffic>0.0002375961</percentNationalTraffic></trafficStat><trafficStat><date>2014-07-13</date><percentStateTraffic>0.0220288578</percentStateTraffic><percentNationalTraffic>0.0000634815</percentNationalTraffic></trafficStat><trafficStat><date>2014-07-14</date><percentStateTraffic>0.0250563768</percentStateTraffic><percentNationalTraffic>0.0000751402</percentNationalTraffic></trafficStat><trafficStat><date>2014-07-15</date><percentStateTraffic>0.0357015352</percentStateTraffic><percentNationalTraffic>0.0001035455</percentNationalTraffic></trafficStat><trafficStat><date>2014-07-16</date><percentStateTraffic>0.0857306154</percentStateTraffic><percentNationalTraffic>0.0002393674</percentNationalTraffic></trafficStat><trafficStat><date>2014-07-17</date><percentStateTraffic>0.0097914423</percentStateTraffic><percentNationalTraffic>0.0000278950</percentNationalTraffic></trafficStat><trafficStat><date>2014-07-18</date><percentStateTraffic>0.0282432687</percentStateTraffic><percentNationalTraffic>0.0000863455</percentNationalTraffic></trafficStat><trafficStat><date>2014-07-19</date><percentStateTraffic>0.0520724849</percentStateTraffic><percentNationalTraffic>0.0001463867</percentNationalTraffic></trafficStat><trafficStat><date>2014-07-20</date><percentStateTraffic>0.0192474257</percentStateTraffic><percentNationalTraffic>0.0000540400</percentNationalTraffic></trafficStat><trafficStat><date>2014-07-21</date><percentStateTraffic>0.0329435019</percentStateTraffic><percentNationalTraffic>0.0000991635</percentNationalTraffic></trafficStat><trafficStat><date>2014-07-22</date><percentStateTraffic>0.0457959333</percentStateTraffic><percentNationalTraffic>0.0001272477</percentNationalTraffic></trafficStat><trafficStat><date>2014-07-23</date><percentStateTraffic>0.0620402375</percentStateTraffic><percentNationalTraffic>0.0001805251</percentNationalTraffic></trafficStat><trafficStat><date>2014-07-24</date><percentStateTraffic>0.0923105326</percentStateTraffic><percentNationalTraffic>0.0002709723</percentNationalTraffic></trafficStat><trafficStat><date>2014-07-25</date><percentStateTraffic>0.0203128174</percentStateTraffic><percentNationalTraffic>0.0000566361</percentNationalTraffic></trafficStat><trafficStat><date>2014-07-26</date><percentStateTraffic>0.0553403431</percentStateTraffic><percentNationalTraffic>0.0001480949</percentNationalTraffic></trafficStat><trafficStat><date>2014-07-27</date><percentStateTraffic>0.0525762355</percentStateTraffic><percentNationalTraffic>0.0001571802</percentNationalTraffic></trafficStat><trafficStat><date>2014-07-28</date><percentStateTraffic>0.0413770275</percentStateTraffic><percentNationalTraffic>0.0001170630</percentNationalTraffic></trafficStat><trafficStat><date>2014-07-29</date><percentStateTraffic>0.0369105841</percentStateTraffic><percentNationalTraffic>0.0001027376</percentNationalTraffic></trafficStat><trafficStat><date>2014-07-31</date><percentStateTraffic>0.0284306293</percentStateTraffic><percentNationalTraffic>0.0000808370</percentNationalTraffic></trafficStat><trafficStat><date>2014-08-01</date><percentStateTraffic>0.0863371466</percentStateTraffic><percentNationalTraffic>0.0002354411</percentNationalTraffic></trafficStat><trafficStat><date>2014-08-02</date><percentStateTraffic>0.0669792364</percentStateTraffic><percentNationalTraffic>0.0001817730</percentNationalTraffic></trafficStat><trafficStat><date>2014-08-04</date><percentStateTraffic>0.0178667143</percentStateTraffic><percentNationalTraffic>0.0000515369</percentNationalTraffic></trafficStat><trafficStat><date>2014-08-07</date><percentStateTraffic>0.0214638334</percentStateTraffic><percentNationalTraffic>0.0000561470</percentNationalTraffic></trafficStat><trafficStat><date>2014-08-08</date><percentStateTraffic>0.0434074878</percentStateTraffic><percentNationalTraffic>0.0001191270</percentNationalTraffic></trafficStat><trafficStat><date>2014-08-09</date><percentStateTraffic>0.0119774823</percentStateTraffic><percentNationalTraffic>0.0000308132</percentNationalTraffic></trafficStat><trafficStat><date>2014-08-10</date><percentStateTraffic>0.0220337116</percentStateTraffic><percentNationalTraffic>0.0000561979</percentNationalTraffic></trafficStat><trafficStat><date>2014-08-11</date><percentStateTraffic>0.0286560321</percentStateTraffic><percentNationalTraffic>0.0000770876</percentNationalTraffic></trafficStat><trafficStat><date>2014-08-12</date><percentStateTraffic>0.0194231330</percentStateTraffic><percentNationalTraffic>0.0000543941</percentNationalTraffic></trafficStat><trafficStat><date>2014-08-13</date><percentStateTraffic>0.0658906216</percentStateTraffic><percentNationalTraffic>0.0001637480</percentNationalTraffic></trafficStat><trafficStat><date>2014-08-14</date><percentStateTraffic>0.0759631036</percentStateTraffic><percentNationalTraffic>0.0002033164</percentNationalTraffic></trafficStat><trafficStat><date>2014-08-15</date><percentStateTraffic>0.0582275533</percentStateTraffic><percentNationalTraffic>0.0001531919</percentNationalTraffic></trafficStat><trafficStat><date>2014-08-16</date><percentStateTraffic>0.0349731872</percentStateTraffic><percentNationalTraffic>0.0000935206</percentNationalTraffic></trafficStat><trafficStat><date>2014-08-17</date><percentStateTraffic>0.0096842921</percentStateTraffic><percentNationalTraffic>0.0000273023</percentNationalTraffic></trafficStat><trafficStat><date>2014-08-18</date><percentStateTraffic>0.0529147191</percentStateTraffic><percentNationalTraffic>0.0001582571</percentNationalTraffic></trafficStat><trafficStat><date>2014-08-19</date><percentStateTraffic>0.0385765262</percentStateTraffic><percentNationalTraffic>0.0001101443</percentNationalTraffic></trafficStat><trafficStat><date>2014-08-20</date><percentStateTraffic>0.0188625861</percentStateTraffic><percentNationalTraffic>0.0000571832</percentNationalTraffic></trafficStat><trafficStat><date>2014-08-21</date><percentStateTraffic>0.0107043460</percentStateTraffic><percentNationalTraffic>0.0000294503</percentNationalTraffic></trafficStat><trafficStat><date>2014-08-25</date><percentStateTraffic>0.0094912680</percentStateTraffic><percentNationalTraffic>0.0000285877</percentNationalTraffic></trafficStat><trafficStat><date>2014-09-23</date><percentStateTraffic>0.0110485029</percentStateTraffic><percentNationalTraffic>0.0000315424</percentNationalTraffic></trafficStat><trafficStat><date>2014-10-02</date><percentStateTraffic>0.0102606197</percentStateTraffic><percentNationalTraffic>0.0000317691</percentNationalTraffic></trafficStat><trafficStat><date>2014-10-22</date><percentStateTraffic>0.0107944732</percentStateTraffic><percentNationalTraffic>0.0000344644</percentNationalTraffic></trafficStat><trafficStat><date>2014-11-04</date><percentStateTraffic>0.0218579235</percentStateTraffic><percentNationalTraffic>0.0000710558</percentNationalTraffic></trafficStat><trafficStat><date>2014-11-27</date><percentStateTraffic>0.0217864924</percentStateTraffic><percentNationalTraffic>0.0000709129</percentNationalTraffic></trafficStat><trafficStat><date>2014-12-11</date><percentStateTraffic>0.0246305419</percentStateTraffic><percentNationalTraffic>0.0000824150</percentNationalTraffic></trafficStat><trafficStat><date>2015-02-01</date><percentStateTraffic>0.0365452552</percentStateTraffic><percentNationalTraffic>0.0001064026</percentNationalTraffic></trafficStat><trafficStat><date>2015-04-08</date><percentStateTraffic>0.0115287065</percentStateTraffic><percentNationalTraffic>0.0000333175</percentNationalTraffic></trafficStat><trafficStat><date>2015-04-09</date><percentStateTraffic>0.0104264415</percentStateTraffic><percentNationalTraffic>0.0000308213</percentNationalTraffic></trafficStat><trafficStat><date>2015-04-14</date><percentStateTraffic>0.0101615689</percentStateTraffic><percentNationalTraffic>0.0000317325</percentNationalTraffic></trafficStat><trafficStat><date>2015-04-23</date><percentStateTraffic>0.0114181320</percentStateTraffic><percentNationalTraffic>0.0000313963</percentNationalTraffic></trafficStat><trafficStat><date>2015-04-25</date><percentStateTraffic>0.0275938190</percentStateTraffic><percentNationalTraffic>0.0000732355</percentNationalTraffic></trafficStat><trafficStat><date>2015-04-26</date><percentStateTraffic>0.0352526439</percentStateTraffic><percentNationalTraffic>0.0001049246</percentNationalTraffic></trafficStat><trafficStat><date>2015-04-29</date><percentStateTraffic>0.0243013366</percentStateTraffic><percentNationalTraffic>0.0000641906</percentNationalTraffic></trafficStat><trafficStat><date>2015-05-04</date><percentStateTraffic>0.0458400183</percentStateTraffic><percentNationalTraffic>0.0001302953</percentNationalTraffic></trafficStat><trafficStat><date>2015-05-19</date><percentStateTraffic>0.0114508187</percentStateTraffic><percentNationalTraffic>0.0000335953</percentNationalTraffic></trafficStat><trafficStat><date>2015-06-05</date><percentStateTraffic>0.0143143430</percentStateTraffic><percentNationalTraffic>0.0000416462</percentNationalTraffic></trafficStat><trafficStat><date>2015-06-08</date><percentStateTraffic>0.0366748166</percentStateTraffic><percentNationalTraffic>0.0001037112</percentNationalTraffic></trafficStat><trafficStat><date>2015-06-30</date><percentStateTraffic>0.0122774708</percentStateTraffic><percentNationalTraffic>0.0000388935</percentNationalTraffic></trafficStat><trafficStat><date>2015-07-09</date><percentStateTraffic>0.0132380196</percentStateTraffic><percentNationalTraffic>0.0000364669</percentNationalTraffic></trafficStat><trafficStat><date>2015-07-11</date><percentStateTraffic>0.0166278683</percentStateTraffic><percentNationalTraffic>0.0000444743</percentNationalTraffic></trafficStat><trafficStat><date>2015-07-17</date><percentStateTraffic>0.0138850319</percentStateTraffic><percentNationalTraffic>0.0000387535</percentNationalTraffic></trafficStat><trafficStat><date>2015-07-19</date><percentStateTraffic>0.0146327188</percentStateTraffic><percentNationalTraffic>0.0000420959</percentNationalTraffic></trafficStat><trafficStat><date>2015-07-31</date><percentStateTraffic>0.0151653018</percentStateTraffic><percentNationalTraffic>0.0000397289</percentNationalTraffic></trafficStat><trafficStat><date>2015-08-12</date><percentStateTraffic>0.0136388434</percentStateTraffic><percentNationalTraffic>0.0000364550</percentNationalTraffic></trafficStat><trafficStat><date>2015-08-25</date><percentStateTraffic>0.0140134529</percentStateTraffic><percentNationalTraffic>0.0000355843</percentNationalTraffic></trafficStat><trafficStat><date>2015-08-31</date><percentStateTraffic>0.0126438235</percentStateTraffic><percentNationalTraffic>0.0000363460</percentNationalTraffic></trafficStat><trafficStat><date>2015-09-08</date><percentStateTraffic>0.0145032632</percentStateTraffic><percentNationalTraffic>0.0000374501</percentNationalTraffic></trafficStat><trafficStat><date>2015-09-15</date><percentStateTraffic>0.0139333984</percentStateTraffic><percentNationalTraffic>0.0000401479</percentNationalTraffic></trafficStat><trafficStat><date>2015-09-29</date><percentStateTraffic>0.0542005420</percentStateTraffic><percentNationalTraffic>0.0001571905</percentNationalTraffic></trafficStat><trafficStat><date>2015-10-16</date><percentStateTraffic>0.0159693389</percentStateTraffic><percentNationalTraffic>0.0000444224</percentNationalTraffic></trafficStat><trafficStat><date>2015-10-22</date><percentStateTraffic>0.0136276915</percentStateTraffic><percentNationalTraffic>0.0000424265</percentNationalTraffic></trafficStat><trafficStat><date>2015-10-24</date><percentStateTraffic>0.0323206206</percentStateTraffic><percentNationalTraffic>0.0000964922</percentNationalTraffic></trafficStat><trafficStat><date>2015-11-04</date><percentStateTraffic>0.0123213406</percentStateTraffic><percentNationalTraffic>0.0000387556</percentNationalTraffic></trafficStat><trafficStat><date>2015-11-05</date><percentStateTraffic>0.0135007425</percentStateTraffic><percentNationalTraffic>0.0000394295</percentNationalTraffic></trafficStat><trafficStat><date>2015-11-27</date><percentStateTraffic>0.0173671414</percentStateTraffic><percentNationalTraffic>0.0000529653</percentNationalTraffic></trafficStat><trafficStat><date>2015-12-05</date><percentStateTraffic>0.0170998632</percentStateTraffic><percentNationalTraffic>0.0000516056</percentNationalTraffic></trafficStat><trafficStat><date>2015-12-28</date><percentStateTraffic>0.0118835413</percentStateTraffic><percentNationalTraffic>0.0000338660</percentNationalTraffic></trafficStat><trafficStat><date>2016-01-05</date><percentStateTraffic>0.0237868696</percentStateTraffic><percentNationalTraffic>0.0000649900</percentNationalTraffic></trafficStat><trafficStat><date>2016-01-07</date><percentStateTraffic>0.0107805088</percentStateTraffic><percentNationalTraffic>0.0000328152</percentNationalTraffic></trafficStat><trafficStat><date>2016-01-13</date><percentStateTraffic>0.0223015165</percentStateTraffic><percentNationalTraffic>0.0000637682</percentNationalTraffic></trafficStat><trafficStat><date>2016-01-24</date><percentStateTraffic>0.0123016361</percentStateTraffic><percentNationalTraffic>0.0000337118</percentNationalTraffic></trafficStat><trafficStat><date>2016-01-29</date><percentStateTraffic>0.0126310471</percentStateTraffic><percentNationalTraffic>0.0000331391</percentNationalTraffic></trafficStat><trafficStat><date>2016-02-03</date><percentStateTraffic>0.0130907187</percentStateTraffic><percentNationalTraffic>0.0000307082</percentNationalTraffic></trafficStat><trafficStat><date>2016-02-19</date><percentStateTraffic>0.0132117849</percentStateTraffic><percentNationalTraffic>0.0000371107</percentNationalTraffic></trafficStat><trafficStat><date>2016-02-20</date><percentStateTraffic>0.0158077774</percentStateTraffic><percentNationalTraffic>0.0000404996</percentNationalTraffic></trafficStat><trafficStat><date>2016-02-21</date><percentStateTraffic>0.0138561729</percentStateTraffic><percentNationalTraffic>0.0000373408</percentNationalTraffic></trafficStat><trafficStat><date>2016-03-07</date><percentStateTraffic>0.0215076890</percentStateTraffic><percentNationalTraffic>0.0000574764</percentNationalTraffic></trafficStat><trafficStat><date>2016-03-11</date><percentStateTraffic>0.0121506683</percentStateTraffic><percentNationalTraffic>0.0000331241</percentNationalTraffic></trafficStat><trafficStat><date>2016-03-14</date><percentStateTraffic>0.0112981584</percentStateTraffic><percentNationalTraffic>0.0000291554</percentNationalTraffic></trafficStat><trafficStat><date>2016-04-15</date><percentStateTraffic>0.0120758363</percentStateTraffic><percentNationalTraffic>0.0000330852</percentNationalTraffic></trafficStat><trafficStat><date>2016-04-18</date><percentStateTraffic>0.0103284445</percentStateTraffic><percentNationalTraffic>0.0000296539</percentNationalTraffic></trafficStat><trafficStat><date>2016-04-24</date><percentStateTraffic>0.0128205128</percentStateTraffic><percentNationalTraffic>0.0000360839</percentNationalTraffic></trafficStat><trafficStat><date>2016-04-25</date><percentStateTraffic>0.0108813928</percentStateTraffic><percentNationalTraffic>0.0000297247</percentNationalTraffic></trafficStat><trafficStat><date>2016-04-26</date><percentStateTraffic>0.0233236152</percentStateTraffic><percentNationalTraffic>0.0000594990</percentNationalTraffic></trafficStat><trafficStat><date>2016-04-27</date><percentStateTraffic>0.0121862052</percentStateTraffic><percentNationalTraffic>0.0000308822</percentNationalTraffic></trafficStat><trafficStat><date>2016-05-02</date><percentStateTraffic>0.0225682690</percentStateTraffic><percentNationalTraffic>0.0000605314</percentNationalTraffic></trafficStat><trafficStat><date>2016-05-04</date><percentStateTraffic>0.0371931565</percentStateTraffic><percentNationalTraffic>0.0000947394</percentNationalTraffic></trafficStat><trafficStat><date>2016-05-05</date><percentStateTraffic>0.0256805342</percentStateTraffic><percentNationalTraffic>0.0000673440</percentNationalTraffic></trafficStat><trafficStat><date>2016-05-08</date><percentStateTraffic>0.0283205891</percentStateTraffic><percentNationalTraffic>0.0000853072</percentNationalTraffic></trafficStat><trafficStat><date>2016-05-17</date><percentStateTraffic>0.0107158165</percentStateTraffic><percentNationalTraffic>0.0000300898</percentNationalTraffic></trafficStat><trafficStat><date>2016-05-20</date><percentStateTraffic>0.0115167569</percentStateTraffic><percentNationalTraffic>0.0000350203</percentNationalTraffic></trafficStat><trafficStat><date>2016-05-24</date><percentStateTraffic>0.0098164327</percentStateTraffic><percentNationalTraffic>0.0000319767</percentNationalTraffic></trafficStat><trafficStat><date>2016-05-25</date><percentStateTraffic>0.0094020308</percentStateTraffic><percentNationalTraffic>0.0000343471</percentNationalTraffic></trafficStat><trafficStat><date>2016-06-03</date><percentStateTraffic>0.0119217930</percentStateTraffic><percentNationalTraffic>0.0000368698</percentNationalTraffic></trafficStat><trafficStat><date>2016-06-05</date><percentStateTraffic>0.0139567341</percentStateTraffic><percentNationalTraffic>0.0000373184</percentNationalTraffic></trafficStat><trafficStat><date>2016-06-22</date><percentStateTraffic>0.0126935771</percentStateTraffic><percentNationalTraffic>0.0000340137</percentNationalTraffic></trafficStat><trafficStat><date>2016-06-23</date><percentStateTraffic>0.0130429112</percentStateTraffic><percentNationalTraffic>0.0000347697</percentNationalTraffic></trafficStat><trafficStat><date>2016-08-07</date><percentStateTraffic>0.0171909919</percentStateTraffic><percentNationalTraffic>0.0000423735</percentNationalTraffic></trafficStat><trafficStat><date>2016-08-26</date><percentStateTraffic>0.0152905199</percentStateTraffic><percentNationalTraffic>0.0000384412</percentNationalTraffic></trafficStat><trafficStat><date>2016-08-30</date><percentStateTraffic>0.0140232786</percentStateTraffic><percentNationalTraffic>0.0000346238</percentNationalTraffic></trafficStat><trafficStat><date>2016-08-31</date><percentStateTraffic>0.0296779938</percentStateTraffic><percentNationalTraffic>0.0000717906</percentNationalTraffic></trafficStat></trafficStats><listingStats/></TruliaStats></response></TruliaWebServices>
